ISO-10303-21;
HEADER;
/* Generated by software containing ST-Developer
 * from STEP Tools, Inc. (www.steptools.com) 
 */

FILE_DESCRIPTION(
/* description */ (''),
/* implementation_level */ '2;1');

FILE_NAME(
/* name */ 'NU80-base.step',
/* time_stamp */ '2026-10-02T00:21:10+10:00',
/* author */ (''),
/* organization */ (''),
/* preprocessor_version */ 'ST-DEVELOPER v20.2',
/* originating_system */ 'Autodesk Translation Framework v15.15.0.0',
/* authorisation */ '');

FILE_SCHEMA (('AUTOMOTIVE_DESIGN { 1 0 10303 214 3 1 1 }'));
ENDSEC;

DATA;
#10=MECHANICAL_DESIGN_GEOMETRIC_PRESENTATION_REPRESENTATION('',(#13),#6788);
#11=SHAPE_REPRESENTATION_RELATIONSHIP('SRR','None',#6795,#12);
#12=ADVANCED_BREP_SHAPE_REPRESENTATION('',(#14),#6787);
#13=STYLED_ITEM('',(#6804),#14);
#14=MANIFOLD_SOLID_BREP('odrive-mini (1)',#3760);
#15=FACE_BOUND('',#450,.T.);
#16=FACE_BOUND('',#451,.T.);
#17=FACE_BOUND('',#452,.T.);
#18=FACE_BOUND('',#453,.T.);
#19=FACE_BOUND('',#454,.T.);
#20=FACE_BOUND('',#455,.T.);
#21=FACE_BOUND('',#456,.T.);
#22=FACE_BOUND('',#457,.T.);
#23=FACE_BOUND('',#458,.T.);
#24=FACE_BOUND('',#459,.T.);
#25=FACE_BOUND('',#460,.T.);
#26=FACE_BOUND('',#608,.T.);
#27=FACE_BOUND('',#616,.T.);
#28=FACE_BOUND('',#624,.T.);
#29=FACE_BOUND('',#632,.T.);
#30=FACE_BOUND('',#634,.T.);
#31=FACE_BOUND('',#635,.T.);
#32=FACE_BOUND('',#636,.T.);
#33=FACE_BOUND('',#637,.T.);
#34=FACE_BOUND('',#638,.T.);
#35=FACE_BOUND('',#661,.T.);
#36=FACE_BOUND('',#662,.T.);
#37=FACE_BOUND('',#663,.T.);
#38=FACE_BOUND('',#664,.T.);
#39=FACE_BOUND('',#665,.T.);
#40=FACE_BOUND('',#666,.T.);
#41=FACE_BOUND('',#667,.T.);
#42=FACE_BOUND('',#668,.T.);
#43=FACE_BOUND('',#669,.T.);
#44=FACE_BOUND('',#670,.T.);
#45=FACE_BOUND('',#671,.T.);
#46=FACE_BOUND('',#672,.T.);
#47=FACE_BOUND('',#673,.T.);
#48=FACE_BOUND('',#678,.T.);
#49=FACE_BOUND('',#680,.T.);
#50=FACE_BOUND('',#682,.T.);
#51=FACE_BOUND('',#684,.T.);
#52=TOROIDAL_SURFACE('',#3782,15.,0.5);
#53=TOROIDAL_SURFACE('',#3787,4.5,0.5);
#54=TOROIDAL_SURFACE('',#3793,2.5,0.5);
#55=TOROIDAL_SURFACE('',#3797,27.15,0.5);
#56=TOROIDAL_SURFACE('',#3801,2.5,0.5);
#57=TOROIDAL_SURFACE('',#3807,4.5,0.5);
#58=TOROIDAL_SURFACE('',#3854,15.,0.5);
#59=TOROIDAL_SURFACE('',#3858,4.5,0.5);
#60=TOROIDAL_SURFACE('',#3863,2.5,0.5);
#61=TOROIDAL_SURFACE('',#3866,27.15,0.5);
#62=TOROIDAL_SURFACE('',#3869,2.5,0.5);
#63=TOROIDAL_SURFACE('',#3874,4.5,0.5);
#64=TOROIDAL_SURFACE('',#3886,4.5,0.5);
#65=TOROIDAL_SURFACE('',#3889,15.,0.5);
#66=TOROIDAL_SURFACE('',#3892,4.5,0.5);
#67=TOROIDAL_SURFACE('',#3897,2.5,0.5);
#68=TOROIDAL_SURFACE('',#3900,27.15,0.5);
#69=TOROIDAL_SURFACE('',#3903,2.5,0.5);
#70=TOROIDAL_SURFACE('',#3912,15.,0.5);
#71=TOROIDAL_SURFACE('',#3916,4.5,0.5);
#72=TOROIDAL_SURFACE('',#3921,2.5,0.5);
#73=TOROIDAL_SURFACE('',#3924,27.15,0.5);
#74=TOROIDAL_SURFACE('',#3927,2.5,0.5);
#75=TOROIDAL_SURFACE('',#3932,4.5,0.5);
#76=TOROIDAL_SURFACE('',#3941,15.,0.5);
#77=TOROIDAL_SURFACE('',#3945,4.5,0.5);
#78=TOROIDAL_SURFACE('',#3950,2.5,0.5);
#79=TOROIDAL_SURFACE('',#3953,27.15,0.5);
#80=TOROIDAL_SURFACE('',#3956,2.5,0.5);
#81=TOROIDAL_SURFACE('',#3961,4.5,0.5);
#82=TOROIDAL_SURFACE('',#3970,15.,0.5);
#83=TOROIDAL_SURFACE('',#3974,4.5,0.5);
#84=TOROIDAL_SURFACE('',#3979,2.5,0.5);
#85=TOROIDAL_SURFACE('',#3982,27.15,0.5);
#86=TOROIDAL_SURFACE('',#3985,2.5,0.5);
#87=TOROIDAL_SURFACE('',#3990,4.5,0.5);
#88=TOROIDAL_SURFACE('',#3999,3.5,0.5);
#89=TOROIDAL_SURFACE('',#4005,1.5,0.5);
#90=TOROIDAL_SURFACE('',#4008,26.15,0.5);
#91=TOROIDAL_SURFACE('',#4012,1.5,0.5);
#92=TOROIDAL_SURFACE('',#4018,3.5,0.5);
#93=TOROIDAL_SURFACE('',#4022,16.,0.5);
#94=TOROIDAL_SURFACE('',#4027,1.5,0.5);
#95=TOROIDAL_SURFACE('',#4034,3.5,0.5);
#96=TOROIDAL_SURFACE('',#4038,16.,0.5);
#97=TOROIDAL_SURFACE('',#4041,3.5,0.5);
#98=TOROIDAL_SURFACE('',#4046,1.5,0.5);
#99=TOROIDAL_SURFACE('',#4049,26.15,0.5);
#100=TOROIDAL_SURFACE('',#4055,16.,0.5);
#101=TOROIDAL_SURFACE('',#4059,3.5,0.5);
#102=TOROIDAL_SURFACE('',#4065,1.5,0.5);
#103=TOROIDAL_SURFACE('',#4069,26.15,0.5);
#104=TOROIDAL_SURFACE('',#4073,1.5,0.5);
#105=TOROIDAL_SURFACE('',#4078,3.5,0.5);
#106=TOROIDAL_SURFACE('',#4084,3.5,0.5);
#107=TOROIDAL_SURFACE('',#4090,1.5,0.5);
#108=TOROIDAL_SURFACE('',#4094,26.15,0.5);
#109=TOROIDAL_SURFACE('',#4098,1.5,0.5);
#110=TOROIDAL_SURFACE('',#4104,3.5,0.5);
#111=TOROIDAL_SURFACE('',#4107,16.,0.5);
#112=TOROIDAL_SURFACE('',#4110,1.5,0.5);
#113=TOROIDAL_SURFACE('',#4114,26.15,0.5);
#114=TOROIDAL_SURFACE('',#4118,1.5,0.5);
#115=TOROIDAL_SURFACE('',#4124,3.5,0.5);
#116=TOROIDAL_SURFACE('',#4128,16.,0.5);
#117=TOROIDAL_SURFACE('',#4131,3.5,0.5);
#118=TOROIDAL_SURFACE('',#4136,1.5,0.5);
#119=TOROIDAL_SURFACE('',#4140,26.15,0.5);
#120=TOROIDAL_SURFACE('',#4144,1.5,0.5);
#121=TOROIDAL_SURFACE('',#4150,3.5,0.5);
#122=TOROIDAL_SURFACE('',#4154,16.,0.5);
#123=TOROIDAL_SURFACE('',#4157,3.5,0.5);
#124=B_SPLINE_CURVE_WITH_KNOTS('',3,(#5648,#5649,#5650,#5651,#5652,#5653),
 .UNSPECIFIED.,.F.,.F.,(4,2,4),(1.64708812812906,1.71767552131156,1.71913106345126),
 .UNSPECIFIED.);
#125=B_SPLINE_CURVE_WITH_KNOTS('',3,(#6588,#6589,#6590,#6591,#6592,#6593),
 .UNSPECIFIED.,.F.,.F.,(4,2,4),(0.112781461160059,0.114237003299762,0.184824396482262),
 .UNSPECIFIED.);
#126=B_SPLINE_CURVE_WITH_KNOTS('',3,(#6620,#6621,#6622,#6623,#6624,#6625,
#6626,#6627,#6628,#6629,#6630,#6631),.UNSPECIFIED.,.F.,.F.,(4,2,2,2,2,4),
(0.,0.0190842584583477,0.0381685169166954,0.0763370338333907,0.136285137424424,
0.196233241015458),.UNSPECIFIED.);
#127=B_SPLINE_CURVE_WITH_KNOTS('',3,(#6635,#6636,#6637,#6638,#6639,#6640,
#6641,#6642,#6643,#6644,#6645,#6646),.UNSPECIFIED.,.F.,.F.,(4,2,2,2,2,4),
(0.460417157301351,0.542421123898754,0.624425090496157,0.660424657008418,
0.678424440264549,0.69642422352068),.UNSPECIFIED.);
#128=B_SPLINE_CURVE_WITH_KNOTS('',3,(#6650,#6651,#6652,#6653,#6654,#6655,
#6656,#6657,#6658,#6659,#6660,#6661),.UNSPECIFIED.,.F.,.F.,(4,2,2,2,2,4),
(0.696424223520679,0.71442400677681,0.732423790032941,0.768423356545202,
0.850427323142605,0.932431289740008),.UNSPECIFIED.);
#129=B_SPLINE_CURVE_WITH_KNOTS('',3,(#6665,#6666,#6667,#6668,#6669,#6670,
#6671,#6672,#6673,#6674,#6675,#6676),.UNSPECIFIED.,.F.,.F.,(4,2,2,2,2,4),
(-0.196233241015458,-0.136285137424424,-0.0763370338333907,-0.0381685169166953,
-0.0190842584583476,0.),.UNSPECIFIED.);
#130=ELLIPSE('',#3778,1.4142135623731,1.);
#131=ELLIPSE('',#3779,1.4142135623731,1.);
#132=ELLIPSE('',#4253,1.4142135623731,1.);
#133=ELLIPSE('',#4254,1.4142135623731,1.);
#134=ELLIPSE('',#4267,1.4142135623731,1.);
#135=ELLIPSE('',#4269,1.41421356237309,1.);
#136=ELLIPSE('',#4271,1.4142135623731,1.);
#137=ELLIPSE('',#4282,1.41421356237309,1.);
#138=ELLIPSE('',#4293,1.4142135623731,1.);
#139=ELLIPSE('',#4298,1.41421356237309,1.);
#140=ELLIPSE('',#4301,1.4142135623731,1.);
#141=ELLIPSE('',#4304,1.4142135623731,1.);
#142=PLANE('',#3777);
#143=PLANE('',#3812);
#144=PLANE('',#3817);
#145=PLANE('',#3878);
#146=PLANE('',#3911);
#147=PLANE('',#3936);
#148=PLANE('',#3965);
#149=PLANE('',#3994);
#150=PLANE('',#4024);
#151=PLANE('',#4026);
#152=PLANE('',#4054);
#153=PLANE('',#4081);
#154=PLANE('',#4083);
#155=PLANE('',#4109);
#156=PLANE('',#4135);
#157=PLANE('',#4161);
#158=PLANE('',#4163);
#159=PLANE('',#4164);
#160=PLANE('',#4172);
#161=PLANE('',#4182);
#162=PLANE('',#4185);
#163=PLANE('',#4186);
#164=PLANE('',#4187);
#165=PLANE('',#4188);
#166=PLANE('',#4189);
#167=PLANE('',#4190);
#168=PLANE('',#4191);
#169=PLANE('',#4195);
#170=PLANE('',#4196);
#171=PLANE('',#4197);
#172=PLANE('',#4198);
#173=PLANE('',#4199);
#174=PLANE('',#4200);
#175=PLANE('',#4201);
#176=PLANE('',#4204);
#177=PLANE('',#4205);
#178=PLANE('',#4206);
#179=PLANE('',#4207);
#180=PLANE('',#4208);
#181=PLANE('',#4209);
#182=PLANE('',#4210);
#183=PLANE('',#4213);
#184=PLANE('',#4214);
#185=PLANE('',#4215);
#186=PLANE('',#4216);
#187=PLANE('',#4217);
#188=PLANE('',#4218);
#189=PLANE('',#4219);
#190=PLANE('',#4222);
#191=PLANE('',#4252);
#192=PLANE('',#4272);
#193=PLANE('',#4273);
#194=PLANE('',#4274);
#195=PLANE('',#4283);
#196=PLANE('',#4284);
#197=PLANE('',#4286);
#198=PLANE('',#4288);
#199=PLANE('',#4290);
#200=PLANE('',#4295);
#201=PLANE('',#4296);
#202=PLANE('',#4306);
#203=PLANE('',#4307);
#204=FACE_OUTER_BOUND('',#434,.T.);
#205=FACE_OUTER_BOUND('',#435,.T.);
#206=FACE_OUTER_BOUND('',#436,.T.);
#207=FACE_OUTER_BOUND('',#437,.T.);
#208=FACE_OUTER_BOUND('',#438,.T.);
#209=FACE_OUTER_BOUND('',#439,.T.);
#210=FACE_OUTER_BOUND('',#440,.T.);
#211=FACE_OUTER_BOUND('',#441,.T.);
#212=FACE_OUTER_BOUND('',#442,.T.);
#213=FACE_OUTER_BOUND('',#443,.T.);
#214=FACE_OUTER_BOUND('',#444,.T.);
#215=FACE_OUTER_BOUND('',#445,.T.);
#216=FACE_OUTER_BOUND('',#446,.T.);
#217=FACE_OUTER_BOUND('',#447,.T.);
#218=FACE_OUTER_BOUND('',#448,.T.);
#219=FACE_OUTER_BOUND('',#449,.T.);
#220=FACE_OUTER_BOUND('',#461,.T.);
#221=FACE_OUTER_BOUND('',#462,.T.);
#222=FACE_OUTER_BOUND('',#463,.T.);
#223=FACE_OUTER_BOUND('',#464,.T.);
#224=FACE_OUTER_BOUND('',#465,.T.);
#225=FACE_OUTER_BOUND('',#466,.T.);
#226=FACE_OUTER_BOUND('',#467,.T.);
#227=FACE_OUTER_BOUND('',#468,.T.);
#228=FACE_OUTER_BOUND('',#469,.T.);
#229=FACE_OUTER_BOUND('',#470,.T.);
#230=FACE_OUTER_BOUND('',#471,.T.);
#231=FACE_OUTER_BOUND('',#472,.T.);
#232=FACE_OUTER_BOUND('',#473,.T.);
#233=FACE_OUTER_BOUND('',#474,.T.);
#234=FACE_OUTER_BOUND('',#475,.T.);
#235=FACE_OUTER_BOUND('',#476,.T.);
#236=FACE_OUTER_BOUND('',#477,.T.);
#237=FACE_OUTER_BOUND('',#478,.T.);
#238=FACE_OUTER_BOUND('',#479,.T.);
#239=FACE_OUTER_BOUND('',#480,.T.);
#240=FACE_OUTER_BOUND('',#481,.T.);
#241=FACE_OUTER_BOUND('',#482,.T.);
#242=FACE_OUTER_BOUND('',#483,.T.);
#243=FACE_OUTER_BOUND('',#484,.T.);
#244=FACE_OUTER_BOUND('',#485,.T.);
#245=FACE_OUTER_BOUND('',#486,.T.);
#246=FACE_OUTER_BOUND('',#487,.T.);
#247=FACE_OUTER_BOUND('',#488,.T.);
#248=FACE_OUTER_BOUND('',#489,.T.);
#249=FACE_OUTER_BOUND('',#490,.T.);
#250=FACE_OUTER_BOUND('',#491,.T.);
#251=FACE_OUTER_BOUND('',#492,.T.);
#252=FACE_OUTER_BOUND('',#493,.T.);
#253=FACE_OUTER_BOUND('',#494,.T.);
#254=FACE_OUTER_BOUND('',#495,.T.);
#255=FACE_OUTER_BOUND('',#496,.T.);
#256=FACE_OUTER_BOUND('',#497,.T.);
#257=FACE_OUTER_BOUND('',#498,.T.);
#258=FACE_OUTER_BOUND('',#499,.T.);
#259=FACE_OUTER_BOUND('',#500,.T.);
#260=FACE_OUTER_BOUND('',#501,.T.);
#261=FACE_OUTER_BOUND('',#502,.T.);
#262=FACE_OUTER_BOUND('',#503,.T.);
#263=FACE_OUTER_BOUND('',#504,.T.);
#264=FACE_OUTER_BOUND('',#505,.T.);
#265=FACE_OUTER_BOUND('',#506,.T.);
#266=FACE_OUTER_BOUND('',#507,.T.);
#267=FACE_OUTER_BOUND('',#508,.T.);
#268=FACE_OUTER_BOUND('',#509,.T.);
#269=FACE_OUTER_BOUND('',#510,.T.);
#270=FACE_OUTER_BOUND('',#511,.T.);
#271=FACE_OUTER_BOUND('',#512,.T.);
#272=FACE_OUTER_BOUND('',#513,.T.);
#273=FACE_OUTER_BOUND('',#514,.T.);
#274=FACE_OUTER_BOUND('',#515,.T.);
#275=FACE_OUTER_BOUND('',#516,.T.);
#276=FACE_OUTER_BOUND('',#517,.T.);
#277=FACE_OUTER_BOUND('',#518,.T.);
#278=FACE_OUTER_BOUND('',#519,.T.);
#279=FACE_OUTER_BOUND('',#520,.T.);
#280=FACE_OUTER_BOUND('',#521,.T.);
#281=FACE_OUTER_BOUND('',#522,.T.);
#282=FACE_OUTER_BOUND('',#523,.T.);
#283=FACE_OUTER_BOUND('',#524,.T.);
#284=FACE_OUTER_BOUND('',#525,.T.);
#285=FACE_OUTER_BOUND('',#526,.T.);
#286=FACE_OUTER_BOUND('',#527,.T.);
#287=FACE_OUTER_BOUND('',#528,.T.);
#288=FACE_OUTER_BOUND('',#529,.T.);
#289=FACE_OUTER_BOUND('',#530,.T.);
#290=FACE_OUTER_BOUND('',#531,.T.);
#291=FACE_OUTER_BOUND('',#532,.T.);
#292=FACE_OUTER_BOUND('',#533,.T.);
#293=FACE_OUTER_BOUND('',#534,.T.);
#294=FACE_OUTER_BOUND('',#535,.T.);
#295=FACE_OUTER_BOUND('',#536,.T.);
#296=FACE_OUTER_BOUND('',#537,.T.);
#297=FACE_OUTER_BOUND('',#538,.T.);
#298=FACE_OUTER_BOUND('',#539,.T.);
#299=FACE_OUTER_BOUND('',#540,.T.);
#300=FACE_OUTER_BOUND('',#541,.T.);
#301=FACE_OUTER_BOUND('',#542,.T.);
#302=FACE_OUTER_BOUND('',#543,.T.);
#303=FACE_OUTER_BOUND('',#544,.T.);
#304=FACE_OUTER_BOUND('',#545,.T.);
#305=FACE_OUTER_BOUND('',#546,.T.);
#306=FACE_OUTER_BOUND('',#547,.T.);
#307=FACE_OUTER_BOUND('',#548,.T.);
#308=FACE_OUTER_BOUND('',#549,.T.);
#309=FACE_OUTER_BOUND('',#550,.T.);
#310=FACE_OUTER_BOUND('',#551,.T.);
#311=FACE_OUTER_BOUND('',#552,.T.);
#312=FACE_OUTER_BOUND('',#553,.T.);
#313=FACE_OUTER_BOUND('',#554,.T.);
#314=FACE_OUTER_BOUND('',#555,.T.);
#315=FACE_OUTER_BOUND('',#556,.T.);
#316=FACE_OUTER_BOUND('',#557,.T.);
#317=FACE_OUTER_BOUND('',#558,.T.);
#318=FACE_OUTER_BOUND('',#559,.T.);
#319=FACE_OUTER_BOUND('',#560,.T.);
#320=FACE_OUTER_BOUND('',#561,.T.);
#321=FACE_OUTER_BOUND('',#562,.T.);
#322=FACE_OUTER_BOUND('',#563,.T.);
#323=FACE_OUTER_BOUND('',#564,.T.);
#324=FACE_OUTER_BOUND('',#565,.T.);
#325=FACE_OUTER_BOUND('',#566,.T.);
#326=FACE_OUTER_BOUND('',#567,.T.);
#327=FACE_OUTER_BOUND('',#568,.T.);
#328=FACE_OUTER_BOUND('',#569,.T.);
#329=FACE_OUTER_BOUND('',#570,.T.);
#330=FACE_OUTER_BOUND('',#571,.T.);
#331=FACE_OUTER_BOUND('',#572,.T.);
#332=FACE_OUTER_BOUND('',#573,.T.);
#333=FACE_OUTER_BOUND('',#574,.T.);
#334=FACE_OUTER_BOUND('',#575,.T.);
#335=FACE_OUTER_BOUND('',#576,.T.);
#336=FACE_OUTER_BOUND('',#577,.T.);
#337=FACE_OUTER_BOUND('',#578,.T.);
#338=FACE_OUTER_BOUND('',#579,.T.);
#339=FACE_OUTER_BOUND('',#580,.T.);
#340=FACE_OUTER_BOUND('',#581,.T.);
#341=FACE_OUTER_BOUND('',#582,.T.);
#342=FACE_OUTER_BOUND('',#583,.T.);
#343=FACE_OUTER_BOUND('',#584,.T.);
#344=FACE_OUTER_BOUND('',#585,.T.);
#345=FACE_OUTER_BOUND('',#586,.T.);
#346=FACE_OUTER_BOUND('',#587,.T.);
#347=FACE_OUTER_BOUND('',#588,.T.);
#348=FACE_OUTER_BOUND('',#589,.T.);
#349=FACE_OUTER_BOUND('',#590,.T.);
#350=FACE_OUTER_BOUND('',#591,.T.);
#351=FACE_OUTER_BOUND('',#592,.T.);
#352=FACE_OUTER_BOUND('',#593,.T.);
#353=FACE_OUTER_BOUND('',#594,.T.);
#354=FACE_OUTER_BOUND('',#595,.T.);
#355=FACE_OUTER_BOUND('',#596,.T.);
#356=FACE_OUTER_BOUND('',#597,.T.);
#357=FACE_OUTER_BOUND('',#598,.T.);
#358=FACE_OUTER_BOUND('',#599,.T.);
#359=FACE_OUTER_BOUND('',#600,.T.);
#360=FACE_OUTER_BOUND('',#601,.T.);
#361=FACE_OUTER_BOUND('',#602,.T.);
#362=FACE_OUTER_BOUND('',#603,.T.);
#363=FACE_OUTER_BOUND('',#604,.T.);
#364=FACE_OUTER_BOUND('',#605,.T.);
#365=FACE_OUTER_BOUND('',#606,.T.);
#366=FACE_OUTER_BOUND('',#607,.T.);
#367=FACE_OUTER_BOUND('',#609,.T.);
#368=FACE_OUTER_BOUND('',#610,.T.);
#369=FACE_OUTER_BOUND('',#611,.T.);
#370=FACE_OUTER_BOUND('',#612,.T.);
#371=FACE_OUTER_BOUND('',#613,.T.);
#372=FACE_OUTER_BOUND('',#614,.T.);
#373=FACE_OUTER_BOUND('',#615,.T.);
#374=FACE_OUTER_BOUND('',#617,.T.);
#375=FACE_OUTER_BOUND('',#618,.T.);
#376=FACE_OUTER_BOUND('',#619,.T.);
#377=FACE_OUTER_BOUND('',#620,.T.);
#378=FACE_OUTER_BOUND('',#621,.T.);
#379=FACE_OUTER_BOUND('',#622,.T.);
#380=FACE_OUTER_BOUND('',#623,.T.);
#381=FACE_OUTER_BOUND('',#625,.T.);
#382=FACE_OUTER_BOUND('',#626,.T.);
#383=FACE_OUTER_BOUND('',#627,.T.);
#384=FACE_OUTER_BOUND('',#628,.T.);
#385=FACE_OUTER_BOUND('',#629,.T.);
#386=FACE_OUTER_BOUND('',#630,.T.);
#387=FACE_OUTER_BOUND('',#631,.T.);
#388=FACE_OUTER_BOUND('',#633,.T.);
#389=FACE_OUTER_BOUND('',#639,.T.);
#390=FACE_OUTER_BOUND('',#640,.T.);
#391=FACE_OUTER_BOUND('',#641,.T.);
#392=FACE_OUTER_BOUND('',#642,.T.);
#393=FACE_OUTER_BOUND('',#643,.T.);
#394=FACE_OUTER_BOUND('',#644,.T.);
#395=FACE_OUTER_BOUND('',#645,.T.);
#396=FACE_OUTER_BOUND('',#646,.T.);
#397=FACE_OUTER_BOUND('',#647,.T.);
#398=FACE_OUTER_BOUND('',#648,.T.);
#399=FACE_OUTER_BOUND('',#649,.T.);
#400=FACE_OUTER_BOUND('',#650,.T.);
#401=FACE_OUTER_BOUND('',#651,.T.);
#402=FACE_OUTER_BOUND('',#652,.T.);
#403=FACE_OUTER_BOUND('',#653,.T.);
#404=FACE_OUTER_BOUND('',#654,.T.);
#405=FACE_OUTER_BOUND('',#655,.T.);
#406=FACE_OUTER_BOUND('',#656,.T.);
#407=FACE_OUTER_BOUND('',#657,.T.);
#408=FACE_OUTER_BOUND('',#658,.T.);
#409=FACE_OUTER_BOUND('',#659,.T.);
#410=FACE_OUTER_BOUND('',#660,.T.);
#411=FACE_OUTER_BOUND('',#674,.T.);
#412=FACE_OUTER_BOUND('',#675,.T.);
#413=FACE_OUTER_BOUND('',#676,.T.);
#414=FACE_OUTER_BOUND('',#677,.T.);
#415=FACE_OUTER_BOUND('',#679,.T.);
#416=FACE_OUTER_BOUND('',#681,.T.);
#417=FACE_OUTER_BOUND('',#683,.T.);
#418=FACE_OUTER_BOUND('',#685,.T.);
#419=FACE_OUTER_BOUND('',#686,.T.);
#420=FACE_OUTER_BOUND('',#687,.T.);
#421=FACE_OUTER_BOUND('',#688,.T.);
#422=FACE_OUTER_BOUND('',#689,.T.);
#423=FACE_OUTER_BOUND('',#690,.T.);
#424=FACE_OUTER_BOUND('',#691,.T.);
#425=FACE_OUTER_BOUND('',#692,.T.);
#426=FACE_OUTER_BOUND('',#693,.T.);
#427=FACE_OUTER_BOUND('',#694,.T.);
#428=FACE_OUTER_BOUND('',#695,.T.);
#429=FACE_OUTER_BOUND('',#696,.T.);
#430=FACE_OUTER_BOUND('',#697,.T.);
#431=FACE_OUTER_BOUND('',#698,.T.);
#432=FACE_OUTER_BOUND('',#699,.T.);
#433=FACE_OUTER_BOUND('',#700,.T.);
#434=EDGE_LOOP('',(#2340,#2341,#2342,#2343));
#435=EDGE_LOOP('',(#2344,#2345,#2346,#2347,#2348,#2349,#2350));
#436=EDGE_LOOP('',(#2351,#2352,#2353));
#437=EDGE_LOOP('',(#2354,#2355,#2356,#2357));
#438=EDGE_LOOP('',(#2358,#2359,#2360,#2361));
#439=EDGE_LOOP('',(#2362,#2363,#2364,#2365));
#440=EDGE_LOOP('',(#2366,#2367,#2368,#2369));
#441=EDGE_LOOP('',(#2370,#2371,#2372,#2373));
#442=EDGE_LOOP('',(#2374,#2375,#2376,#2377));
#443=EDGE_LOOP('',(#2378,#2379,#2380,#2381));
#444=EDGE_LOOP('',(#2382,#2383,#2384,#2385));
#445=EDGE_LOOP('',(#2386,#2387,#2388,#2389));
#446=EDGE_LOOP('',(#2390,#2391,#2392,#2393));
#447=EDGE_LOOP('',(#2394,#2395,#2396,#2397));
#448=EDGE_LOOP('',(#2398,#2399,#2400,#2401));
#449=EDGE_LOOP('',(#2402));
#450=EDGE_LOOP('',(#2403,#2404,#2405,#2406,#2407,#2408,#2409,#2410));
#451=EDGE_LOOP('',(#2411,#2412,#2413,#2414,#2415,#2416,#2417,#2418));
#452=EDGE_LOOP('',(#2419,#2420,#2421,#2422,#2423,#2424,#2425,#2426));
#453=EDGE_LOOP('',(#2427));
#454=EDGE_LOOP('',(#2428));
#455=EDGE_LOOP('',(#2429));
#456=EDGE_LOOP('',(#2430));
#457=EDGE_LOOP('',(#2431));
#458=EDGE_LOOP('',(#2432,#2433,#2434,#2435,#2436,#2437,#2438,#2439));
#459=EDGE_LOOP('',(#2440,#2441,#2442,#2443,#2444,#2445,#2446,#2447));
#460=EDGE_LOOP('',(#2448,#2449,#2450,#2451,#2452,#2453,#2454,#2455));
#461=EDGE_LOOP('',(#2456,#2457,#2458,#2459));
#462=EDGE_LOOP('',(#2460,#2461,#2462,#2463));
#463=EDGE_LOOP('',(#2464,#2465,#2466,#2467));
#464=EDGE_LOOP('',(#2468,#2469,#2470,#2471));
#465=EDGE_LOOP('',(#2472,#2473,#2474,#2475));
#466=EDGE_LOOP('',(#2476,#2477,#2478,#2479));
#467=EDGE_LOOP('',(#2480,#2481,#2482,#2483));
#468=EDGE_LOOP('',(#2484,#2485,#2486,#2487));
#469=EDGE_LOOP('',(#2488,#2489,#2490,#2491));
#470=EDGE_LOOP('',(#2492,#2493,#2494,#2495));
#471=EDGE_LOOP('',(#2496,#2497,#2498,#2499));
#472=EDGE_LOOP('',(#2500,#2501,#2502,#2503));
#473=EDGE_LOOP('',(#2504,#2505,#2506,#2507));
#474=EDGE_LOOP('',(#2508,#2509,#2510,#2511));
#475=EDGE_LOOP('',(#2512,#2513,#2514,#2515));
#476=EDGE_LOOP('',(#2516,#2517,#2518,#2519));
#477=EDGE_LOOP('',(#2520,#2521,#2522,#2523));
#478=EDGE_LOOP('',(#2524,#2525,#2526,#2527));
#479=EDGE_LOOP('',(#2528,#2529,#2530,#2531));
#480=EDGE_LOOP('',(#2532,#2533,#2534,#2535));
#481=EDGE_LOOP('',(#2536,#2537,#2538,#2539));
#482=EDGE_LOOP('',(#2540,#2541,#2542,#2543));
#483=EDGE_LOOP('',(#2544,#2545,#2546,#2547));
#484=EDGE_LOOP('',(#2548,#2549,#2550,#2551));
#485=EDGE_LOOP('',(#2552,#2553,#2554,#2555));
#486=EDGE_LOOP('',(#2556,#2557,#2558,#2559));
#487=EDGE_LOOP('',(#2560,#2561,#2562,#2563));
#488=EDGE_LOOP('',(#2564,#2565,#2566,#2567));
#489=EDGE_LOOP('',(#2568,#2569,#2570,#2571));
#490=EDGE_LOOP('',(#2572,#2573,#2574,#2575));
#491=EDGE_LOOP('',(#2576,#2577,#2578,#2579));
#492=EDGE_LOOP('',(#2580,#2581,#2582,#2583));
#493=EDGE_LOOP('',(#2584,#2585,#2586,#2587));
#494=EDGE_LOOP('',(#2588,#2589,#2590,#2591));
#495=EDGE_LOOP('',(#2592,#2593,#2594,#2595));
#496=EDGE_LOOP('',(#2596,#2597,#2598,#2599));
#497=EDGE_LOOP('',(#2600,#2601,#2602,#2603));
#498=EDGE_LOOP('',(#2604,#2605,#2606,#2607));
#499=EDGE_LOOP('',(#2608,#2609,#2610,#2611));
#500=EDGE_LOOP('',(#2612,#2613,#2614,#2615));
#501=EDGE_LOOP('',(#2616,#2617,#2618,#2619));
#502=EDGE_LOOP('',(#2620,#2621,#2622,#2623));
#503=EDGE_LOOP('',(#2624,#2625,#2626,#2627));
#504=EDGE_LOOP('',(#2628,#2629,#2630,#2631));
#505=EDGE_LOOP('',(#2632,#2633,#2634,#2635));
#506=EDGE_LOOP('',(#2636,#2637,#2638,#2639));
#507=EDGE_LOOP('',(#2640,#2641,#2642,#2643));
#508=EDGE_LOOP('',(#2644,#2645,#2646,#2647));
#509=EDGE_LOOP('',(#2648,#2649,#2650,#2651));
#510=EDGE_LOOP('',(#2652,#2653,#2654,#2655));
#511=EDGE_LOOP('',(#2656,#2657,#2658,#2659));
#512=EDGE_LOOP('',(#2660,#2661,#2662,#2663));
#513=EDGE_LOOP('',(#2664,#2665,#2666,#2667));
#514=EDGE_LOOP('',(#2668,#2669,#2670,#2671));
#515=EDGE_LOOP('',(#2672,#2673,#2674,#2675));
#516=EDGE_LOOP('',(#2676,#2677,#2678,#2679));
#517=EDGE_LOOP('',(#2680,#2681,#2682,#2683));
#518=EDGE_LOOP('',(#2684,#2685,#2686,#2687));
#519=EDGE_LOOP('',(#2688,#2689,#2690,#2691));
#520=EDGE_LOOP('',(#2692,#2693,#2694,#2695));
#521=EDGE_LOOP('',(#2696,#2697,#2698,#2699));
#522=EDGE_LOOP('',(#2700,#2701,#2702,#2703));
#523=EDGE_LOOP('',(#2704,#2705,#2706,#2707));
#524=EDGE_LOOP('',(#2708,#2709,#2710,#2711));
#525=EDGE_LOOP('',(#2712,#2713,#2714,#2715));
#526=EDGE_LOOP('',(#2716,#2717,#2718,#2719));
#527=EDGE_LOOP('',(#2720,#2721,#2722,#2723));
#528=EDGE_LOOP('',(#2724,#2725,#2726,#2727));
#529=EDGE_LOOP('',(#2728,#2729,#2730,#2731));
#530=EDGE_LOOP('',(#2732,#2733,#2734,#2735));
#531=EDGE_LOOP('',(#2736,#2737,#2738,#2739,#2740,#2741,#2742,#2743));
#532=EDGE_LOOP('',(#2744,#2745,#2746,#2747));
#533=EDGE_LOOP('',(#2748,#2749,#2750,#2751));
#534=EDGE_LOOP('',(#2752,#2753,#2754,#2755));
#535=EDGE_LOOP('',(#2756,#2757,#2758,#2759));
#536=EDGE_LOOP('',(#2760,#2761,#2762,#2763));
#537=EDGE_LOOP('',(#2764,#2765,#2766,#2767));
#538=EDGE_LOOP('',(#2768,#2769,#2770,#2771));
#539=EDGE_LOOP('',(#2772,#2773,#2774,#2775));
#540=EDGE_LOOP('',(#2776,#2777,#2778,#2779));
#541=EDGE_LOOP('',(#2780,#2781,#2782,#2783));
#542=EDGE_LOOP('',(#2784,#2785,#2786,#2787,#2788,#2789,#2790,#2791));
#543=EDGE_LOOP('',(#2792,#2793,#2794,#2795));
#544=EDGE_LOOP('',(#2796,#2797,#2798,#2799));
#545=EDGE_LOOP('',(#2800,#2801,#2802,#2803));
#546=EDGE_LOOP('',(#2804,#2805,#2806,#2807));
#547=EDGE_LOOP('',(#2808,#2809,#2810,#2811));
#548=EDGE_LOOP('',(#2812,#2813,#2814,#2815));
#549=EDGE_LOOP('',(#2816,#2817,#2818,#2819));
#550=EDGE_LOOP('',(#2820,#2821,#2822,#2823));
#551=EDGE_LOOP('',(#2824,#2825,#2826,#2827));
#552=EDGE_LOOP('',(#2828,#2829,#2830,#2831));
#553=EDGE_LOOP('',(#2832,#2833,#2834,#2835));
#554=EDGE_LOOP('',(#2836,#2837,#2838,#2839,#2840,#2841,#2842,#2843));
#555=EDGE_LOOP('',(#2844,#2845,#2846,#2847));
#556=EDGE_LOOP('',(#2848,#2849,#2850,#2851));
#557=EDGE_LOOP('',(#2852,#2853,#2854,#2855));
#558=EDGE_LOOP('',(#2856,#2857,#2858,#2859));
#559=EDGE_LOOP('',(#2860,#2861,#2862,#2863));
#560=EDGE_LOOP('',(#2864,#2865,#2866,#2867));
#561=EDGE_LOOP('',(#2868,#2869,#2870,#2871));
#562=EDGE_LOOP('',(#2872,#2873,#2874,#2875));
#563=EDGE_LOOP('',(#2876,#2877,#2878,#2879,#2880,#2881,#2882,#2883));
#564=EDGE_LOOP('',(#2884,#2885,#2886,#2887));
#565=EDGE_LOOP('',(#2888,#2889,#2890,#2891));
#566=EDGE_LOOP('',(#2892,#2893,#2894,#2895));
#567=EDGE_LOOP('',(#2896,#2897,#2898,#2899));
#568=EDGE_LOOP('',(#2900,#2901,#2902,#2903));
#569=EDGE_LOOP('',(#2904,#2905,#2906,#2907));
#570=EDGE_LOOP('',(#2908,#2909,#2910,#2911));
#571=EDGE_LOOP('',(#2912,#2913,#2914,#2915));
#572=EDGE_LOOP('',(#2916,#2917,#2918,#2919,#2920,#2921,#2922,#2923));
#573=EDGE_LOOP('',(#2924,#2925,#2926,#2927));
#574=EDGE_LOOP('',(#2928,#2929,#2930,#2931));
#575=EDGE_LOOP('',(#2932,#2933,#2934,#2935));
#576=EDGE_LOOP('',(#2936,#2937,#2938,#2939));
#577=EDGE_LOOP('',(#2940,#2941,#2942,#2943));
#578=EDGE_LOOP('',(#2944,#2945,#2946,#2947));
#579=EDGE_LOOP('',(#2948,#2949,#2950,#2951));
#580=EDGE_LOOP('',(#2952,#2953,#2954,#2955));
#581=EDGE_LOOP('',(#2956,#2957,#2958,#2959,#2960,#2961,#2962,#2963));
#582=EDGE_LOOP('',(#2964,#2965,#2966,#2967));
#583=EDGE_LOOP('',(#2968,#2969,#2970,#2971));
#584=EDGE_LOOP('',(#2972,#2973,#2974,#2975));
#585=EDGE_LOOP('',(#2976,#2977,#2978,#2979));
#586=EDGE_LOOP('',(#2980,#2981,#2982,#2983));
#587=EDGE_LOOP('',(#2984,#2985,#2986,#2987));
#588=EDGE_LOOP('',(#2988,#2989,#2990,#2991));
#589=EDGE_LOOP('',(#2992,#2993,#2994,#2995));
#590=EDGE_LOOP('',(#2996,#2997,#2998,#2999));
#591=EDGE_LOOP('',(#3000,#3001,#3002,#3003));
#592=EDGE_LOOP('',(#3004,#3005,#3006,#3007));
#593=EDGE_LOOP('',(#3008,#3009,#3010,#3011));
#594=EDGE_LOOP('',(#3012,#3013,#3014,#3015));
#595=EDGE_LOOP('',(#3016,#3017,#3018,#3019));
#596=EDGE_LOOP('',(#3020,#3021,#3022,#3023));
#597=EDGE_LOOP('',(#3024,#3025,#3026,#3027));
#598=EDGE_LOOP('',(#3028,#3029,#3030,#3031));
#599=EDGE_LOOP('',(#3032,#3033,#3034,#3035));
#600=EDGE_LOOP('',(#3036,#3037,#3038,#3039));
#601=EDGE_LOOP('',(#3040,#3041,#3042,#3043));
#602=EDGE_LOOP('',(#3044,#3045,#3046,#3047));
#603=EDGE_LOOP('',(#3048,#3049,#3050,#3051));
#604=EDGE_LOOP('',(#3052,#3053,#3054,#3055));
#605=EDGE_LOOP('',(#3056,#3057,#3058,#3059));
#606=EDGE_LOOP('',(#3060,#3061,#3062,#3063));
#607=EDGE_LOOP('',(#3064,#3065,#3066,#3067,#3068,#3069,#3070,#3071));
#608=EDGE_LOOP('',(#3072));
#609=EDGE_LOOP('',(#3073,#3074,#3075,#3076));
#610=EDGE_LOOP('',(#3077,#3078,#3079,#3080));
#611=EDGE_LOOP('',(#3081,#3082,#3083,#3084));
#612=EDGE_LOOP('',(#3085,#3086,#3087,#3088));
#613=EDGE_LOOP('',(#3089,#3090,#3091,#3092));
#614=EDGE_LOOP('',(#3093,#3094,#3095,#3096));
#615=EDGE_LOOP('',(#3097,#3098,#3099,#3100,#3101,#3102,#3103));
#616=EDGE_LOOP('',(#3104));
#617=EDGE_LOOP('',(#3105,#3106,#3107,#3108));
#618=EDGE_LOOP('',(#3109,#3110,#3111,#3112));
#619=EDGE_LOOP('',(#3113,#3114,#3115,#3116));
#620=EDGE_LOOP('',(#3117,#3118,#3119,#3120));
#621=EDGE_LOOP('',(#3121,#3122,#3123,#3124));
#622=EDGE_LOOP('',(#3125,#3126,#3127,#3128));
#623=EDGE_LOOP('',(#3129,#3130,#3131,#3132,#3133,#3134,#3135));
#624=EDGE_LOOP('',(#3136));
#625=EDGE_LOOP('',(#3137,#3138,#3139,#3140));
#626=EDGE_LOOP('',(#3141,#3142,#3143,#3144));
#627=EDGE_LOOP('',(#3145,#3146,#3147,#3148));
#628=EDGE_LOOP('',(#3149,#3150,#3151,#3152));
#629=EDGE_LOOP('',(#3153,#3154,#3155,#3156));
#630=EDGE_LOOP('',(#3157,#3158,#3159,#3160));
#631=EDGE_LOOP('',(#3161,#3162,#3163,#3164,#3165,#3166,#3167));
#632=EDGE_LOOP('',(#3168));
#633=EDGE_LOOP('',(#3169,#3170,#3171,#3172,#3173,#3174,#3175,#3176,#3177,
#3178,#3179,#3180,#3181,#3182,#3183,#3184,#3185,#3186,#3187,#3188,#3189,
#3190,#3191,#3192,#3193,#3194,#3195,#3196));
#634=EDGE_LOOP('',(#3197));
#635=EDGE_LOOP('',(#3198));
#636=EDGE_LOOP('',(#3199));
#637=EDGE_LOOP('',(#3200));
#638=EDGE_LOOP('',(#3201));
#639=EDGE_LOOP('',(#3202,#3203,#3204,#3205));
#640=EDGE_LOOP('',(#3206,#3207,#3208,#3209));
#641=EDGE_LOOP('',(#3210,#3211,#3212,#3213));
#642=EDGE_LOOP('',(#3214,#3215,#3216,#3217));
#643=EDGE_LOOP('',(#3218,#3219,#3220,#3221));
#644=EDGE_LOOP('',(#3222,#3223,#3224,#3225));
#645=EDGE_LOOP('',(#3226,#3227,#3228,#3229));
#646=EDGE_LOOP('',(#3230,#3231,#3232,#3233));
#647=EDGE_LOOP('',(#3234,#3235,#3236,#3237));
#648=EDGE_LOOP('',(#3238,#3239,#3240,#3241));
#649=EDGE_LOOP('',(#3242,#3243,#3244));
#650=EDGE_LOOP('',(#3245,#3246,#3247,#3248,#3249,#3250,#3251));
#651=EDGE_LOOP('',(#3252,#3253,#3254,#3255));
#652=EDGE_LOOP('',(#3256,#3257,#3258,#3259));
#653=EDGE_LOOP('',(#3260,#3261,#3262,#3263));
#654=EDGE_LOOP('',(#3264,#3265,#3266,#3267,#3268,#3269,#3270,#3271,#3272,
#3273,#3274,#3275));
#655=EDGE_LOOP('',(#3276,#3277,#3278,#3279));
#656=EDGE_LOOP('',(#3280,#3281,#3282,#3283));
#657=EDGE_LOOP('',(#3284,#3285,#3286,#3287));
#658=EDGE_LOOP('',(#3288,#3289,#3290,#3291));
#659=EDGE_LOOP('',(#3292,#3293,#3294,#3295));
#660=EDGE_LOOP('',(#3296));
#661=EDGE_LOOP('',(#3297,#3298,#3299,#3300,#3301,#3302,#3303,#3304,#3305,
#3306,#3307,#3308,#3309));
#662=EDGE_LOOP('',(#3310));
#663=EDGE_LOOP('',(#3311));
#664=EDGE_LOOP('',(#3312));
#665=EDGE_LOOP('',(#3313));
#666=EDGE_LOOP('',(#3314));
#667=EDGE_LOOP('',(#3315));
#668=EDGE_LOOP('',(#3316));
#669=EDGE_LOOP('',(#3317));
#670=EDGE_LOOP('',(#3318));
#671=EDGE_LOOP('',(#3319));
#672=EDGE_LOOP('',(#3320));
#673=EDGE_LOOP('',(#3321));
#674=EDGE_LOOP('',(#3322,#3323,#3324,#3325,#3326,#3327,#3328,#3329,#3330,
#3331,#3332,#3333,#3334,#3335,#3336,#3337,#3338,#3339,#3340,#3341));
#675=EDGE_LOOP('',(#3342,#3343,#3344,#3345));
#676=EDGE_LOOP('',(#3346,#3347,#3348,#3349,#3350,#3351,#3352,#3353,#3354,
#3355,#3356,#3357,#3358,#3359));
#677=EDGE_LOOP('',(#3360));
#678=EDGE_LOOP('',(#3361));
#679=EDGE_LOOP('',(#3362));
#680=EDGE_LOOP('',(#3363));
#681=EDGE_LOOP('',(#3364));
#682=EDGE_LOOP('',(#3365));
#683=EDGE_LOOP('',(#3366));
#684=EDGE_LOOP('',(#3367));
#685=EDGE_LOOP('',(#3368,#3369,#3370,#3371));
#686=EDGE_LOOP('',(#3372,#3373,#3374,#3375,#3376));
#687=EDGE_LOOP('',(#3377,#3378,#3379,#3380));
#688=EDGE_LOOP('',(#3381,#3382,#3383,#3384));
#689=EDGE_LOOP('',(#3385,#3386,#3387,#3388,#3389));
#690=EDGE_LOOP('',(#3390,#3391,#3392,#3393));
#691=EDGE_LOOP('',(#3394,#3395,#3396,#3397));
#692=EDGE_LOOP('',(#3398,#3399,#3400,#3401));
#693=EDGE_LOOP('',(#3402,#3403,#3404,#3405));
#694=EDGE_LOOP('',(#3406,#3407,#3408,#3409));
#695=EDGE_LOOP('',(#3410,#3411,#3412,#3413));
#696=EDGE_LOOP('',(#3414,#3415,#3416,#3417));
#697=EDGE_LOOP('',(#3418,#3419,#3420,#3421));
#698=EDGE_LOOP('',(#3422,#3423,#3424,#3425));
#699=EDGE_LOOP('',(#3426,#3427,#3428,#3429));
#700=EDGE_LOOP('',(#3430,#3431,#3432,#3433));
#701=LINE('',#5629,#934);
#702=LINE('',#5632,#935);
#703=LINE('',#5635,#936);
#704=LINE('',#5637,#937);
#705=LINE('',#5641,#938);
#706=LINE('',#5644,#939);
#707=LINE('',#5673,#940);
#708=LINE('',#5674,#941);
#709=LINE('',#5697,#942);
#710=LINE('',#5698,#943);
#711=LINE('',#5704,#944);
#712=LINE('',#5707,#945);
#713=LINE('',#5710,#946);
#714=LINE('',#5711,#947);
#715=LINE('',#5714,#948);
#716=LINE('',#5718,#949);
#717=LINE('',#5729,#950);
#718=LINE('',#5737,#951);
#719=LINE('',#5745,#952);
#720=LINE('',#5753,#953);
#721=LINE('',#5761,#954);
#722=LINE('',#5769,#955);
#723=LINE('',#5787,#956);
#724=LINE('',#5795,#957);
#725=LINE('',#5799,#958);
#726=LINE('',#5807,#959);
#727=LINE('',#5826,#960);
#728=LINE('',#5842,#961);
#729=LINE('',#5847,#962);
#730=LINE('',#5850,#963);
#731=LINE('',#5853,#964);
#732=LINE('',#5854,#965);
#733=LINE('',#5857,#966);
#734=LINE('',#5861,#967);
#735=LINE('',#5867,#968);
#736=LINE('',#5884,#969);
#737=LINE('',#5897,#970);
#738=LINE('',#5900,#971);
#739=LINE('',#5903,#972);
#740=LINE('',#5907,#973);
#741=LINE('',#5911,#974);
#742=LINE('',#5912,#975);
#743=LINE('',#5926,#976);
#744=LINE('',#5942,#977);
#745=LINE('',#5947,#978);
#746=LINE('',#5950,#979);
#747=LINE('',#5953,#980);
#748=LINE('',#5954,#981);
#749=LINE('',#5957,#982);
#750=LINE('',#5961,#983);
#751=LINE('',#5976,#984);
#752=LINE('',#5992,#985);
#753=LINE('',#5997,#986);
#754=LINE('',#6000,#987);
#755=LINE('',#6003,#988);
#756=LINE('',#6004,#989);
#757=LINE('',#6007,#990);
#758=LINE('',#6011,#991);
#759=LINE('',#6026,#992);
#760=LINE('',#6042,#993);
#761=LINE('',#6047,#994);
#762=LINE('',#6050,#995);
#763=LINE('',#6053,#996);
#764=LINE('',#6054,#997);
#765=LINE('',#6057,#998);
#766=LINE('',#6061,#999);
#767=LINE('',#6072,#1000);
#768=LINE('',#6093,#1001);
#769=LINE('',#6094,#1002);
#770=LINE('',#6103,#1003);
#771=LINE('',#6104,#1004);
#772=LINE('',#6120,#1005);
#773=LINE('',#6121,#1006);
#774=LINE('',#6138,#1007);
#775=LINE('',#6147,#1008);
#776=LINE('',#6149,#1009);
#777=LINE('',#6167,#1010);
#778=LINE('',#6168,#1011);
#779=LINE('',#6187,#1012);
#780=LINE('',#6191,#1013);
#781=LINE('',#6192,#1014);
#782=LINE('',#6194,#1015);
#783=LINE('',#6207,#1016);
#784=LINE('',#6208,#1017);
#785=LINE('',#6229,#1018);
#786=LINE('',#6259,#1019);
#787=LINE('',#6260,#1020);
#788=LINE('',#6275,#1021);
#789=LINE('',#6299,#1022);
#790=LINE('',#6300,#1023);
#791=LINE('',#6315,#1024);
#792=LINE('',#6318,#1025);
#793=LINE('',#6321,#1026);
#794=LINE('',#6323,#1027);
#795=LINE('',#6325,#1028);
#796=LINE('',#6327,#1029);
#797=LINE('',#6330,#1030);
#798=LINE('',#6333,#1031);
#799=LINE('',#6334,#1032);
#800=LINE('',#6338,#1033);
#801=LINE('',#6342,#1034);
#802=LINE('',#6346,#1035);
#803=LINE('',#6350,#1036);
#804=LINE('',#6353,#1037);
#805=LINE('',#6355,#1038);
#806=LINE('',#6357,#1039);
#807=LINE('',#6362,#1040);
#808=LINE('',#6364,#1041);
#809=LINE('',#6366,#1042);
#810=LINE('',#6367,#1043);
#811=LINE('',#6370,#1044);
#812=LINE('',#6372,#1045);
#813=LINE('',#6373,#1046);
#814=LINE('',#6377,#1047);
#815=LINE('',#6379,#1048);
#816=LINE('',#6381,#1049);
#817=LINE('',#6382,#1050);
#818=LINE('',#6385,#1051);
#819=LINE('',#6387,#1052);
#820=LINE('',#6388,#1053);
#821=LINE('',#6391,#1054);
#822=LINE('',#6393,#1055);
#823=LINE('',#6394,#1056);
#824=LINE('',#6396,#1057);
#825=LINE('',#6397,#1058);
#826=LINE('',#6407,#1059);
#827=LINE('',#6409,#1060);
#828=LINE('',#6411,#1061);
#829=LINE('',#6412,#1062);
#830=LINE('',#6415,#1063);
#831=LINE('',#6417,#1064);
#832=LINE('',#6418,#1065);
#833=LINE('',#6422,#1066);
#834=LINE('',#6424,#1067);
#835=LINE('',#6426,#1068);
#836=LINE('',#6427,#1069);
#837=LINE('',#6430,#1070);
#838=LINE('',#6432,#1071);
#839=LINE('',#6433,#1072);
#840=LINE('',#6436,#1073);
#841=LINE('',#6438,#1074);
#842=LINE('',#6439,#1075);
#843=LINE('',#6441,#1076);
#844=LINE('',#6442,#1077);
#845=LINE('',#6450,#1078);
#846=LINE('',#6452,#1079);
#847=LINE('',#6454,#1080);
#848=LINE('',#6455,#1081);
#849=LINE('',#6458,#1082);
#850=LINE('',#6460,#1083);
#851=LINE('',#6461,#1084);
#852=LINE('',#6464,#1085);
#853=LINE('',#6466,#1086);
#854=LINE('',#6467,#1087);
#855=LINE('',#6470,#1088);
#856=LINE('',#6472,#1089);
#857=LINE('',#6473,#1090);
#858=LINE('',#6476,#1091);
#859=LINE('',#6478,#1092);
#860=LINE('',#6479,#1093);
#861=LINE('',#6482,#1094);
#862=LINE('',#6484,#1095);
#863=LINE('',#6485,#1096);
#864=LINE('',#6493,#1097);
#865=LINE('',#6495,#1098);
#866=LINE('',#6497,#1099);
#867=LINE('',#6498,#1100);
#868=LINE('',#6501,#1101);
#869=LINE('',#6503,#1102);
#870=LINE('',#6504,#1103);
#871=LINE('',#6508,#1104);
#872=LINE('',#6510,#1105);
#873=LINE('',#6512,#1106);
#874=LINE('',#6513,#1107);
#875=LINE('',#6516,#1108);
#876=LINE('',#6518,#1109);
#877=LINE('',#6519,#1110);
#878=LINE('',#6522,#1111);
#879=LINE('',#6524,#1112);
#880=LINE('',#6525,#1113);
#881=LINE('',#6527,#1114);
#882=LINE('',#6528,#1115);
#883=LINE('',#6551,#1116);
#884=LINE('',#6555,#1117);
#885=LINE('',#6559,#1118);
#886=LINE('',#6563,#1119);
#887=LINE('',#6567,#1120);
#888=LINE('',#6571,#1121);
#889=LINE('',#6575,#1122);
#890=LINE('',#6579,#1123);
#891=LINE('',#6587,#1124);
#892=LINE('',#6596,#1125);
#893=LINE('',#6598,#1126);
#894=LINE('',#6600,#1127);
#895=LINE('',#6604,#1128);
#896=LINE('',#6610,#1129);
#897=LINE('',#6616,#1130);
#898=LINE('',#6633,#1131);
#899=LINE('',#6663,#1132);
#900=LINE('',#6679,#1133);
#901=LINE('',#6683,#1134);
#902=LINE('',#6686,#1135);
#903=LINE('',#6689,#1136);
#904=LINE('',#6692,#1137);
#905=LINE('',#6695,#1138);
#906=LINE('',#6698,#1139);
#907=LINE('',#6700,#1140);
#908=LINE('',#6703,#1141);
#909=LINE('',#6704,#1142);
#910=LINE('',#6709,#1143);
#911=LINE('',#6710,#1144);
#912=LINE('',#6712,#1145);
#913=LINE('',#6713,#1146);
#914=LINE('',#6723,#1147);
#915=LINE('',#6727,#1148);
#916=LINE('',#6730,#1149);
#917=LINE('',#6731,#1150);
#918=LINE('',#6733,#1151);
#919=LINE('',#6734,#1152);
#920=LINE('',#6749,#1153);
#921=LINE('',#6752,#1154);
#922=LINE('',#6755,#1155);
#923=LINE('',#6756,#1156);
#924=LINE('',#6758,#1157);
#925=LINE('',#6761,#1158);
#926=LINE('',#6764,#1159);
#927=LINE('',#6770,#1160);
#928=LINE('',#6773,#1161);
#929=LINE('',#6775,#1162);
#930=LINE('',#6778,#1163);
#931=LINE('',#6780,#1164);
#932=LINE('',#6782,#1165);
#933=LINE('',#6784,#1166);
#934=VECTOR('',#4318,10.);
#935=VECTOR('',#4321,10.);
#936=VECTOR('',#4324,10.);
#937=VECTOR('',#4325,10.);
#938=VECTOR('',#4328,10.);
#939=VECTOR('',#4331,10.);
#940=VECTOR('',#4358,10.);
#941=VECTOR('',#4359,10.);
#942=VECTOR('',#4388,10.);
#943=VECTOR('',#4389,10.);
#944=VECTOR('',#4398,10.);
#945=VECTOR('',#4401,10.);
#946=VECTOR('',#4404,10.);
#947=VECTOR('',#4405,10.);
#948=VECTOR('',#4408,10.);
#949=VECTOR('',#4413,10.);
#950=VECTOR('',#4424,10.);
#951=VECTOR('',#4431,10.);
#952=VECTOR('',#4438,10.);
#953=VECTOR('',#4445,10.);
#954=VECTOR('',#4452,10.);
#955=VECTOR('',#4459,10.);
#956=VECTOR('',#4476,10.);
#957=VECTOR('',#4483,10.);
#958=VECTOR('',#4486,10.);
#959=VECTOR('',#4493,10.);
#960=VECTOR('',#4518,10.);
#961=VECTOR('',#4541,10.);
#962=VECTOR('',#4548,10.);
#963=VECTOR('',#4551,10.);
#964=VECTOR('',#4554,10.);
#965=VECTOR('',#4555,10.);
#966=VECTOR('',#4558,10.);
#967=VECTOR('',#4563,10.);
#968=VECTOR('',#4570,10.);
#969=VECTOR('',#4595,10.);
#970=VECTOR('',#4614,10.);
#971=VECTOR('',#4617,10.);
#972=VECTOR('',#4620,10.);
#973=VECTOR('',#4625,10.);
#974=VECTOR('',#4630,10.);
#975=VECTOR('',#4631,10.);
#976=VECTOR('',#4650,10.);
#977=VECTOR('',#4673,10.);
#978=VECTOR('',#4680,10.);
#979=VECTOR('',#4683,10.);
#980=VECTOR('',#4686,10.);
#981=VECTOR('',#4687,10.);
#982=VECTOR('',#4690,10.);
#983=VECTOR('',#4695,10.);
#984=VECTOR('',#4716,10.);
#985=VECTOR('',#4739,10.);
#986=VECTOR('',#4746,10.);
#987=VECTOR('',#4749,10.);
#988=VECTOR('',#4752,10.);
#989=VECTOR('',#4753,10.);
#990=VECTOR('',#4756,10.);
#991=VECTOR('',#4761,10.);
#992=VECTOR('',#4782,10.);
#993=VECTOR('',#4805,10.);
#994=VECTOR('',#4812,10.);
#995=VECTOR('',#4815,10.);
#996=VECTOR('',#4818,10.);
#997=VECTOR('',#4819,10.);
#998=VECTOR('',#4822,10.);
#999=VECTOR('',#4827,10.);
#1000=VECTOR('',#4842,10.);
#1001=VECTOR('',#4869,10.);
#1002=VECTOR('',#4870,10.);
#1003=VECTOR('',#4885,10.);
#1004=VECTOR('',#4886,10.);
#1005=VECTOR('',#4905,10.);
#1006=VECTOR('',#4906,10.);
#1007=VECTOR('',#4931,10.);
#1008=VECTOR('',#4946,10.);
#1009=VECTOR('',#4949,10.);
#1010=VECTOR('',#4972,10.);
#1011=VECTOR('',#4973,10.);
#1012=VECTOR('',#5000,10.);
#1013=VECTOR('',#5007,10.);
#1014=VECTOR('',#5008,10.);
#1015=VECTOR('',#5011,10.);
#1016=VECTOR('',#5028,10.);
#1017=VECTOR('',#5029,10.);
#1018=VECTOR('',#5058,10.);
#1019=VECTOR('',#5099,10.);
#1020=VECTOR('',#5100,10.);
#1021=VECTOR('',#5123,10.);
#1022=VECTOR('',#5154,10.);
#1023=VECTOR('',#5155,10.);
#1024=VECTOR('',#5178,10.);
#1025=VECTOR('',#5183,10.);
#1026=VECTOR('',#5188,10.);
#1027=VECTOR('',#5191,10.);
#1028=VECTOR('',#5194,10.);
#1029=VECTOR('',#5197,10.);
#1030=VECTOR('',#5202,10.);
#1031=VECTOR('',#5207,10.);
#1032=VECTOR('',#5208,10.);
#1033=VECTOR('',#5213,1.6);
#1034=VECTOR('',#5218,1.6);
#1035=VECTOR('',#5223,1.6);
#1036=VECTOR('',#5228,1.6);
#1037=VECTOR('',#5233,10.);
#1038=VECTOR('',#5236,10.);
#1039=VECTOR('',#5239,10.);
#1040=VECTOR('',#5244,10.);
#1041=VECTOR('',#5245,10.);
#1042=VECTOR('',#5246,10.);
#1043=VECTOR('',#5247,10.);
#1044=VECTOR('',#5250,10.);
#1045=VECTOR('',#5251,10.);
#1046=VECTOR('',#5252,10.);
#1047=VECTOR('',#5255,10.);
#1048=VECTOR('',#5256,10.);
#1049=VECTOR('',#5257,10.);
#1050=VECTOR('',#5258,10.);
#1051=VECTOR('',#5261,10.);
#1052=VECTOR('',#5262,10.);
#1053=VECTOR('',#5263,10.);
#1054=VECTOR('',#5266,10.);
#1055=VECTOR('',#5267,10.);
#1056=VECTOR('',#5268,10.);
#1057=VECTOR('',#5271,10.);
#1058=VECTOR('',#5272,10.);
#1059=VECTOR('',#5283,10.);
#1060=VECTOR('',#5284,10.);
#1061=VECTOR('',#5285,10.);
#1062=VECTOR('',#5286,10.);
#1063=VECTOR('',#5289,10.);
#1064=VECTOR('',#5290,10.);
#1065=VECTOR('',#5291,10.);
#1066=VECTOR('',#5294,10.);
#1067=VECTOR('',#5295,10.);
#1068=VECTOR('',#5296,10.);
#1069=VECTOR('',#5297,10.);
#1070=VECTOR('',#5300,10.);
#1071=VECTOR('',#5301,10.);
#1072=VECTOR('',#5302,10.);
#1073=VECTOR('',#5305,10.);
#1074=VECTOR('',#5306,10.);
#1075=VECTOR('',#5307,10.);
#1076=VECTOR('',#5310,10.);
#1077=VECTOR('',#5311,10.);
#1078=VECTOR('',#5320,10.);
#1079=VECTOR('',#5321,10.);
#1080=VECTOR('',#5322,10.);
#1081=VECTOR('',#5323,10.);
#1082=VECTOR('',#5326,10.);
#1083=VECTOR('',#5327,10.);
#1084=VECTOR('',#5328,10.);
#1085=VECTOR('',#5331,10.);
#1086=VECTOR('',#5332,10.);
#1087=VECTOR('',#5333,10.);
#1088=VECTOR('',#5336,10.);
#1089=VECTOR('',#5337,10.);
#1090=VECTOR('',#5338,10.);
#1091=VECTOR('',#5341,10.);
#1092=VECTOR('',#5342,10.);
#1093=VECTOR('',#5343,10.);
#1094=VECTOR('',#5346,10.);
#1095=VECTOR('',#5347,10.);
#1096=VECTOR('',#5348,10.);
#1097=VECTOR('',#5357,10.);
#1098=VECTOR('',#5358,10.);
#1099=VECTOR('',#5359,10.);
#1100=VECTOR('',#5360,10.);
#1101=VECTOR('',#5363,10.);
#1102=VECTOR('',#5364,10.);
#1103=VECTOR('',#5365,10.);
#1104=VECTOR('',#5368,10.);
#1105=VECTOR('',#5369,10.);
#1106=VECTOR('',#5370,10.);
#1107=VECTOR('',#5371,10.);
#1108=VECTOR('',#5374,10.);
#1109=VECTOR('',#5375,10.);
#1110=VECTOR('',#5376,10.);
#1111=VECTOR('',#5379,10.);
#1112=VECTOR('',#5380,10.);
#1113=VECTOR('',#5381,10.);
#1114=VECTOR('',#5384,10.);
#1115=VECTOR('',#5385,10.);
#1116=VECTOR('',#5416,1.6);
#1117=VECTOR('',#5421,1.6);
#1118=VECTOR('',#5426,1.6);
#1119=VECTOR('',#5431,1.6);
#1120=VECTOR('',#5436,1.6);
#1121=VECTOR('',#5441,1.6);
#1122=VECTOR('',#5446,1.6);
#1123=VECTOR('',#5451,1.6);
#1124=VECTOR('',#5460,10.);
#1125=VECTOR('',#5463,10.);
#1126=VECTOR('',#5464,10.);
#1127=VECTOR('',#5465,10.);
#1128=VECTOR('',#5468,10.);
#1129=VECTOR('',#5475,10.);
#1130=VECTOR('',#5486,28.5);
#1131=VECTOR('',#5489,10.);
#1132=VECTOR('',#5492,10.);
#1133=VECTOR('',#5495,11.);
#1134=VECTOR('',#5500,10.);
#1135=VECTOR('',#5503,10.);
#1136=VECTOR('',#5506,10.);
#1137=VECTOR('',#5509,1.);
#1138=VECTOR('',#5512,1.);
#1139=VECTOR('',#5515,10.);
#1140=VECTOR('',#5518,10.);
#1141=VECTOR('',#5521,10.);
#1142=VECTOR('',#5522,10.);
#1143=VECTOR('',#5527,10.);
#1144=VECTOR('',#5528,10.);
#1145=VECTOR('',#5529,10.);
#1146=VECTOR('',#5530,10.);
#1147=VECTOR('',#5541,35.);
#1148=VECTOR('',#5546,10.);
#1149=VECTOR('',#5549,10.);
#1150=VECTOR('',#5550,10.);
#1151=VECTOR('',#5551,10.);
#1152=VECTOR('',#5552,10.);
#1153=VECTOR('',#5571,10.);
#1154=VECTOR('',#5576,10.);
#1155=VECTOR('',#5579,10.);
#1156=VECTOR('',#5580,10.);
#1157=VECTOR('',#5583,10.);
#1158=VECTOR('',#5586,10.);
#1159=VECTOR('',#5591,10.);
#1160=VECTOR('',#5600,10.);
#1161=VECTOR('',#5605,10.);
#1162=VECTOR('',#5608,10.);
#1163=VECTOR('',#5613,1.5);
#1164=VECTOR('',#5616,1.5);
#1165=VECTOR('',#5619,1.5);
#1166=VECTOR('',#5622,1.5);
#1167=CIRCLE('',#3775,2.5);
#1168=CIRCLE('',#3776,2.5);
#1169=CIRCLE('',#3781,4.5);
#1170=CIRCLE('',#3783,0.499999999999998);
#1171=CIRCLE('',#3784,15.5);
#1172=CIRCLE('',#3785,0.5);
#1173=CIRCLE('',#3786,15.);
#1174=CIRCLE('',#3788,0.5);
#1175=CIRCLE('',#3789,4.5);
#1176=CIRCLE('',#3790,4.);
#1177=CIRCLE('',#3792,0.5);
#1178=CIRCLE('',#3794,0.499999999999995);
#1179=CIRCLE('',#3795,2.5);
#1180=CIRCLE('',#3796,2.);
#1181=CIRCLE('',#3798,0.499999999999995);
#1182=CIRCLE('',#3799,27.15);
#1183=CIRCLE('',#3800,26.65);
#1184=CIRCLE('',#3802,0.5);
#1185=CIRCLE('',#3803,2.5);
#1186=CIRCLE('',#3804,2.);
#1187=CIRCLE('',#3806,0.5);
#1188=CIRCLE('',#3808,4.);
#1189=CIRCLE('',#3809,4.5);
#1190=CIRCLE('',#3811,2.);
#1191=CIRCLE('',#3814,4.);
#1192=CIRCLE('',#3816,15.5);
#1193=CIRCLE('',#3818,28.5);
#1194=CIRCLE('',#3819,15.);
#1195=CIRCLE('',#3820,4.5);
#1196=CIRCLE('',#3821,2.5);
#1197=CIRCLE('',#3822,27.15);
#1198=CIRCLE('',#3823,2.5);
#1199=CIRCLE('',#3824,4.5);
#1200=CIRCLE('',#3825,15.);
#1201=CIRCLE('',#3826,4.5);
#1202=CIRCLE('',#3827,2.5);
#1203=CIRCLE('',#3828,27.15);
#1204=CIRCLE('',#3829,2.5);
#1205=CIRCLE('',#3830,4.5);
#1206=CIRCLE('',#3831,15.);
#1207=CIRCLE('',#3832,4.5);
#1208=CIRCLE('',#3833,2.5);
#1209=CIRCLE('',#3834,27.15);
#1210=CIRCLE('',#3835,2.5);
#1211=CIRCLE('',#3836,4.5);
#1212=CIRCLE('',#3837,1.6);
#1213=CIRCLE('',#3838,1.6);
#1214=CIRCLE('',#3839,1.6);
#1215=CIRCLE('',#3840,1.6);
#1216=CIRCLE('',#3841,11.);
#1217=CIRCLE('',#3842,15.);
#1218=CIRCLE('',#3843,4.5);
#1219=CIRCLE('',#3844,2.5);
#1220=CIRCLE('',#3845,27.15);
#1221=CIRCLE('',#3846,2.5);
#1222=CIRCLE('',#3847,4.5);
#1223=CIRCLE('',#3848,4.5);
#1224=CIRCLE('',#3849,15.);
#1225=CIRCLE('',#3850,4.5);
#1226=CIRCLE('',#3851,2.5);
#1227=CIRCLE('',#3852,27.15);
#1228=CIRCLE('',#3853,2.5);
#1229=CIRCLE('',#3855,0.499999999999998);
#1230=CIRCLE('',#3856,15.5);
#1231=CIRCLE('',#3857,0.500000000000002);
#1232=CIRCLE('',#3859,0.499999999999995);
#1233=CIRCLE('',#3860,4.);
#1234=CIRCLE('',#3862,0.500000000000002);
#1235=CIRCLE('',#3864,0.499999999999994);
#1236=CIRCLE('',#3865,2.);
#1237=CIRCLE('',#3867,0.500000000000004);
#1238=CIRCLE('',#3868,26.65);
#1239=CIRCLE('',#3870,0.500000000000002);
#1240=CIRCLE('',#3871,2.);
#1241=CIRCLE('',#3873,0.499999999999999);
#1242=CIRCLE('',#3875,4.);
#1243=CIRCLE('',#3877,2.);
#1244=CIRCLE('',#3880,4.);
#1245=CIRCLE('',#3882,15.5);
#1246=CIRCLE('',#3884,0.499999999999998);
#1247=CIRCLE('',#3885,0.499999999999999);
#1248=CIRCLE('',#3887,0.500000000000003);
#1249=CIRCLE('',#3888,4.);
#1250=CIRCLE('',#3890,0.500000000000001);
#1251=CIRCLE('',#3891,15.5);
#1252=CIRCLE('',#3893,0.499999999999994);
#1253=CIRCLE('',#3894,4.);
#1254=CIRCLE('',#3896,0.500000000000001);
#1255=CIRCLE('',#3898,0.499999999999998);
#1256=CIRCLE('',#3899,2.);
#1257=CIRCLE('',#3901,0.499999999999998);
#1258=CIRCLE('',#3902,26.65);
#1259=CIRCLE('',#3904,2.);
#1260=CIRCLE('',#3906,4.);
#1261=CIRCLE('',#3908,15.5);
#1262=CIRCLE('',#3910,4.);
#1263=CIRCLE('',#3913,0.499999999999998);
#1264=CIRCLE('',#3914,15.5);
#1265=CIRCLE('',#3915,0.500000000000002);
#1266=CIRCLE('',#3917,0.5);
#1267=CIRCLE('',#3918,4.);
#1268=CIRCLE('',#3920,0.5);
#1269=CIRCLE('',#3922,0.499999999999995);
#1270=CIRCLE('',#3923,2.);
#1271=CIRCLE('',#3925,0.500000000000003);
#1272=CIRCLE('',#3926,26.65);
#1273=CIRCLE('',#3928,0.499999999999995);
#1274=CIRCLE('',#3929,2.);
#1275=CIRCLE('',#3931,0.5);
#1276=CIRCLE('',#3933,4.);
#1277=CIRCLE('',#3935,2.);
#1278=CIRCLE('',#3938,4.);
#1279=CIRCLE('',#3940,15.5);
#1280=CIRCLE('',#3942,0.499999999999998);
#1281=CIRCLE('',#3943,15.5);
#1282=CIRCLE('',#3944,0.500000000000001);
#1283=CIRCLE('',#3946,0.499999999999997);
#1284=CIRCLE('',#3947,4.);
#1285=CIRCLE('',#3949,0.500000000000001);
#1286=CIRCLE('',#3951,0.499999999999998);
#1287=CIRCLE('',#3952,2.);
#1288=CIRCLE('',#3954,0.500000000000002);
#1289=CIRCLE('',#3955,26.65);
#1290=CIRCLE('',#3957,0.5);
#1291=CIRCLE('',#3958,2.);
#1292=CIRCLE('',#3960,0.5);
#1293=CIRCLE('',#3962,4.);
#1294=CIRCLE('',#3964,2.);
#1295=CIRCLE('',#3967,4.);
#1296=CIRCLE('',#3969,15.5);
#1297=CIRCLE('',#3971,0.499999999999998);
#1298=CIRCLE('',#3972,15.5);
#1299=CIRCLE('',#3973,0.500000000000002);
#1300=CIRCLE('',#3975,0.499999999999998);
#1301=CIRCLE('',#3976,4.);
#1302=CIRCLE('',#3978,0.5);
#1303=CIRCLE('',#3980,0.5);
#1304=CIRCLE('',#3981,2.);
#1305=CIRCLE('',#3983,0.500000000000004);
#1306=CIRCLE('',#3984,26.65);
#1307=CIRCLE('',#3986,0.5);
#1308=CIRCLE('',#3987,2.);
#1309=CIRCLE('',#3989,0.5);
#1310=CIRCLE('',#3991,4.);
#1311=CIRCLE('',#3993,2.);
#1312=CIRCLE('',#3996,4.);
#1313=CIRCLE('',#3998,15.5);
#1314=CIRCLE('',#4000,0.499999999999999);
#1315=CIRCLE('',#4001,3.5);
#1316=CIRCLE('',#4002,0.499999999999998);
#1317=CIRCLE('',#4004,0.499999999999998);
#1318=CIRCLE('',#4006,0.499999999999998);
#1319=CIRCLE('',#4007,1.5);
#1320=CIRCLE('',#4009,0.499999999999998);
#1321=CIRCLE('',#4010,26.65);
#1322=CIRCLE('',#4011,26.15);
#1323=CIRCLE('',#4013,0.499999999999998);
#1324=CIRCLE('',#4014,2.);
#1325=CIRCLE('',#4015,1.5);
#1326=CIRCLE('',#4017,0.499999999999998);
#1327=CIRCLE('',#4019,0.499999999999998);
#1328=CIRCLE('',#4020,4.);
#1329=CIRCLE('',#4021,3.5);
#1330=CIRCLE('',#4023,16.);
#1331=CIRCLE('',#4028,0.500000000000001);
#1332=CIRCLE('',#4029,1.5);
#1333=CIRCLE('',#4030,0.499999999999998);
#1334=CIRCLE('',#4031,2.);
#1335=CIRCLE('',#4033,0.499999999999998);
#1336=CIRCLE('',#4035,0.499999999999998);
#1337=CIRCLE('',#4036,4.);
#1338=CIRCLE('',#4037,3.5);
#1339=CIRCLE('',#4039,0.499999999999998);
#1340=CIRCLE('',#4040,16.);
#1341=CIRCLE('',#4042,0.499999999999998);
#1342=CIRCLE('',#4043,3.5);
#1343=CIRCLE('',#4045,0.499999999999998);
#1344=CIRCLE('',#4047,0.499999999999998);
#1345=CIRCLE('',#4048,1.5);
#1346=CIRCLE('',#4050,26.15);
#1347=CIRCLE('',#4051,26.65);
#1348=CIRCLE('',#4056,0.499999999999998);
#1349=CIRCLE('',#4057,0.500000000000002);
#1350=CIRCLE('',#4058,16.);
#1351=CIRCLE('',#4060,0.500000000000002);
#1352=CIRCLE('',#4061,3.5);
#1353=CIRCLE('',#4062,4.);
#1354=CIRCLE('',#4064,0.5);
#1355=CIRCLE('',#4066,0.500000000000004);
#1356=CIRCLE('',#4067,1.5);
#1357=CIRCLE('',#4068,2.);
#1358=CIRCLE('',#4070,0.499999999999997);
#1359=CIRCLE('',#4071,26.15);
#1360=CIRCLE('',#4072,26.65);
#1361=CIRCLE('',#4074,0.500000000000004);
#1362=CIRCLE('',#4075,1.5);
#1363=CIRCLE('',#4077,0.5);
#1364=CIRCLE('',#4079,3.5);
#1365=CIRCLE('',#4085,0.499999999999999);
#1366=CIRCLE('',#4086,3.5);
#1367=CIRCLE('',#4087,0.499999999999998);
#1368=CIRCLE('',#4089,0.499999999999998);
#1369=CIRCLE('',#4091,0.499999999999998);
#1370=CIRCLE('',#4092,2.);
#1371=CIRCLE('',#4093,1.5);
#1372=CIRCLE('',#4095,0.499999999999998);
#1373=CIRCLE('',#4096,26.65);
#1374=CIRCLE('',#4097,26.15);
#1375=CIRCLE('',#4099,0.499999999999998);
#1376=CIRCLE('',#4100,2.);
#1377=CIRCLE('',#4101,1.5);
#1378=CIRCLE('',#4103,0.499999999999998);
#1379=CIRCLE('',#4105,0.499999999999998);
#1380=CIRCLE('',#4106,3.5);
#1381=CIRCLE('',#4108,16.);
#1382=CIRCLE('',#4111,0.499999999999997);
#1383=CIRCLE('',#4112,1.5);
#1384=CIRCLE('',#4113,0.499999999999998);
#1385=CIRCLE('',#4115,0.499999999999998);
#1386=CIRCLE('',#4116,26.65);
#1387=CIRCLE('',#4117,26.15);
#1388=CIRCLE('',#4119,0.499999999999998);
#1389=CIRCLE('',#4120,2.);
#1390=CIRCLE('',#4121,1.5);
#1391=CIRCLE('',#4123,0.499999999999998);
#1392=CIRCLE('',#4125,0.499999999999998);
#1393=CIRCLE('',#4126,4.);
#1394=CIRCLE('',#4127,3.5);
#1395=CIRCLE('',#4129,0.499999999999998);
#1396=CIRCLE('',#4130,16.);
#1397=CIRCLE('',#4132,0.499999999999998);
#1398=CIRCLE('',#4133,3.5);
#1399=CIRCLE('',#4137,0.500000000000002);
#1400=CIRCLE('',#4138,1.5);
#1401=CIRCLE('',#4139,0.499999999999998);
#1402=CIRCLE('',#4141,0.499999999999998);
#1403=CIRCLE('',#4142,26.65);
#1404=CIRCLE('',#4143,26.15);
#1405=CIRCLE('',#4145,0.499999999999998);
#1406=CIRCLE('',#4146,2.);
#1407=CIRCLE('',#4147,1.5);
#1408=CIRCLE('',#4149,0.499999999999998);
#1409=CIRCLE('',#4151,0.499999999999998);
#1410=CIRCLE('',#4152,4.);
#1411=CIRCLE('',#4153,3.5);
#1412=CIRCLE('',#4155,0.499999999999998);
#1413=CIRCLE('',#4156,16.);
#1414=CIRCLE('',#4158,0.499999999999998);
#1415=CIRCLE('',#4159,3.5);
#1416=CIRCLE('',#4174,1.6);
#1417=CIRCLE('',#4176,1.6);
#1418=CIRCLE('',#4178,1.6);
#1419=CIRCLE('',#4180,1.6);
#1420=CIRCLE('',#4192,35.);
#1421=CIRCLE('',#4193,35.);
#1422=CIRCLE('',#4194,1.6);
#1423=CIRCLE('',#4202,35.);
#1424=CIRCLE('',#4203,1.6);
#1425=CIRCLE('',#4211,35.);
#1426=CIRCLE('',#4212,1.6);
#1427=CIRCLE('',#4220,35.);
#1428=CIRCLE('',#4221,1.6);
#1429=CIRCLE('',#4223,35.);
#1430=CIRCLE('',#4224,35.);
#1431=CIRCLE('',#4225,35.);
#1432=CIRCLE('',#4226,35.);
#1433=CIRCLE('',#4227,1.6);
#1434=CIRCLE('',#4228,1.6);
#1435=CIRCLE('',#4229,1.6);
#1436=CIRCLE('',#4230,1.6);
#1437=CIRCLE('',#4231,28.5);
#1438=CIRCLE('',#4233,1.6);
#1439=CIRCLE('',#4235,1.6);
#1440=CIRCLE('',#4237,1.6);
#1441=CIRCLE('',#4239,1.6);
#1442=CIRCLE('',#4241,1.6);
#1443=CIRCLE('',#4243,1.6);
#1444=CIRCLE('',#4245,1.6);
#1445=CIRCLE('',#4247,1.6);
#1446=CIRCLE('',#4251,4.5);
#1447=CIRCLE('',#4256,2.5);
#1448=CIRCLE('',#4257,2.5);
#1449=CIRCLE('',#4259,28.5);
#1450=CIRCLE('',#4260,28.5);
#1451=CIRCLE('',#4263,11.);
#1452=CIRCLE('',#4264,11.);
#1453=CIRCLE('',#4265,11.);
#1454=CIRCLE('',#4275,35.);
#1455=CIRCLE('',#4276,1.5);
#1456=CIRCLE('',#4277,1.5);
#1457=CIRCLE('',#4278,1.5);
#1458=CIRCLE('',#4279,1.5);
#1459=CIRCLE('',#4285,1.5);
#1460=CIRCLE('',#4287,1.5);
#1461=CIRCLE('',#4289,1.5);
#1462=CIRCLE('',#4291,1.5);
#1463=VERTEX_POINT('',#5625);
#1464=VERTEX_POINT('',#5626);
#1465=VERTEX_POINT('',#5628);
#1466=VERTEX_POINT('',#5630);
#1467=VERTEX_POINT('',#5634);
#1468=VERTEX_POINT('',#5636);
#1469=VERTEX_POINT('',#5638);
#1470=VERTEX_POINT('',#5640);
#1471=VERTEX_POINT('',#5642);
#1472=VERTEX_POINT('',#5646);
#1473=VERTEX_POINT('',#5655);
#1474=VERTEX_POINT('',#5656);
#1475=VERTEX_POINT('',#5658);
#1476=VERTEX_POINT('',#5660);
#1477=VERTEX_POINT('',#5664);
#1478=VERTEX_POINT('',#5665);
#1479=VERTEX_POINT('',#5670);
#1480=VERTEX_POINT('',#5671);
#1481=VERTEX_POINT('',#5676);
#1482=VERTEX_POINT('',#5677);
#1483=VERTEX_POINT('',#5682);
#1484=VERTEX_POINT('',#5683);
#1485=VERTEX_POINT('',#5688);
#1486=VERTEX_POINT('',#5689);
#1487=VERTEX_POINT('',#5694);
#1488=VERTEX_POINT('',#5695);
#1489=VERTEX_POINT('',#5703);
#1490=VERTEX_POINT('',#5705);
#1491=VERTEX_POINT('',#5709);
#1492=VERTEX_POINT('',#5713);
#1493=VERTEX_POINT('',#5717);
#1494=VERTEX_POINT('',#5721);
#1495=VERTEX_POINT('',#5723);
#1496=VERTEX_POINT('',#5724);
#1497=VERTEX_POINT('',#5726);
#1498=VERTEX_POINT('',#5728);
#1499=VERTEX_POINT('',#5730);
#1500=VERTEX_POINT('',#5732);
#1501=VERTEX_POINT('',#5734);
#1502=VERTEX_POINT('',#5736);
#1503=VERTEX_POINT('',#5739);
#1504=VERTEX_POINT('',#5740);
#1505=VERTEX_POINT('',#5742);
#1506=VERTEX_POINT('',#5744);
#1507=VERTEX_POINT('',#5746);
#1508=VERTEX_POINT('',#5748);
#1509=VERTEX_POINT('',#5750);
#1510=VERTEX_POINT('',#5752);
#1511=VERTEX_POINT('',#5755);
#1512=VERTEX_POINT('',#5756);
#1513=VERTEX_POINT('',#5758);
#1514=VERTEX_POINT('',#5760);
#1515=VERTEX_POINT('',#5762);
#1516=VERTEX_POINT('',#5764);
#1517=VERTEX_POINT('',#5766);
#1518=VERTEX_POINT('',#5768);
#1519=VERTEX_POINT('',#5771);
#1520=VERTEX_POINT('',#5773);
#1521=VERTEX_POINT('',#5775);
#1522=VERTEX_POINT('',#5777);
#1523=VERTEX_POINT('',#5779);
#1524=VERTEX_POINT('',#5781);
#1525=VERTEX_POINT('',#5782);
#1526=VERTEX_POINT('',#5784);
#1527=VERTEX_POINT('',#5786);
#1528=VERTEX_POINT('',#5788);
#1529=VERTEX_POINT('',#5790);
#1530=VERTEX_POINT('',#5792);
#1531=VERTEX_POINT('',#5794);
#1532=VERTEX_POINT('',#5797);
#1533=VERTEX_POINT('',#5798);
#1534=VERTEX_POINT('',#5800);
#1535=VERTEX_POINT('',#5802);
#1536=VERTEX_POINT('',#5804);
#1537=VERTEX_POINT('',#5806);
#1538=VERTEX_POINT('',#5808);
#1539=VERTEX_POINT('',#5810);
#1540=VERTEX_POINT('',#5814);
#1541=VERTEX_POINT('',#5816);
#1542=VERTEX_POINT('',#5820);
#1543=VERTEX_POINT('',#5824);
#1544=VERTEX_POINT('',#5828);
#1545=VERTEX_POINT('',#5832);
#1546=VERTEX_POINT('',#5836);
#1547=VERTEX_POINT('',#5840);
#1548=VERTEX_POINT('',#5846);
#1549=VERTEX_POINT('',#5848);
#1550=VERTEX_POINT('',#5852);
#1551=VERTEX_POINT('',#5856);
#1552=VERTEX_POINT('',#5860);
#1553=VERTEX_POINT('',#5864);
#1554=VERTEX_POINT('',#5866);
#1555=VERTEX_POINT('',#5870);
#1556=VERTEX_POINT('',#5874);
#1557=VERTEX_POINT('',#5878);
#1558=VERTEX_POINT('',#5882);
#1559=VERTEX_POINT('',#5886);
#1560=VERTEX_POINT('',#5890);
#1561=VERTEX_POINT('',#5896);
#1562=VERTEX_POINT('',#5898);
#1563=VERTEX_POINT('',#5902);
#1564=VERTEX_POINT('',#5906);
#1565=VERTEX_POINT('',#5910);
#1566=VERTEX_POINT('',#5914);
#1567=VERTEX_POINT('',#5916);
#1568=VERTEX_POINT('',#5920);
#1569=VERTEX_POINT('',#5924);
#1570=VERTEX_POINT('',#5928);
#1571=VERTEX_POINT('',#5932);
#1572=VERTEX_POINT('',#5936);
#1573=VERTEX_POINT('',#5940);
#1574=VERTEX_POINT('',#5946);
#1575=VERTEX_POINT('',#5948);
#1576=VERTEX_POINT('',#5952);
#1577=VERTEX_POINT('',#5956);
#1578=VERTEX_POINT('',#5960);
#1579=VERTEX_POINT('',#5964);
#1580=VERTEX_POINT('',#5966);
#1581=VERTEX_POINT('',#5970);
#1582=VERTEX_POINT('',#5974);
#1583=VERTEX_POINT('',#5978);
#1584=VERTEX_POINT('',#5982);
#1585=VERTEX_POINT('',#5986);
#1586=VERTEX_POINT('',#5990);
#1587=VERTEX_POINT('',#5996);
#1588=VERTEX_POINT('',#5998);
#1589=VERTEX_POINT('',#6002);
#1590=VERTEX_POINT('',#6006);
#1591=VERTEX_POINT('',#6010);
#1592=VERTEX_POINT('',#6014);
#1593=VERTEX_POINT('',#6016);
#1594=VERTEX_POINT('',#6020);
#1595=VERTEX_POINT('',#6024);
#1596=VERTEX_POINT('',#6028);
#1597=VERTEX_POINT('',#6032);
#1598=VERTEX_POINT('',#6036);
#1599=VERTEX_POINT('',#6040);
#1600=VERTEX_POINT('',#6046);
#1601=VERTEX_POINT('',#6048);
#1602=VERTEX_POINT('',#6052);
#1603=VERTEX_POINT('',#6056);
#1604=VERTEX_POINT('',#6060);
#1605=VERTEX_POINT('',#6064);
#1606=VERTEX_POINT('',#6066);
#1607=VERTEX_POINT('',#6070);
#1608=VERTEX_POINT('',#6074);
#1609=VERTEX_POINT('',#6078);
#1610=VERTEX_POINT('',#6079);
#1611=VERTEX_POINT('',#6084);
#1612=VERTEX_POINT('',#6085);
#1613=VERTEX_POINT('',#6090);
#1614=VERTEX_POINT('',#6091);
#1615=VERTEX_POINT('',#6096);
#1616=VERTEX_POINT('',#6108);
#1617=VERTEX_POINT('',#6109);
#1618=VERTEX_POINT('',#6111);
#1619=VERTEX_POINT('',#6113);
#1620=VERTEX_POINT('',#6117);
#1621=VERTEX_POINT('',#6118);
#1622=VERTEX_POINT('',#6123);
#1623=VERTEX_POINT('',#6128);
#1624=VERTEX_POINT('',#6132);
#1625=VERTEX_POINT('',#6136);
#1626=VERTEX_POINT('',#6140);
#1627=VERTEX_POINT('',#6152);
#1628=VERTEX_POINT('',#6154);
#1629=VERTEX_POINT('',#6158);
#1630=VERTEX_POINT('',#6159);
#1631=VERTEX_POINT('',#6164);
#1632=VERTEX_POINT('',#6165);
#1633=VERTEX_POINT('',#6170);
#1634=VERTEX_POINT('',#6171);
#1635=VERTEX_POINT('',#6176);
#1636=VERTEX_POINT('',#6181);
#1637=VERTEX_POINT('',#6185);
#1638=VERTEX_POINT('',#6198);
#1639=VERTEX_POINT('',#6200);
#1640=VERTEX_POINT('',#6204);
#1641=VERTEX_POINT('',#6205);
#1642=VERTEX_POINT('',#6210);
#1643=VERTEX_POINT('',#6211);
#1644=VERTEX_POINT('',#6216);
#1645=VERTEX_POINT('',#6217);
#1646=VERTEX_POINT('',#6222);
#1647=VERTEX_POINT('',#6227);
#1648=VERTEX_POINT('',#6231);
#1649=VERTEX_POINT('',#6238);
#1650=VERTEX_POINT('',#6240);
#1651=VERTEX_POINT('',#6244);
#1652=VERTEX_POINT('',#6245);
#1653=VERTEX_POINT('',#6250);
#1654=VERTEX_POINT('',#6251);
#1655=VERTEX_POINT('',#6256);
#1656=VERTEX_POINT('',#6257);
#1657=VERTEX_POINT('',#6262);
#1658=VERTEX_POINT('',#6267);
#1659=VERTEX_POINT('',#6271);
#1660=VERTEX_POINT('',#6278);
#1661=VERTEX_POINT('',#6280);
#1662=VERTEX_POINT('',#6284);
#1663=VERTEX_POINT('',#6285);
#1664=VERTEX_POINT('',#6290);
#1665=VERTEX_POINT('',#6291);
#1666=VERTEX_POINT('',#6296);
#1667=VERTEX_POINT('',#6297);
#1668=VERTEX_POINT('',#6302);
#1669=VERTEX_POINT('',#6307);
#1670=VERTEX_POINT('',#6311);
#1671=VERTEX_POINT('',#6337);
#1672=VERTEX_POINT('',#6341);
#1673=VERTEX_POINT('',#6345);
#1674=VERTEX_POINT('',#6349);
#1675=VERTEX_POINT('',#6360);
#1676=VERTEX_POINT('',#6361);
#1677=VERTEX_POINT('',#6363);
#1678=VERTEX_POINT('',#6365);
#1679=VERTEX_POINT('',#6369);
#1680=VERTEX_POINT('',#6371);
#1681=VERTEX_POINT('',#6375);
#1682=VERTEX_POINT('',#6376);
#1683=VERTEX_POINT('',#6378);
#1684=VERTEX_POINT('',#6380);
#1685=VERTEX_POINT('',#6384);
#1686=VERTEX_POINT('',#6386);
#1687=VERTEX_POINT('',#6390);
#1688=VERTEX_POINT('',#6392);
#1689=VERTEX_POINT('',#6399);
#1690=VERTEX_POINT('',#6402);
#1691=VERTEX_POINT('',#6405);
#1692=VERTEX_POINT('',#6406);
#1693=VERTEX_POINT('',#6408);
#1694=VERTEX_POINT('',#6410);
#1695=VERTEX_POINT('',#6414);
#1696=VERTEX_POINT('',#6416);
#1697=VERTEX_POINT('',#6420);
#1698=VERTEX_POINT('',#6421);
#1699=VERTEX_POINT('',#6423);
#1700=VERTEX_POINT('',#6425);
#1701=VERTEX_POINT('',#6429);
#1702=VERTEX_POINT('',#6431);
#1703=VERTEX_POINT('',#6435);
#1704=VERTEX_POINT('',#6437);
#1705=VERTEX_POINT('',#6445);
#1706=VERTEX_POINT('',#6448);
#1707=VERTEX_POINT('',#6449);
#1708=VERTEX_POINT('',#6451);
#1709=VERTEX_POINT('',#6453);
#1710=VERTEX_POINT('',#6457);
#1711=VERTEX_POINT('',#6459);
#1712=VERTEX_POINT('',#6463);
#1713=VERTEX_POINT('',#6465);
#1714=VERTEX_POINT('',#6469);
#1715=VERTEX_POINT('',#6471);
#1716=VERTEX_POINT('',#6475);
#1717=VERTEX_POINT('',#6477);
#1718=VERTEX_POINT('',#6481);
#1719=VERTEX_POINT('',#6483);
#1720=VERTEX_POINT('',#6488);
#1721=VERTEX_POINT('',#6491);
#1722=VERTEX_POINT('',#6492);
#1723=VERTEX_POINT('',#6494);
#1724=VERTEX_POINT('',#6496);
#1725=VERTEX_POINT('',#6500);
#1726=VERTEX_POINT('',#6502);
#1727=VERTEX_POINT('',#6506);
#1728=VERTEX_POINT('',#6507);
#1729=VERTEX_POINT('',#6509);
#1730=VERTEX_POINT('',#6511);
#1731=VERTEX_POINT('',#6515);
#1732=VERTEX_POINT('',#6517);
#1733=VERTEX_POINT('',#6521);
#1734=VERTEX_POINT('',#6523);
#1735=VERTEX_POINT('',#6531);
#1736=VERTEX_POINT('',#6538);
#1737=VERTEX_POINT('',#6540);
#1738=VERTEX_POINT('',#6542);
#1739=VERTEX_POINT('',#6544);
#1740=VERTEX_POINT('',#6546);
#1741=VERTEX_POINT('',#6549);
#1742=VERTEX_POINT('',#6553);
#1743=VERTEX_POINT('',#6557);
#1744=VERTEX_POINT('',#6561);
#1745=VERTEX_POINT('',#6565);
#1746=VERTEX_POINT('',#6569);
#1747=VERTEX_POINT('',#6573);
#1748=VERTEX_POINT('',#6577);
#1749=VERTEX_POINT('',#6583);
#1750=VERTEX_POINT('',#6584);
#1751=VERTEX_POINT('',#6586);
#1752=VERTEX_POINT('',#6595);
#1753=VERTEX_POINT('',#6597);
#1754=VERTEX_POINT('',#6599);
#1755=VERTEX_POINT('',#6601);
#1756=VERTEX_POINT('',#6603);
#1757=VERTEX_POINT('',#6607);
#1758=VERTEX_POINT('',#6609);
#1759=VERTEX_POINT('',#6618);
#1760=VERTEX_POINT('',#6619);
#1761=VERTEX_POINT('',#6632);
#1762=VERTEX_POINT('',#6634);
#1763=VERTEX_POINT('',#6647);
#1764=VERTEX_POINT('',#6649);
#1765=VERTEX_POINT('',#6662);
#1766=VERTEX_POINT('',#6664);
#1767=VERTEX_POINT('',#6677);
#1768=VERTEX_POINT('',#6682);
#1769=VERTEX_POINT('',#6684);
#1770=VERTEX_POINT('',#6688);
#1771=VERTEX_POINT('',#6690);
#1772=VERTEX_POINT('',#6694);
#1773=VERTEX_POINT('',#6696);
#1774=VERTEX_POINT('',#6702);
#1775=VERTEX_POINT('',#6706);
#1776=VERTEX_POINT('',#6708);
#1777=VERTEX_POINT('',#6711);
#1778=VERTEX_POINT('',#6714);
#1779=VERTEX_POINT('',#6716);
#1780=VERTEX_POINT('',#6718);
#1781=VERTEX_POINT('',#6720);
#1782=VERTEX_POINT('',#6725);
#1783=VERTEX_POINT('',#6729);
#1784=VERTEX_POINT('',#6732);
#1785=VERTEX_POINT('',#6736);
#1786=VERTEX_POINT('',#6739);
#1787=VERTEX_POINT('',#6742);
#1788=VERTEX_POINT('',#6745);
#1789=VERTEX_POINT('',#6748);
#1790=VERTEX_POINT('',#6754);
#1791=VERTEX_POINT('',#6760);
#1792=VERTEX_POINT('',#6769);
#1793=EDGE_CURVE('',#1463,#1464,#1167,.T.);
#1794=EDGE_CURVE('',#1464,#1465,#701,.T.);
#1795=EDGE_CURVE('',#1465,#1466,#1168,.T.);
#1796=EDGE_CURVE('',#1466,#1463,#702,.T.);
#1797=EDGE_CURVE('',#1464,#1467,#703,.T.);
#1798=EDGE_CURVE('',#1468,#1467,#704,.T.);
#1799=EDGE_CURVE('',#1469,#1468,#130,.T.);
#1800=EDGE_CURVE('',#1469,#1470,#705,.T.);
#1801=EDGE_CURVE('',#1471,#1470,#131,.T.);
#1802=EDGE_CURVE('',#1465,#1471,#706,.T.);
#1803=EDGE_CURVE('',#1467,#1472,#1169,.T.);
#1804=EDGE_CURVE('',#1468,#1472,#124,.F.);
#1805=EDGE_CURVE('',#1473,#1474,#1170,.T.);
#1806=EDGE_CURVE('',#1474,#1475,#1171,.T.);
#1807=EDGE_CURVE('',#1475,#1476,#1172,.T.);
#1808=EDGE_CURVE('',#1476,#1473,#1173,.T.);
#1809=EDGE_CURVE('',#1477,#1478,#1174,.T.);
#1810=EDGE_CURVE('',#1478,#1476,#1175,.T.);
#1811=EDGE_CURVE('',#1475,#1477,#1176,.T.);
#1812=EDGE_CURVE('',#1479,#1480,#1177,.T.);
#1813=EDGE_CURVE('',#1480,#1478,#707,.T.);
#1814=EDGE_CURVE('',#1477,#1479,#708,.T.);
#1815=EDGE_CURVE('',#1481,#1482,#1178,.T.);
#1816=EDGE_CURVE('',#1482,#1480,#1179,.T.);
#1817=EDGE_CURVE('',#1479,#1481,#1180,.T.);
#1818=EDGE_CURVE('',#1483,#1484,#1181,.T.);
#1819=EDGE_CURVE('',#1484,#1482,#1182,.T.);
#1820=EDGE_CURVE('',#1481,#1483,#1183,.T.);
#1821=EDGE_CURVE('',#1485,#1486,#1184,.T.);
#1822=EDGE_CURVE('',#1486,#1484,#1185,.T.);
#1823=EDGE_CURVE('',#1483,#1485,#1186,.T.);
#1824=EDGE_CURVE('',#1487,#1488,#1187,.T.);
#1825=EDGE_CURVE('',#1488,#1486,#709,.T.);
#1826=EDGE_CURVE('',#1485,#1487,#710,.T.);
#1827=EDGE_CURVE('',#1487,#1474,#1188,.T.);
#1828=EDGE_CURVE('',#1473,#1488,#1189,.T.);
#1829=EDGE_CURVE('',#1479,#1489,#711,.T.);
#1830=EDGE_CURVE('',#1490,#1489,#1190,.T.);
#1831=EDGE_CURVE('',#1490,#1481,#712,.T.);
#1832=EDGE_CURVE('',#1491,#1477,#713,.T.);
#1833=EDGE_CURVE('',#1489,#1491,#714,.T.);
#1834=EDGE_CURVE('',#1475,#1492,#715,.T.);
#1835=EDGE_CURVE('',#1491,#1492,#1191,.T.);
#1836=EDGE_CURVE('',#1493,#1474,#716,.T.);
#1837=EDGE_CURVE('',#1492,#1493,#1192,.T.);
#1838=EDGE_CURVE('',#1494,#1494,#1193,.T.);
#1839=EDGE_CURVE('',#1495,#1496,#1194,.T.);
#1840=EDGE_CURVE('',#1497,#1495,#1195,.T.);
#1841=EDGE_CURVE('',#1498,#1497,#717,.T.);
#1842=EDGE_CURVE('',#1499,#1498,#1196,.T.);
#1843=EDGE_CURVE('',#1500,#1499,#1197,.T.);
#1844=EDGE_CURVE('',#1501,#1500,#1198,.T.);
#1845=EDGE_CURVE('',#1502,#1501,#718,.T.);
#1846=EDGE_CURVE('',#1496,#1502,#1199,.T.);
#1847=EDGE_CURVE('',#1503,#1504,#1200,.T.);
#1848=EDGE_CURVE('',#1505,#1503,#1201,.T.);
#1849=EDGE_CURVE('',#1506,#1505,#719,.T.);
#1850=EDGE_CURVE('',#1507,#1506,#1202,.T.);
#1851=EDGE_CURVE('',#1508,#1507,#1203,.T.);
#1852=EDGE_CURVE('',#1509,#1508,#1204,.T.);
#1853=EDGE_CURVE('',#1510,#1509,#720,.T.);
#1854=EDGE_CURVE('',#1504,#1510,#1205,.T.);
#1855=EDGE_CURVE('',#1511,#1512,#1206,.T.);
#1856=EDGE_CURVE('',#1513,#1511,#1207,.T.);
#1857=EDGE_CURVE('',#1514,#1513,#721,.T.);
#1858=EDGE_CURVE('',#1515,#1514,#1208,.T.);
#1859=EDGE_CURVE('',#1516,#1515,#1209,.T.);
#1860=EDGE_CURVE('',#1517,#1516,#1210,.T.);
#1861=EDGE_CURVE('',#1518,#1517,#722,.T.);
#1862=EDGE_CURVE('',#1512,#1518,#1211,.T.);
#1863=EDGE_CURVE('',#1519,#1519,#1212,.T.);
#1864=EDGE_CURVE('',#1520,#1520,#1213,.T.);
#1865=EDGE_CURVE('',#1521,#1521,#1214,.T.);
#1866=EDGE_CURVE('',#1522,#1522,#1215,.T.);
#1867=EDGE_CURVE('',#1523,#1523,#1216,.T.);
#1868=EDGE_CURVE('',#1524,#1525,#1217,.T.);
#1869=EDGE_CURVE('',#1526,#1524,#1218,.T.);
#1870=EDGE_CURVE('',#1527,#1526,#723,.T.);
#1871=EDGE_CURVE('',#1528,#1527,#1219,.T.);
#1872=EDGE_CURVE('',#1529,#1528,#1220,.T.);
#1873=EDGE_CURVE('',#1530,#1529,#1221,.T.);
#1874=EDGE_CURVE('',#1531,#1530,#724,.T.);
#1875=EDGE_CURVE('',#1525,#1531,#1222,.T.);
#1876=EDGE_CURVE('',#1532,#1533,#725,.T.);
#1877=EDGE_CURVE('',#1534,#1532,#1223,.T.);
#1878=EDGE_CURVE('',#1535,#1534,#1224,.T.);
#1879=EDGE_CURVE('',#1536,#1535,#1225,.T.);
#1880=EDGE_CURVE('',#1537,#1536,#726,.T.);
#1881=EDGE_CURVE('',#1538,#1537,#1226,.T.);
#1882=EDGE_CURVE('',#1539,#1538,#1227,.T.);
#1883=EDGE_CURVE('',#1533,#1539,#1228,.T.);
#1884=EDGE_CURVE('',#1496,#1540,#1229,.T.);
#1885=EDGE_CURVE('',#1540,#1541,#1230,.T.);
#1886=EDGE_CURVE('',#1541,#1495,#1231,.T.);
#1887=EDGE_CURVE('',#1542,#1497,#1232,.T.);
#1888=EDGE_CURVE('',#1541,#1542,#1233,.T.);
#1889=EDGE_CURVE('',#1543,#1498,#1234,.T.);
#1890=EDGE_CURVE('',#1542,#1543,#727,.T.);
#1891=EDGE_CURVE('',#1544,#1499,#1235,.T.);
#1892=EDGE_CURVE('',#1543,#1544,#1236,.T.);
#1893=EDGE_CURVE('',#1545,#1500,#1237,.T.);
#1894=EDGE_CURVE('',#1544,#1545,#1238,.T.);
#1895=EDGE_CURVE('',#1546,#1501,#1239,.T.);
#1896=EDGE_CURVE('',#1545,#1546,#1240,.T.);
#1897=EDGE_CURVE('',#1547,#1502,#1241,.T.);
#1898=EDGE_CURVE('',#1546,#1547,#728,.T.);
#1899=EDGE_CURVE('',#1547,#1540,#1242,.T.);
#1900=EDGE_CURVE('',#1543,#1548,#729,.T.);
#1901=EDGE_CURVE('',#1549,#1548,#1243,.T.);
#1902=EDGE_CURVE('',#1549,#1544,#730,.T.);
#1903=EDGE_CURVE('',#1550,#1542,#731,.T.);
#1904=EDGE_CURVE('',#1548,#1550,#732,.T.);
#1905=EDGE_CURVE('',#1541,#1551,#733,.T.);
#1906=EDGE_CURVE('',#1550,#1551,#1244,.T.);
#1907=EDGE_CURVE('',#1552,#1540,#734,.T.);
#1908=EDGE_CURVE('',#1551,#1552,#1245,.T.);
#1909=EDGE_CURVE('',#1533,#1553,#1246,.T.);
#1910=EDGE_CURVE('',#1553,#1554,#735,.T.);
#1911=EDGE_CURVE('',#1554,#1532,#1247,.T.);
#1912=EDGE_CURVE('',#1555,#1534,#1248,.T.);
#1913=EDGE_CURVE('',#1554,#1555,#1249,.T.);
#1914=EDGE_CURVE('',#1556,#1535,#1250,.T.);
#1915=EDGE_CURVE('',#1555,#1556,#1251,.T.);
#1916=EDGE_CURVE('',#1557,#1536,#1252,.T.);
#1917=EDGE_CURVE('',#1556,#1557,#1253,.T.);
#1918=EDGE_CURVE('',#1558,#1537,#1254,.T.);
#1919=EDGE_CURVE('',#1557,#1558,#736,.T.);
#1920=EDGE_CURVE('',#1559,#1538,#1255,.T.);
#1921=EDGE_CURVE('',#1558,#1559,#1256,.T.);
#1922=EDGE_CURVE('',#1560,#1539,#1257,.T.);
#1923=EDGE_CURVE('',#1559,#1560,#1258,.T.);
#1924=EDGE_CURVE('',#1560,#1553,#1259,.T.);
#1925=EDGE_CURVE('',#1556,#1561,#737,.T.);
#1926=EDGE_CURVE('',#1562,#1561,#1260,.T.);
#1927=EDGE_CURVE('',#1562,#1557,#738,.T.);
#1928=EDGE_CURVE('',#1563,#1555,#739,.T.);
#1929=EDGE_CURVE('',#1561,#1563,#1261,.T.);
#1930=EDGE_CURVE('',#1554,#1564,#740,.T.);
#1931=EDGE_CURVE('',#1563,#1564,#1262,.T.);
#1932=EDGE_CURVE('',#1565,#1553,#741,.T.);
#1933=EDGE_CURVE('',#1564,#1565,#742,.T.);
#1934=EDGE_CURVE('',#1504,#1566,#1263,.T.);
#1935=EDGE_CURVE('',#1566,#1567,#1264,.T.);
#1936=EDGE_CURVE('',#1567,#1503,#1265,.T.);
#1937=EDGE_CURVE('',#1568,#1505,#1266,.T.);
#1938=EDGE_CURVE('',#1567,#1568,#1267,.T.);
#1939=EDGE_CURVE('',#1569,#1506,#1268,.T.);
#1940=EDGE_CURVE('',#1568,#1569,#743,.T.);
#1941=EDGE_CURVE('',#1570,#1507,#1269,.T.);
#1942=EDGE_CURVE('',#1569,#1570,#1270,.T.);
#1943=EDGE_CURVE('',#1571,#1508,#1271,.T.);
#1944=EDGE_CURVE('',#1570,#1571,#1272,.T.);
#1945=EDGE_CURVE('',#1572,#1509,#1273,.T.);
#1946=EDGE_CURVE('',#1571,#1572,#1274,.T.);
#1947=EDGE_CURVE('',#1573,#1510,#1275,.T.);
#1948=EDGE_CURVE('',#1572,#1573,#744,.T.);
#1949=EDGE_CURVE('',#1573,#1566,#1276,.T.);
#1950=EDGE_CURVE('',#1569,#1574,#745,.T.);
#1951=EDGE_CURVE('',#1575,#1574,#1277,.T.);
#1952=EDGE_CURVE('',#1575,#1570,#746,.T.);
#1953=EDGE_CURVE('',#1576,#1568,#747,.T.);
#1954=EDGE_CURVE('',#1574,#1576,#748,.T.);
#1955=EDGE_CURVE('',#1567,#1577,#749,.T.);
#1956=EDGE_CURVE('',#1576,#1577,#1278,.T.);
#1957=EDGE_CURVE('',#1578,#1566,#750,.T.);
#1958=EDGE_CURVE('',#1577,#1578,#1279,.T.);
#1959=EDGE_CURVE('',#1525,#1579,#1280,.T.);
#1960=EDGE_CURVE('',#1579,#1580,#1281,.T.);
#1961=EDGE_CURVE('',#1580,#1524,#1282,.T.);
#1962=EDGE_CURVE('',#1581,#1526,#1283,.T.);
#1963=EDGE_CURVE('',#1580,#1581,#1284,.T.);
#1964=EDGE_CURVE('',#1582,#1527,#1285,.T.);
#1965=EDGE_CURVE('',#1581,#1582,#751,.T.);
#1966=EDGE_CURVE('',#1583,#1528,#1286,.T.);
#1967=EDGE_CURVE('',#1582,#1583,#1287,.T.);
#1968=EDGE_CURVE('',#1584,#1529,#1288,.T.);
#1969=EDGE_CURVE('',#1583,#1584,#1289,.T.);
#1970=EDGE_CURVE('',#1585,#1530,#1290,.T.);
#1971=EDGE_CURVE('',#1584,#1585,#1291,.T.);
#1972=EDGE_CURVE('',#1586,#1531,#1292,.T.);
#1973=EDGE_CURVE('',#1585,#1586,#752,.T.);
#1974=EDGE_CURVE('',#1586,#1579,#1293,.T.);
#1975=EDGE_CURVE('',#1582,#1587,#753,.T.);
#1976=EDGE_CURVE('',#1588,#1587,#1294,.T.);
#1977=EDGE_CURVE('',#1588,#1583,#754,.T.);
#1978=EDGE_CURVE('',#1589,#1581,#755,.T.);
#1979=EDGE_CURVE('',#1587,#1589,#756,.T.);
#1980=EDGE_CURVE('',#1580,#1590,#757,.T.);
#1981=EDGE_CURVE('',#1589,#1590,#1295,.T.);
#1982=EDGE_CURVE('',#1591,#1579,#758,.T.);
#1983=EDGE_CURVE('',#1590,#1591,#1296,.T.);
#1984=EDGE_CURVE('',#1512,#1592,#1297,.T.);
#1985=EDGE_CURVE('',#1592,#1593,#1298,.T.);
#1986=EDGE_CURVE('',#1593,#1511,#1299,.T.);
#1987=EDGE_CURVE('',#1594,#1513,#1300,.T.);
#1988=EDGE_CURVE('',#1593,#1594,#1301,.T.);
#1989=EDGE_CURVE('',#1595,#1514,#1302,.T.);
#1990=EDGE_CURVE('',#1594,#1595,#759,.T.);
#1991=EDGE_CURVE('',#1596,#1515,#1303,.T.);
#1992=EDGE_CURVE('',#1595,#1596,#1304,.T.);
#1993=EDGE_CURVE('',#1597,#1516,#1305,.T.);
#1994=EDGE_CURVE('',#1596,#1597,#1306,.T.);
#1995=EDGE_CURVE('',#1598,#1517,#1307,.T.);
#1996=EDGE_CURVE('',#1597,#1598,#1308,.T.);
#1997=EDGE_CURVE('',#1599,#1518,#1309,.T.);
#1998=EDGE_CURVE('',#1598,#1599,#760,.T.);
#1999=EDGE_CURVE('',#1599,#1592,#1310,.T.);
#2000=EDGE_CURVE('',#1595,#1600,#761,.T.);
#2001=EDGE_CURVE('',#1601,#1600,#1311,.T.);
#2002=EDGE_CURVE('',#1601,#1596,#762,.T.);
#2003=EDGE_CURVE('',#1602,#1594,#763,.T.);
#2004=EDGE_CURVE('',#1600,#1602,#764,.T.);
#2005=EDGE_CURVE('',#1593,#1603,#765,.T.);
#2006=EDGE_CURVE('',#1602,#1603,#1312,.T.);
#2007=EDGE_CURVE('',#1604,#1592,#766,.T.);
#2008=EDGE_CURVE('',#1603,#1604,#1313,.T.);
#2009=EDGE_CURVE('',#1590,#1605,#1314,.T.);
#2010=EDGE_CURVE('',#1605,#1606,#1315,.T.);
#2011=EDGE_CURVE('',#1606,#1589,#1316,.T.);
#2012=EDGE_CURVE('',#1607,#1587,#1317,.T.);
#2013=EDGE_CURVE('',#1606,#1607,#767,.T.);
#2014=EDGE_CURVE('',#1608,#1588,#1318,.T.);
#2015=EDGE_CURVE('',#1607,#1608,#1319,.T.);
#2016=EDGE_CURVE('',#1609,#1610,#1320,.T.);
#2017=EDGE_CURVE('',#1610,#1588,#1321,.T.);
#2018=EDGE_CURVE('',#1608,#1609,#1322,.T.);
#2019=EDGE_CURVE('',#1611,#1612,#1323,.T.);
#2020=EDGE_CURVE('',#1612,#1610,#1324,.T.);
#2021=EDGE_CURVE('',#1609,#1611,#1325,.T.);
#2022=EDGE_CURVE('',#1613,#1614,#1326,.T.);
#2023=EDGE_CURVE('',#1614,#1612,#768,.T.);
#2024=EDGE_CURVE('',#1611,#1613,#769,.T.);
#2025=EDGE_CURVE('',#1615,#1591,#1327,.T.);
#2026=EDGE_CURVE('',#1591,#1614,#1328,.T.);
#2027=EDGE_CURVE('',#1613,#1615,#1329,.T.);
#2028=EDGE_CURVE('',#1615,#1605,#1330,.T.);
#2029=EDGE_CURVE('',#1612,#1585,#770,.T.);
#2030=EDGE_CURVE('',#1586,#1614,#771,.T.);
#2031=EDGE_CURVE('',#1616,#1617,#1331,.T.);
#2032=EDGE_CURVE('',#1617,#1618,#1332,.T.);
#2033=EDGE_CURVE('',#1618,#1619,#1333,.T.);
#2034=EDGE_CURVE('',#1619,#1616,#1334,.T.);
#2035=EDGE_CURVE('',#1620,#1621,#1335,.T.);
#2036=EDGE_CURVE('',#1621,#1619,#772,.T.);
#2037=EDGE_CURVE('',#1618,#1620,#773,.T.);
#2038=EDGE_CURVE('',#1622,#1493,#1336,.T.);
#2039=EDGE_CURVE('',#1493,#1621,#1337,.T.);
#2040=EDGE_CURVE('',#1620,#1622,#1338,.T.);
#2041=EDGE_CURVE('',#1623,#1492,#1339,.T.);
#2042=EDGE_CURVE('',#1622,#1623,#1340,.T.);
#2043=EDGE_CURVE('',#1624,#1491,#1341,.T.);
#2044=EDGE_CURVE('',#1623,#1624,#1342,.T.);
#2045=EDGE_CURVE('',#1625,#1489,#1343,.T.);
#2046=EDGE_CURVE('',#1624,#1625,#774,.T.);
#2047=EDGE_CURVE('',#1626,#1490,#1344,.T.);
#2048=EDGE_CURVE('',#1625,#1626,#1345,.T.);
#2049=EDGE_CURVE('',#1626,#1617,#1346,.T.);
#2050=EDGE_CURVE('',#1616,#1490,#1347,.T.);
#2051=EDGE_CURVE('',#1483,#1616,#775,.T.);
#2052=EDGE_CURVE('',#1619,#1485,#776,.T.);
#2053=EDGE_CURVE('',#1627,#1551,#1348,.T.);
#2054=EDGE_CURVE('',#1552,#1628,#1349,.T.);
#2055=EDGE_CURVE('',#1628,#1627,#1350,.T.);
#2056=EDGE_CURVE('',#1629,#1630,#1351,.T.);
#2057=EDGE_CURVE('',#1630,#1628,#1352,.T.);
#2058=EDGE_CURVE('',#1552,#1629,#1353,.T.);
#2059=EDGE_CURVE('',#1631,#1632,#1354,.T.);
#2060=EDGE_CURVE('',#1632,#1630,#777,.T.);
#2061=EDGE_CURVE('',#1629,#1631,#778,.T.);
#2062=EDGE_CURVE('',#1633,#1634,#1355,.T.);
#2063=EDGE_CURVE('',#1634,#1632,#1356,.T.);
#2064=EDGE_CURVE('',#1631,#1633,#1357,.T.);
#2065=EDGE_CURVE('',#1549,#1635,#1358,.T.);
#2066=EDGE_CURVE('',#1635,#1634,#1359,.T.);
#2067=EDGE_CURVE('',#1633,#1549,#1360,.T.);
#2068=EDGE_CURVE('',#1548,#1636,#1361,.T.);
#2069=EDGE_CURVE('',#1636,#1635,#1362,.T.);
#2070=EDGE_CURVE('',#1550,#1637,#1363,.T.);
#2071=EDGE_CURVE('',#1637,#1636,#779,.T.);
#2072=EDGE_CURVE('',#1627,#1637,#1364,.T.);
#2073=EDGE_CURVE('',#1545,#1633,#780,.T.);
#2074=EDGE_CURVE('',#1631,#1546,#781,.T.);
#2075=EDGE_CURVE('',#1547,#1629,#782,.T.);
#2076=EDGE_CURVE('',#1561,#1638,#1365,.T.);
#2077=EDGE_CURVE('',#1638,#1639,#1366,.T.);
#2078=EDGE_CURVE('',#1639,#1562,#1367,.T.);
#2079=EDGE_CURVE('',#1640,#1641,#1368,.T.);
#2080=EDGE_CURVE('',#1641,#1562,#783,.T.);
#2081=EDGE_CURVE('',#1639,#1640,#784,.T.);
#2082=EDGE_CURVE('',#1642,#1643,#1369,.T.);
#2083=EDGE_CURVE('',#1643,#1641,#1370,.T.);
#2084=EDGE_CURVE('',#1640,#1642,#1371,.T.);
#2085=EDGE_CURVE('',#1644,#1645,#1372,.T.);
#2086=EDGE_CURVE('',#1645,#1643,#1373,.T.);
#2087=EDGE_CURVE('',#1642,#1644,#1374,.T.);
#2088=EDGE_CURVE('',#1646,#1565,#1375,.T.);
#2089=EDGE_CURVE('',#1565,#1645,#1376,.T.);
#2090=EDGE_CURVE('',#1644,#1646,#1377,.T.);
#2091=EDGE_CURVE('',#1647,#1564,#1378,.T.);
#2092=EDGE_CURVE('',#1646,#1647,#785,.T.);
#2093=EDGE_CURVE('',#1648,#1563,#1379,.T.);
#2094=EDGE_CURVE('',#1647,#1648,#1380,.T.);
#2095=EDGE_CURVE('',#1648,#1638,#1381,.T.);
#2096=EDGE_CURVE('',#1574,#1649,#1382,.T.);
#2097=EDGE_CURVE('',#1649,#1650,#1383,.T.);
#2098=EDGE_CURVE('',#1650,#1575,#1384,.T.);
#2099=EDGE_CURVE('',#1651,#1652,#1385,.T.);
#2100=EDGE_CURVE('',#1652,#1575,#1386,.T.);
#2101=EDGE_CURVE('',#1650,#1651,#1387,.T.);
#2102=EDGE_CURVE('',#1653,#1654,#1388,.T.);
#2103=EDGE_CURVE('',#1654,#1652,#1389,.T.);
#2104=EDGE_CURVE('',#1651,#1653,#1390,.T.);
#2105=EDGE_CURVE('',#1655,#1656,#1391,.T.);
#2106=EDGE_CURVE('',#1656,#1654,#786,.T.);
#2107=EDGE_CURVE('',#1653,#1655,#787,.T.);
#2108=EDGE_CURVE('',#1657,#1578,#1392,.T.);
#2109=EDGE_CURVE('',#1578,#1656,#1393,.T.);
#2110=EDGE_CURVE('',#1655,#1657,#1394,.T.);
#2111=EDGE_CURVE('',#1658,#1577,#1395,.T.);
#2112=EDGE_CURVE('',#1657,#1658,#1396,.T.);
#2113=EDGE_CURVE('',#1659,#1576,#1397,.T.);
#2114=EDGE_CURVE('',#1658,#1659,#1398,.T.);
#2115=EDGE_CURVE('',#1659,#1649,#788,.T.);
#2116=EDGE_CURVE('',#1600,#1660,#1399,.T.);
#2117=EDGE_CURVE('',#1660,#1661,#1400,.T.);
#2118=EDGE_CURVE('',#1661,#1601,#1401,.T.);
#2119=EDGE_CURVE('',#1662,#1663,#1402,.T.);
#2120=EDGE_CURVE('',#1663,#1601,#1403,.T.);
#2121=EDGE_CURVE('',#1661,#1662,#1404,.T.);
#2122=EDGE_CURVE('',#1664,#1665,#1405,.T.);
#2123=EDGE_CURVE('',#1665,#1663,#1406,.T.);
#2124=EDGE_CURVE('',#1662,#1664,#1407,.T.);
#2125=EDGE_CURVE('',#1666,#1667,#1408,.T.);
#2126=EDGE_CURVE('',#1667,#1665,#789,.T.);
#2127=EDGE_CURVE('',#1664,#1666,#790,.T.);
#2128=EDGE_CURVE('',#1668,#1604,#1409,.T.);
#2129=EDGE_CURVE('',#1604,#1667,#1410,.T.);
#2130=EDGE_CURVE('',#1666,#1668,#1411,.T.);
#2131=EDGE_CURVE('',#1669,#1603,#1412,.T.);
#2132=EDGE_CURVE('',#1668,#1669,#1413,.T.);
#2133=EDGE_CURVE('',#1670,#1602,#1414,.T.);
#2134=EDGE_CURVE('',#1669,#1670,#1415,.T.);
#2135=EDGE_CURVE('',#1670,#1660,#791,.T.);
#2136=EDGE_CURVE('',#1487,#1621,#792,.T.);
#2137=EDGE_CURVE('',#1558,#1641,#793,.T.);
#2138=EDGE_CURVE('',#1573,#1656,#794,.T.);
#2139=EDGE_CURVE('',#1560,#1645,#795,.T.);
#2140=EDGE_CURVE('',#1643,#1559,#796,.T.);
#2141=EDGE_CURVE('',#1584,#1610,#797,.T.);
#2142=EDGE_CURVE('',#1571,#1652,#798,.T.);
#2143=EDGE_CURVE('',#1654,#1572,#799,.T.);
#2144=EDGE_CURVE('',#1519,#1671,#800,.T.);
#2145=EDGE_CURVE('',#1671,#1671,#1416,.T.);
#2146=EDGE_CURVE('',#1520,#1672,#801,.T.);
#2147=EDGE_CURVE('',#1672,#1672,#1417,.T.);
#2148=EDGE_CURVE('',#1521,#1673,#802,.T.);
#2149=EDGE_CURVE('',#1673,#1673,#1418,.T.);
#2150=EDGE_CURVE('',#1522,#1674,#803,.T.);
#2151=EDGE_CURVE('',#1674,#1674,#1419,.T.);
#2152=EDGE_CURVE('',#1599,#1667,#804,.T.);
#2153=EDGE_CURVE('',#1665,#1598,#805,.T.);
#2154=EDGE_CURVE('',#1597,#1663,#806,.T.);
#2155=EDGE_CURVE('',#1675,#1676,#807,.T.);
#2156=EDGE_CURVE('',#1675,#1677,#808,.T.);
#2157=EDGE_CURVE('',#1677,#1678,#809,.T.);
#2158=EDGE_CURVE('',#1676,#1678,#810,.T.);
#2159=EDGE_CURVE('',#1679,#1675,#811,.T.);
#2160=EDGE_CURVE('',#1680,#1679,#812,.T.);
#2161=EDGE_CURVE('',#1680,#1677,#813,.T.);
#2162=EDGE_CURVE('',#1681,#1682,#814,.T.);
#2163=EDGE_CURVE('',#1681,#1683,#815,.T.);
#2164=EDGE_CURVE('',#1683,#1684,#816,.T.);
#2165=EDGE_CURVE('',#1682,#1684,#817,.T.);
#2166=EDGE_CURVE('',#1685,#1681,#818,.T.);
#2167=EDGE_CURVE('',#1685,#1686,#819,.T.);
#2168=EDGE_CURVE('',#1686,#1683,#820,.T.);
#2169=EDGE_CURVE('',#1687,#1685,#821,.T.);
#2170=EDGE_CURVE('',#1687,#1688,#822,.T.);
#2171=EDGE_CURVE('',#1688,#1686,#823,.T.);
#2172=EDGE_CURVE('',#1676,#1687,#824,.T.);
#2173=EDGE_CURVE('',#1678,#1688,#825,.T.);
#2174=EDGE_CURVE('',#1689,#1680,#1420,.T.);
#2175=EDGE_CURVE('',#1684,#1689,#1421,.T.);
#2176=EDGE_CURVE('',#1690,#1690,#1422,.T.);
#2177=EDGE_CURVE('',#1691,#1692,#826,.T.);
#2178=EDGE_CURVE('',#1691,#1693,#827,.T.);
#2179=EDGE_CURVE('',#1693,#1694,#828,.T.);
#2180=EDGE_CURVE('',#1692,#1694,#829,.T.);
#2181=EDGE_CURVE('',#1695,#1691,#830,.T.);
#2182=EDGE_CURVE('',#1696,#1695,#831,.T.);
#2183=EDGE_CURVE('',#1696,#1693,#832,.T.);
#2184=EDGE_CURVE('',#1697,#1698,#833,.T.);
#2185=EDGE_CURVE('',#1697,#1699,#834,.T.);
#2186=EDGE_CURVE('',#1699,#1700,#835,.T.);
#2187=EDGE_CURVE('',#1698,#1700,#836,.T.);
#2188=EDGE_CURVE('',#1701,#1697,#837,.T.);
#2189=EDGE_CURVE('',#1701,#1702,#838,.T.);
#2190=EDGE_CURVE('',#1702,#1699,#839,.T.);
#2191=EDGE_CURVE('',#1703,#1701,#840,.T.);
#2192=EDGE_CURVE('',#1703,#1704,#841,.T.);
#2193=EDGE_CURVE('',#1704,#1702,#842,.T.);
#2194=EDGE_CURVE('',#1692,#1703,#843,.T.);
#2195=EDGE_CURVE('',#1694,#1704,#844,.T.);
#2196=EDGE_CURVE('',#1700,#1696,#1423,.T.);
#2197=EDGE_CURVE('',#1705,#1705,#1424,.T.);
#2198=EDGE_CURVE('',#1706,#1707,#845,.T.);
#2199=EDGE_CURVE('',#1706,#1708,#846,.T.);
#2200=EDGE_CURVE('',#1708,#1709,#847,.T.);
#2201=EDGE_CURVE('',#1707,#1709,#848,.T.);
#2202=EDGE_CURVE('',#1710,#1706,#849,.T.);
#2203=EDGE_CURVE('',#1710,#1711,#850,.T.);
#2204=EDGE_CURVE('',#1711,#1708,#851,.T.);
#2205=EDGE_CURVE('',#1712,#1710,#852,.T.);
#2206=EDGE_CURVE('',#1712,#1713,#853,.T.);
#2207=EDGE_CURVE('',#1713,#1711,#854,.T.);
#2208=EDGE_CURVE('',#1714,#1712,#855,.T.);
#2209=EDGE_CURVE('',#1714,#1715,#856,.T.);
#2210=EDGE_CURVE('',#1715,#1713,#857,.T.);
#2211=EDGE_CURVE('',#1716,#1714,#858,.T.);
#2212=EDGE_CURVE('',#1716,#1717,#859,.T.);
#2213=EDGE_CURVE('',#1717,#1715,#860,.T.);
#2214=EDGE_CURVE('',#1718,#1716,#861,.T.);
#2215=EDGE_CURVE('',#1719,#1718,#862,.T.);
#2216=EDGE_CURVE('',#1719,#1717,#863,.T.);
#2217=EDGE_CURVE('',#1709,#1719,#1425,.T.);
#2218=EDGE_CURVE('',#1720,#1720,#1426,.T.);
#2219=EDGE_CURVE('',#1721,#1722,#864,.T.);
#2220=EDGE_CURVE('',#1721,#1723,#865,.T.);
#2221=EDGE_CURVE('',#1723,#1724,#866,.T.);
#2222=EDGE_CURVE('',#1722,#1724,#867,.T.);
#2223=EDGE_CURVE('',#1725,#1721,#868,.T.);
#2224=EDGE_CURVE('',#1726,#1725,#869,.T.);
#2225=EDGE_CURVE('',#1726,#1723,#870,.T.);
#2226=EDGE_CURVE('',#1727,#1728,#871,.T.);
#2227=EDGE_CURVE('',#1727,#1729,#872,.T.);
#2228=EDGE_CURVE('',#1729,#1730,#873,.T.);
#2229=EDGE_CURVE('',#1728,#1730,#874,.T.);
#2230=EDGE_CURVE('',#1731,#1727,#875,.T.);
#2231=EDGE_CURVE('',#1731,#1732,#876,.T.);
#2232=EDGE_CURVE('',#1732,#1729,#877,.T.);
#2233=EDGE_CURVE('',#1733,#1731,#878,.T.);
#2234=EDGE_CURVE('',#1733,#1734,#879,.T.);
#2235=EDGE_CURVE('',#1734,#1732,#880,.T.);
#2236=EDGE_CURVE('',#1722,#1733,#881,.T.);
#2237=EDGE_CURVE('',#1724,#1734,#882,.T.);
#2238=EDGE_CURVE('',#1730,#1726,#1427,.T.);
#2239=EDGE_CURVE('',#1735,#1735,#1428,.T.);
#2240=EDGE_CURVE('',#1718,#1682,#1429,.T.);
#2241=EDGE_CURVE('',#1725,#1707,#1430,.T.);
#2242=EDGE_CURVE('',#1695,#1728,#1431,.T.);
#2243=EDGE_CURVE('',#1679,#1698,#1432,.T.);
#2244=EDGE_CURVE('',#1736,#1736,#1433,.T.);
#2245=EDGE_CURVE('',#1737,#1737,#1434,.T.);
#2246=EDGE_CURVE('',#1738,#1738,#1435,.T.);
#2247=EDGE_CURVE('',#1739,#1739,#1436,.T.);
#2248=EDGE_CURVE('',#1740,#1740,#1437,.T.);
#2249=EDGE_CURVE('',#1741,#1741,#1438,.T.);
#2250=EDGE_CURVE('',#1741,#1736,#883,.T.);
#2251=EDGE_CURVE('',#1742,#1742,#1439,.T.);
#2252=EDGE_CURVE('',#1742,#1737,#884,.T.);
#2253=EDGE_CURVE('',#1743,#1743,#1440,.T.);
#2254=EDGE_CURVE('',#1743,#1735,#885,.T.);
#2255=EDGE_CURVE('',#1744,#1744,#1441,.T.);
#2256=EDGE_CURVE('',#1744,#1690,#886,.T.);
#2257=EDGE_CURVE('',#1745,#1745,#1442,.T.);
#2258=EDGE_CURVE('',#1745,#1705,#887,.T.);
#2259=EDGE_CURVE('',#1746,#1746,#1443,.T.);
#2260=EDGE_CURVE('',#1746,#1720,#888,.T.);
#2261=EDGE_CURVE('',#1747,#1747,#1444,.T.);
#2262=EDGE_CURVE('',#1747,#1738,#889,.T.);
#2263=EDGE_CURVE('',#1748,#1748,#1445,.T.);
#2264=EDGE_CURVE('',#1748,#1739,#890,.T.);
#2265=EDGE_CURVE('',#1749,#1750,#1446,.T.);
#2266=EDGE_CURVE('',#1750,#1751,#891,.T.);
#2267=EDGE_CURVE('',#1751,#1749,#125,.T.);
#2268=EDGE_CURVE('',#1750,#1752,#892,.T.);
#2269=EDGE_CURVE('',#1753,#1752,#893,.T.);
#2270=EDGE_CURVE('',#1754,#1753,#894,.T.);
#2271=EDGE_CURVE('',#1755,#1754,#132,.T.);
#2272=EDGE_CURVE('',#1755,#1756,#895,.T.);
#2273=EDGE_CURVE('',#1751,#1756,#133,.T.);
#2274=EDGE_CURVE('',#1752,#1757,#1447,.T.);
#2275=EDGE_CURVE('',#1757,#1758,#896,.T.);
#2276=EDGE_CURVE('',#1758,#1753,#1448,.T.);
#2277=EDGE_CURVE('',#1757,#1463,#1449,.T.);
#2278=EDGE_CURVE('',#1758,#1466,#1450,.T.);
#2279=EDGE_CURVE('',#1740,#1494,#897,.T.);
#2280=EDGE_CURVE('',#1759,#1760,#126,.T.);
#2281=EDGE_CURVE('',#1761,#1759,#898,.T.);
#2282=EDGE_CURVE('',#1762,#1761,#127,.T.);
#2283=EDGE_CURVE('',#1763,#1762,#1451,.T.);
#2284=EDGE_CURVE('',#1764,#1763,#128,.T.);
#2285=EDGE_CURVE('',#1765,#1764,#899,.T.);
#2286=EDGE_CURVE('',#1766,#1765,#129,.T.);
#2287=EDGE_CURVE('',#1767,#1766,#1452,.T.);
#2288=EDGE_CURVE('',#1767,#1523,#900,.T.);
#2289=EDGE_CURVE('',#1760,#1767,#1453,.T.);
#2290=EDGE_CURVE('',#1763,#1768,#901,.T.);
#2291=EDGE_CURVE('',#1768,#1769,#134,.T.);
#2292=EDGE_CURVE('',#1769,#1764,#902,.T.);
#2293=EDGE_CURVE('',#1765,#1770,#903,.T.);
#2294=EDGE_CURVE('',#1771,#1770,#135,.T.);
#2295=EDGE_CURVE('',#1766,#1771,#904,.T.);
#2296=EDGE_CURVE('',#1772,#1760,#905,.T.);
#2297=EDGE_CURVE('',#1772,#1773,#136,.T.);
#2298=EDGE_CURVE('',#1773,#1759,#906,.T.);
#2299=EDGE_CURVE('',#1770,#1769,#907,.T.);
#2300=EDGE_CURVE('',#1773,#1774,#908,.T.);
#2301=EDGE_CURVE('',#1761,#1774,#909,.T.);
#2302=EDGE_CURVE('',#1775,#1775,#1454,.T.);
#2303=EDGE_CURVE('',#1776,#1771,#910,.T.);
#2304=EDGE_CURVE('',#1754,#1776,#911,.T.);
#2305=EDGE_CURVE('',#1777,#1471,#912,.T.);
#2306=EDGE_CURVE('',#1772,#1777,#913,.T.);
#2307=EDGE_CURVE('',#1778,#1778,#1455,.T.);
#2308=EDGE_CURVE('',#1779,#1779,#1456,.T.);
#2309=EDGE_CURVE('',#1780,#1780,#1457,.T.);
#2310=EDGE_CURVE('',#1781,#1781,#1458,.T.);
#2311=EDGE_CURVE('',#1775,#1689,#914,.T.);
#2312=EDGE_CURVE('',#1782,#1774,#137,.T.);
#2313=EDGE_CURVE('',#1782,#1762,#915,.T.);
#2314=EDGE_CURVE('',#1783,#1782,#916,.T.);
#2315=EDGE_CURVE('',#1472,#1783,#917,.T.);
#2316=EDGE_CURVE('',#1784,#1749,#918,.T.);
#2317=EDGE_CURVE('',#1768,#1784,#919,.T.);
#2318=EDGE_CURVE('',#1785,#1785,#1459,.T.);
#2319=EDGE_CURVE('',#1786,#1786,#1460,.T.);
#2320=EDGE_CURVE('',#1787,#1787,#1461,.T.);
#2321=EDGE_CURVE('',#1788,#1788,#1462,.T.);
#2322=EDGE_CURVE('',#1789,#1769,#920,.T.);
#2323=EDGE_CURVE('',#1784,#1789,#138,.T.);
#2324=EDGE_CURVE('',#1756,#1789,#921,.T.);
#2325=EDGE_CURVE('',#1790,#1789,#922,.T.);
#2326=EDGE_CURVE('',#1770,#1790,#923,.T.);
#2327=EDGE_CURVE('',#1790,#1755,#924,.T.);
#2328=EDGE_CURVE('',#1791,#1469,#925,.T.);
#2329=EDGE_CURVE('',#1783,#1791,#139,.T.);
#2330=EDGE_CURVE('',#1774,#1791,#926,.T.);
#2331=EDGE_CURVE('',#1776,#1790,#140,.T.);
#2332=EDGE_CURVE('',#1792,#1773,#927,.T.);
#2333=EDGE_CURVE('',#1777,#1792,#141,.T.);
#2334=EDGE_CURVE('',#1470,#1792,#928,.T.);
#2335=EDGE_CURVE('',#1792,#1791,#929,.T.);
#2336=EDGE_CURVE('',#1781,#1786,#930,.T.);
#2337=EDGE_CURVE('',#1778,#1785,#931,.T.);
#2338=EDGE_CURVE('',#1780,#1788,#932,.T.);
#2339=EDGE_CURVE('',#1779,#1787,#933,.T.);
#2340=ORIENTED_EDGE('',*,*,#1793,.T.);
#2341=ORIENTED_EDGE('',*,*,#1794,.T.);
#2342=ORIENTED_EDGE('',*,*,#1795,.T.);
#2343=ORIENTED_EDGE('',*,*,#1796,.T.);
#2344=ORIENTED_EDGE('',*,*,#1797,.T.);
#2345=ORIENTED_EDGE('',*,*,#1798,.F.);
#2346=ORIENTED_EDGE('',*,*,#1799,.F.);
#2347=ORIENTED_EDGE('',*,*,#1800,.T.);
#2348=ORIENTED_EDGE('',*,*,#1801,.F.);
#2349=ORIENTED_EDGE('',*,*,#1802,.F.);
#2350=ORIENTED_EDGE('',*,*,#1794,.F.);
#2351=ORIENTED_EDGE('',*,*,#1803,.T.);
#2352=ORIENTED_EDGE('',*,*,#1804,.F.);
#2353=ORIENTED_EDGE('',*,*,#1798,.T.);
#2354=ORIENTED_EDGE('',*,*,#1805,.T.);
#2355=ORIENTED_EDGE('',*,*,#1806,.T.);
#2356=ORIENTED_EDGE('',*,*,#1807,.T.);
#2357=ORIENTED_EDGE('',*,*,#1808,.T.);
#2358=ORIENTED_EDGE('',*,*,#1809,.T.);
#2359=ORIENTED_EDGE('',*,*,#1810,.T.);
#2360=ORIENTED_EDGE('',*,*,#1807,.F.);
#2361=ORIENTED_EDGE('',*,*,#1811,.T.);
#2362=ORIENTED_EDGE('',*,*,#1812,.T.);
#2363=ORIENTED_EDGE('',*,*,#1813,.T.);
#2364=ORIENTED_EDGE('',*,*,#1809,.F.);
#2365=ORIENTED_EDGE('',*,*,#1814,.T.);
#2366=ORIENTED_EDGE('',*,*,#1815,.T.);
#2367=ORIENTED_EDGE('',*,*,#1816,.T.);
#2368=ORIENTED_EDGE('',*,*,#1812,.F.);
#2369=ORIENTED_EDGE('',*,*,#1817,.T.);
#2370=ORIENTED_EDGE('',*,*,#1818,.T.);
#2371=ORIENTED_EDGE('',*,*,#1819,.T.);
#2372=ORIENTED_EDGE('',*,*,#1815,.F.);
#2373=ORIENTED_EDGE('',*,*,#1820,.T.);
#2374=ORIENTED_EDGE('',*,*,#1821,.T.);
#2375=ORIENTED_EDGE('',*,*,#1822,.T.);
#2376=ORIENTED_EDGE('',*,*,#1818,.F.);
#2377=ORIENTED_EDGE('',*,*,#1823,.T.);
#2378=ORIENTED_EDGE('',*,*,#1824,.T.);
#2379=ORIENTED_EDGE('',*,*,#1825,.T.);
#2380=ORIENTED_EDGE('',*,*,#1821,.F.);
#2381=ORIENTED_EDGE('',*,*,#1826,.T.);
#2382=ORIENTED_EDGE('',*,*,#1824,.F.);
#2383=ORIENTED_EDGE('',*,*,#1827,.T.);
#2384=ORIENTED_EDGE('',*,*,#1805,.F.);
#2385=ORIENTED_EDGE('',*,*,#1828,.T.);
#2386=ORIENTED_EDGE('',*,*,#1817,.F.);
#2387=ORIENTED_EDGE('',*,*,#1829,.T.);
#2388=ORIENTED_EDGE('',*,*,#1830,.F.);
#2389=ORIENTED_EDGE('',*,*,#1831,.T.);
#2390=ORIENTED_EDGE('',*,*,#1814,.F.);
#2391=ORIENTED_EDGE('',*,*,#1832,.F.);
#2392=ORIENTED_EDGE('',*,*,#1833,.F.);
#2393=ORIENTED_EDGE('',*,*,#1829,.F.);
#2394=ORIENTED_EDGE('',*,*,#1811,.F.);
#2395=ORIENTED_EDGE('',*,*,#1834,.T.);
#2396=ORIENTED_EDGE('',*,*,#1835,.F.);
#2397=ORIENTED_EDGE('',*,*,#1832,.T.);
#2398=ORIENTED_EDGE('',*,*,#1806,.F.);
#2399=ORIENTED_EDGE('',*,*,#1836,.F.);
#2400=ORIENTED_EDGE('',*,*,#1837,.F.);
#2401=ORIENTED_EDGE('',*,*,#1834,.F.);
#2402=ORIENTED_EDGE('',*,*,#1838,.F.);
#2403=ORIENTED_EDGE('',*,*,#1839,.F.);
#2404=ORIENTED_EDGE('',*,*,#1840,.F.);
#2405=ORIENTED_EDGE('',*,*,#1841,.F.);
#2406=ORIENTED_EDGE('',*,*,#1842,.F.);
#2407=ORIENTED_EDGE('',*,*,#1843,.F.);
#2408=ORIENTED_EDGE('',*,*,#1844,.F.);
#2409=ORIENTED_EDGE('',*,*,#1845,.F.);
#2410=ORIENTED_EDGE('',*,*,#1846,.F.);
#2411=ORIENTED_EDGE('',*,*,#1847,.F.);
#2412=ORIENTED_EDGE('',*,*,#1848,.F.);
#2413=ORIENTED_EDGE('',*,*,#1849,.F.);
#2414=ORIENTED_EDGE('',*,*,#1850,.F.);
#2415=ORIENTED_EDGE('',*,*,#1851,.F.);
#2416=ORIENTED_EDGE('',*,*,#1852,.F.);
#2417=ORIENTED_EDGE('',*,*,#1853,.F.);
#2418=ORIENTED_EDGE('',*,*,#1854,.F.);
#2419=ORIENTED_EDGE('',*,*,#1855,.F.);
#2420=ORIENTED_EDGE('',*,*,#1856,.F.);
#2421=ORIENTED_EDGE('',*,*,#1857,.F.);
#2422=ORIENTED_EDGE('',*,*,#1858,.F.);
#2423=ORIENTED_EDGE('',*,*,#1859,.F.);
#2424=ORIENTED_EDGE('',*,*,#1860,.F.);
#2425=ORIENTED_EDGE('',*,*,#1861,.F.);
#2426=ORIENTED_EDGE('',*,*,#1862,.F.);
#2427=ORIENTED_EDGE('',*,*,#1863,.F.);
#2428=ORIENTED_EDGE('',*,*,#1864,.F.);
#2429=ORIENTED_EDGE('',*,*,#1865,.F.);
#2430=ORIENTED_EDGE('',*,*,#1866,.F.);
#2431=ORIENTED_EDGE('',*,*,#1867,.F.);
#2432=ORIENTED_EDGE('',*,*,#1868,.F.);
#2433=ORIENTED_EDGE('',*,*,#1869,.F.);
#2434=ORIENTED_EDGE('',*,*,#1870,.F.);
#2435=ORIENTED_EDGE('',*,*,#1871,.F.);
#2436=ORIENTED_EDGE('',*,*,#1872,.F.);
#2437=ORIENTED_EDGE('',*,*,#1873,.F.);
#2438=ORIENTED_EDGE('',*,*,#1874,.F.);
#2439=ORIENTED_EDGE('',*,*,#1875,.F.);
#2440=ORIENTED_EDGE('',*,*,#1876,.F.);
#2441=ORIENTED_EDGE('',*,*,#1877,.F.);
#2442=ORIENTED_EDGE('',*,*,#1878,.F.);
#2443=ORIENTED_EDGE('',*,*,#1879,.F.);
#2444=ORIENTED_EDGE('',*,*,#1880,.F.);
#2445=ORIENTED_EDGE('',*,*,#1881,.F.);
#2446=ORIENTED_EDGE('',*,*,#1882,.F.);
#2447=ORIENTED_EDGE('',*,*,#1883,.F.);
#2448=ORIENTED_EDGE('',*,*,#1808,.F.);
#2449=ORIENTED_EDGE('',*,*,#1810,.F.);
#2450=ORIENTED_EDGE('',*,*,#1813,.F.);
#2451=ORIENTED_EDGE('',*,*,#1816,.F.);
#2452=ORIENTED_EDGE('',*,*,#1819,.F.);
#2453=ORIENTED_EDGE('',*,*,#1822,.F.);
#2454=ORIENTED_EDGE('',*,*,#1825,.F.);
#2455=ORIENTED_EDGE('',*,*,#1828,.F.);
#2456=ORIENTED_EDGE('',*,*,#1884,.T.);
#2457=ORIENTED_EDGE('',*,*,#1885,.T.);
#2458=ORIENTED_EDGE('',*,*,#1886,.T.);
#2459=ORIENTED_EDGE('',*,*,#1839,.T.);
#2460=ORIENTED_EDGE('',*,*,#1887,.T.);
#2461=ORIENTED_EDGE('',*,*,#1840,.T.);
#2462=ORIENTED_EDGE('',*,*,#1886,.F.);
#2463=ORIENTED_EDGE('',*,*,#1888,.T.);
#2464=ORIENTED_EDGE('',*,*,#1889,.T.);
#2465=ORIENTED_EDGE('',*,*,#1841,.T.);
#2466=ORIENTED_EDGE('',*,*,#1887,.F.);
#2467=ORIENTED_EDGE('',*,*,#1890,.T.);
#2468=ORIENTED_EDGE('',*,*,#1891,.T.);
#2469=ORIENTED_EDGE('',*,*,#1842,.T.);
#2470=ORIENTED_EDGE('',*,*,#1889,.F.);
#2471=ORIENTED_EDGE('',*,*,#1892,.T.);
#2472=ORIENTED_EDGE('',*,*,#1893,.T.);
#2473=ORIENTED_EDGE('',*,*,#1843,.T.);
#2474=ORIENTED_EDGE('',*,*,#1891,.F.);
#2475=ORIENTED_EDGE('',*,*,#1894,.T.);
#2476=ORIENTED_EDGE('',*,*,#1895,.T.);
#2477=ORIENTED_EDGE('',*,*,#1844,.T.);
#2478=ORIENTED_EDGE('',*,*,#1893,.F.);
#2479=ORIENTED_EDGE('',*,*,#1896,.T.);
#2480=ORIENTED_EDGE('',*,*,#1897,.T.);
#2481=ORIENTED_EDGE('',*,*,#1845,.T.);
#2482=ORIENTED_EDGE('',*,*,#1895,.F.);
#2483=ORIENTED_EDGE('',*,*,#1898,.T.);
#2484=ORIENTED_EDGE('',*,*,#1897,.F.);
#2485=ORIENTED_EDGE('',*,*,#1899,.T.);
#2486=ORIENTED_EDGE('',*,*,#1884,.F.);
#2487=ORIENTED_EDGE('',*,*,#1846,.T.);
#2488=ORIENTED_EDGE('',*,*,#1892,.F.);
#2489=ORIENTED_EDGE('',*,*,#1900,.T.);
#2490=ORIENTED_EDGE('',*,*,#1901,.F.);
#2491=ORIENTED_EDGE('',*,*,#1902,.T.);
#2492=ORIENTED_EDGE('',*,*,#1890,.F.);
#2493=ORIENTED_EDGE('',*,*,#1903,.F.);
#2494=ORIENTED_EDGE('',*,*,#1904,.F.);
#2495=ORIENTED_EDGE('',*,*,#1900,.F.);
#2496=ORIENTED_EDGE('',*,*,#1888,.F.);
#2497=ORIENTED_EDGE('',*,*,#1905,.T.);
#2498=ORIENTED_EDGE('',*,*,#1906,.F.);
#2499=ORIENTED_EDGE('',*,*,#1903,.T.);
#2500=ORIENTED_EDGE('',*,*,#1885,.F.);
#2501=ORIENTED_EDGE('',*,*,#1907,.F.);
#2502=ORIENTED_EDGE('',*,*,#1908,.F.);
#2503=ORIENTED_EDGE('',*,*,#1905,.F.);
#2504=ORIENTED_EDGE('',*,*,#1909,.T.);
#2505=ORIENTED_EDGE('',*,*,#1910,.T.);
#2506=ORIENTED_EDGE('',*,*,#1911,.T.);
#2507=ORIENTED_EDGE('',*,*,#1876,.T.);
#2508=ORIENTED_EDGE('',*,*,#1912,.T.);
#2509=ORIENTED_EDGE('',*,*,#1877,.T.);
#2510=ORIENTED_EDGE('',*,*,#1911,.F.);
#2511=ORIENTED_EDGE('',*,*,#1913,.T.);
#2512=ORIENTED_EDGE('',*,*,#1914,.T.);
#2513=ORIENTED_EDGE('',*,*,#1878,.T.);
#2514=ORIENTED_EDGE('',*,*,#1912,.F.);
#2515=ORIENTED_EDGE('',*,*,#1915,.T.);
#2516=ORIENTED_EDGE('',*,*,#1916,.T.);
#2517=ORIENTED_EDGE('',*,*,#1879,.T.);
#2518=ORIENTED_EDGE('',*,*,#1914,.F.);
#2519=ORIENTED_EDGE('',*,*,#1917,.T.);
#2520=ORIENTED_EDGE('',*,*,#1918,.T.);
#2521=ORIENTED_EDGE('',*,*,#1880,.T.);
#2522=ORIENTED_EDGE('',*,*,#1916,.F.);
#2523=ORIENTED_EDGE('',*,*,#1919,.T.);
#2524=ORIENTED_EDGE('',*,*,#1920,.T.);
#2525=ORIENTED_EDGE('',*,*,#1881,.T.);
#2526=ORIENTED_EDGE('',*,*,#1918,.F.);
#2527=ORIENTED_EDGE('',*,*,#1921,.T.);
#2528=ORIENTED_EDGE('',*,*,#1922,.T.);
#2529=ORIENTED_EDGE('',*,*,#1882,.T.);
#2530=ORIENTED_EDGE('',*,*,#1920,.F.);
#2531=ORIENTED_EDGE('',*,*,#1923,.T.);
#2532=ORIENTED_EDGE('',*,*,#1922,.F.);
#2533=ORIENTED_EDGE('',*,*,#1924,.T.);
#2534=ORIENTED_EDGE('',*,*,#1909,.F.);
#2535=ORIENTED_EDGE('',*,*,#1883,.T.);
#2536=ORIENTED_EDGE('',*,*,#1917,.F.);
#2537=ORIENTED_EDGE('',*,*,#1925,.T.);
#2538=ORIENTED_EDGE('',*,*,#1926,.F.);
#2539=ORIENTED_EDGE('',*,*,#1927,.T.);
#2540=ORIENTED_EDGE('',*,*,#1915,.F.);
#2541=ORIENTED_EDGE('',*,*,#1928,.F.);
#2542=ORIENTED_EDGE('',*,*,#1929,.F.);
#2543=ORIENTED_EDGE('',*,*,#1925,.F.);
#2544=ORIENTED_EDGE('',*,*,#1913,.F.);
#2545=ORIENTED_EDGE('',*,*,#1930,.T.);
#2546=ORIENTED_EDGE('',*,*,#1931,.F.);
#2547=ORIENTED_EDGE('',*,*,#1928,.T.);
#2548=ORIENTED_EDGE('',*,*,#1910,.F.);
#2549=ORIENTED_EDGE('',*,*,#1932,.F.);
#2550=ORIENTED_EDGE('',*,*,#1933,.F.);
#2551=ORIENTED_EDGE('',*,*,#1930,.F.);
#2552=ORIENTED_EDGE('',*,*,#1934,.T.);
#2553=ORIENTED_EDGE('',*,*,#1935,.T.);
#2554=ORIENTED_EDGE('',*,*,#1936,.T.);
#2555=ORIENTED_EDGE('',*,*,#1847,.T.);
#2556=ORIENTED_EDGE('',*,*,#1937,.T.);
#2557=ORIENTED_EDGE('',*,*,#1848,.T.);
#2558=ORIENTED_EDGE('',*,*,#1936,.F.);
#2559=ORIENTED_EDGE('',*,*,#1938,.T.);
#2560=ORIENTED_EDGE('',*,*,#1939,.T.);
#2561=ORIENTED_EDGE('',*,*,#1849,.T.);
#2562=ORIENTED_EDGE('',*,*,#1937,.F.);
#2563=ORIENTED_EDGE('',*,*,#1940,.T.);
#2564=ORIENTED_EDGE('',*,*,#1941,.T.);
#2565=ORIENTED_EDGE('',*,*,#1850,.T.);
#2566=ORIENTED_EDGE('',*,*,#1939,.F.);
#2567=ORIENTED_EDGE('',*,*,#1942,.T.);
#2568=ORIENTED_EDGE('',*,*,#1943,.T.);
#2569=ORIENTED_EDGE('',*,*,#1851,.T.);
#2570=ORIENTED_EDGE('',*,*,#1941,.F.);
#2571=ORIENTED_EDGE('',*,*,#1944,.T.);
#2572=ORIENTED_EDGE('',*,*,#1945,.T.);
#2573=ORIENTED_EDGE('',*,*,#1852,.T.);
#2574=ORIENTED_EDGE('',*,*,#1943,.F.);
#2575=ORIENTED_EDGE('',*,*,#1946,.T.);
#2576=ORIENTED_EDGE('',*,*,#1947,.T.);
#2577=ORIENTED_EDGE('',*,*,#1853,.T.);
#2578=ORIENTED_EDGE('',*,*,#1945,.F.);
#2579=ORIENTED_EDGE('',*,*,#1948,.T.);
#2580=ORIENTED_EDGE('',*,*,#1947,.F.);
#2581=ORIENTED_EDGE('',*,*,#1949,.T.);
#2582=ORIENTED_EDGE('',*,*,#1934,.F.);
#2583=ORIENTED_EDGE('',*,*,#1854,.T.);
#2584=ORIENTED_EDGE('',*,*,#1942,.F.);
#2585=ORIENTED_EDGE('',*,*,#1950,.T.);
#2586=ORIENTED_EDGE('',*,*,#1951,.F.);
#2587=ORIENTED_EDGE('',*,*,#1952,.T.);
#2588=ORIENTED_EDGE('',*,*,#1940,.F.);
#2589=ORIENTED_EDGE('',*,*,#1953,.F.);
#2590=ORIENTED_EDGE('',*,*,#1954,.F.);
#2591=ORIENTED_EDGE('',*,*,#1950,.F.);
#2592=ORIENTED_EDGE('',*,*,#1938,.F.);
#2593=ORIENTED_EDGE('',*,*,#1955,.T.);
#2594=ORIENTED_EDGE('',*,*,#1956,.F.);
#2595=ORIENTED_EDGE('',*,*,#1953,.T.);
#2596=ORIENTED_EDGE('',*,*,#1935,.F.);
#2597=ORIENTED_EDGE('',*,*,#1957,.F.);
#2598=ORIENTED_EDGE('',*,*,#1958,.F.);
#2599=ORIENTED_EDGE('',*,*,#1955,.F.);
#2600=ORIENTED_EDGE('',*,*,#1959,.T.);
#2601=ORIENTED_EDGE('',*,*,#1960,.T.);
#2602=ORIENTED_EDGE('',*,*,#1961,.T.);
#2603=ORIENTED_EDGE('',*,*,#1868,.T.);
#2604=ORIENTED_EDGE('',*,*,#1962,.T.);
#2605=ORIENTED_EDGE('',*,*,#1869,.T.);
#2606=ORIENTED_EDGE('',*,*,#1961,.F.);
#2607=ORIENTED_EDGE('',*,*,#1963,.T.);
#2608=ORIENTED_EDGE('',*,*,#1964,.T.);
#2609=ORIENTED_EDGE('',*,*,#1870,.T.);
#2610=ORIENTED_EDGE('',*,*,#1962,.F.);
#2611=ORIENTED_EDGE('',*,*,#1965,.T.);
#2612=ORIENTED_EDGE('',*,*,#1966,.T.);
#2613=ORIENTED_EDGE('',*,*,#1871,.T.);
#2614=ORIENTED_EDGE('',*,*,#1964,.F.);
#2615=ORIENTED_EDGE('',*,*,#1967,.T.);
#2616=ORIENTED_EDGE('',*,*,#1968,.T.);
#2617=ORIENTED_EDGE('',*,*,#1872,.T.);
#2618=ORIENTED_EDGE('',*,*,#1966,.F.);
#2619=ORIENTED_EDGE('',*,*,#1969,.T.);
#2620=ORIENTED_EDGE('',*,*,#1970,.T.);
#2621=ORIENTED_EDGE('',*,*,#1873,.T.);
#2622=ORIENTED_EDGE('',*,*,#1968,.F.);
#2623=ORIENTED_EDGE('',*,*,#1971,.T.);
#2624=ORIENTED_EDGE('',*,*,#1972,.T.);
#2625=ORIENTED_EDGE('',*,*,#1874,.T.);
#2626=ORIENTED_EDGE('',*,*,#1970,.F.);
#2627=ORIENTED_EDGE('',*,*,#1973,.T.);
#2628=ORIENTED_EDGE('',*,*,#1972,.F.);
#2629=ORIENTED_EDGE('',*,*,#1974,.T.);
#2630=ORIENTED_EDGE('',*,*,#1959,.F.);
#2631=ORIENTED_EDGE('',*,*,#1875,.T.);
#2632=ORIENTED_EDGE('',*,*,#1967,.F.);
#2633=ORIENTED_EDGE('',*,*,#1975,.T.);
#2634=ORIENTED_EDGE('',*,*,#1976,.F.);
#2635=ORIENTED_EDGE('',*,*,#1977,.T.);
#2636=ORIENTED_EDGE('',*,*,#1965,.F.);
#2637=ORIENTED_EDGE('',*,*,#1978,.F.);
#2638=ORIENTED_EDGE('',*,*,#1979,.F.);
#2639=ORIENTED_EDGE('',*,*,#1975,.F.);
#2640=ORIENTED_EDGE('',*,*,#1963,.F.);
#2641=ORIENTED_EDGE('',*,*,#1980,.T.);
#2642=ORIENTED_EDGE('',*,*,#1981,.F.);
#2643=ORIENTED_EDGE('',*,*,#1978,.T.);
#2644=ORIENTED_EDGE('',*,*,#1960,.F.);
#2645=ORIENTED_EDGE('',*,*,#1982,.F.);
#2646=ORIENTED_EDGE('',*,*,#1983,.F.);
#2647=ORIENTED_EDGE('',*,*,#1980,.F.);
#2648=ORIENTED_EDGE('',*,*,#1984,.T.);
#2649=ORIENTED_EDGE('',*,*,#1985,.T.);
#2650=ORIENTED_EDGE('',*,*,#1986,.T.);
#2651=ORIENTED_EDGE('',*,*,#1855,.T.);
#2652=ORIENTED_EDGE('',*,*,#1987,.T.);
#2653=ORIENTED_EDGE('',*,*,#1856,.T.);
#2654=ORIENTED_EDGE('',*,*,#1986,.F.);
#2655=ORIENTED_EDGE('',*,*,#1988,.T.);
#2656=ORIENTED_EDGE('',*,*,#1989,.T.);
#2657=ORIENTED_EDGE('',*,*,#1857,.T.);
#2658=ORIENTED_EDGE('',*,*,#1987,.F.);
#2659=ORIENTED_EDGE('',*,*,#1990,.T.);
#2660=ORIENTED_EDGE('',*,*,#1991,.T.);
#2661=ORIENTED_EDGE('',*,*,#1858,.T.);
#2662=ORIENTED_EDGE('',*,*,#1989,.F.);
#2663=ORIENTED_EDGE('',*,*,#1992,.T.);
#2664=ORIENTED_EDGE('',*,*,#1993,.T.);
#2665=ORIENTED_EDGE('',*,*,#1859,.T.);
#2666=ORIENTED_EDGE('',*,*,#1991,.F.);
#2667=ORIENTED_EDGE('',*,*,#1994,.T.);
#2668=ORIENTED_EDGE('',*,*,#1995,.T.);
#2669=ORIENTED_EDGE('',*,*,#1860,.T.);
#2670=ORIENTED_EDGE('',*,*,#1993,.F.);
#2671=ORIENTED_EDGE('',*,*,#1996,.T.);
#2672=ORIENTED_EDGE('',*,*,#1997,.T.);
#2673=ORIENTED_EDGE('',*,*,#1861,.T.);
#2674=ORIENTED_EDGE('',*,*,#1995,.F.);
#2675=ORIENTED_EDGE('',*,*,#1998,.T.);
#2676=ORIENTED_EDGE('',*,*,#1997,.F.);
#2677=ORIENTED_EDGE('',*,*,#1999,.T.);
#2678=ORIENTED_EDGE('',*,*,#1984,.F.);
#2679=ORIENTED_EDGE('',*,*,#1862,.T.);
#2680=ORIENTED_EDGE('',*,*,#1992,.F.);
#2681=ORIENTED_EDGE('',*,*,#2000,.T.);
#2682=ORIENTED_EDGE('',*,*,#2001,.F.);
#2683=ORIENTED_EDGE('',*,*,#2002,.T.);
#2684=ORIENTED_EDGE('',*,*,#1990,.F.);
#2685=ORIENTED_EDGE('',*,*,#2003,.F.);
#2686=ORIENTED_EDGE('',*,*,#2004,.F.);
#2687=ORIENTED_EDGE('',*,*,#2000,.F.);
#2688=ORIENTED_EDGE('',*,*,#1988,.F.);
#2689=ORIENTED_EDGE('',*,*,#2005,.T.);
#2690=ORIENTED_EDGE('',*,*,#2006,.F.);
#2691=ORIENTED_EDGE('',*,*,#2003,.T.);
#2692=ORIENTED_EDGE('',*,*,#1985,.F.);
#2693=ORIENTED_EDGE('',*,*,#2007,.F.);
#2694=ORIENTED_EDGE('',*,*,#2008,.F.);
#2695=ORIENTED_EDGE('',*,*,#2005,.F.);
#2696=ORIENTED_EDGE('',*,*,#2009,.T.);
#2697=ORIENTED_EDGE('',*,*,#2010,.T.);
#2698=ORIENTED_EDGE('',*,*,#2011,.T.);
#2699=ORIENTED_EDGE('',*,*,#1981,.T.);
#2700=ORIENTED_EDGE('',*,*,#2012,.T.);
#2701=ORIENTED_EDGE('',*,*,#1979,.T.);
#2702=ORIENTED_EDGE('',*,*,#2011,.F.);
#2703=ORIENTED_EDGE('',*,*,#2013,.T.);
#2704=ORIENTED_EDGE('',*,*,#2014,.T.);
#2705=ORIENTED_EDGE('',*,*,#1976,.T.);
#2706=ORIENTED_EDGE('',*,*,#2012,.F.);
#2707=ORIENTED_EDGE('',*,*,#2015,.T.);
#2708=ORIENTED_EDGE('',*,*,#2016,.T.);
#2709=ORIENTED_EDGE('',*,*,#2017,.T.);
#2710=ORIENTED_EDGE('',*,*,#2014,.F.);
#2711=ORIENTED_EDGE('',*,*,#2018,.T.);
#2712=ORIENTED_EDGE('',*,*,#2019,.T.);
#2713=ORIENTED_EDGE('',*,*,#2020,.T.);
#2714=ORIENTED_EDGE('',*,*,#2016,.F.);
#2715=ORIENTED_EDGE('',*,*,#2021,.T.);
#2716=ORIENTED_EDGE('',*,*,#2022,.T.);
#2717=ORIENTED_EDGE('',*,*,#2023,.T.);
#2718=ORIENTED_EDGE('',*,*,#2019,.F.);
#2719=ORIENTED_EDGE('',*,*,#2024,.T.);
#2720=ORIENTED_EDGE('',*,*,#2025,.T.);
#2721=ORIENTED_EDGE('',*,*,#2026,.T.);
#2722=ORIENTED_EDGE('',*,*,#2022,.F.);
#2723=ORIENTED_EDGE('',*,*,#2027,.T.);
#2724=ORIENTED_EDGE('',*,*,#2025,.F.);
#2725=ORIENTED_EDGE('',*,*,#2028,.T.);
#2726=ORIENTED_EDGE('',*,*,#2009,.F.);
#2727=ORIENTED_EDGE('',*,*,#1983,.T.);
#2728=ORIENTED_EDGE('',*,*,#1973,.F.);
#2729=ORIENTED_EDGE('',*,*,#2029,.F.);
#2730=ORIENTED_EDGE('',*,*,#2023,.F.);
#2731=ORIENTED_EDGE('',*,*,#2030,.F.);
#2732=ORIENTED_EDGE('',*,*,#1974,.F.);
#2733=ORIENTED_EDGE('',*,*,#2030,.T.);
#2734=ORIENTED_EDGE('',*,*,#2026,.F.);
#2735=ORIENTED_EDGE('',*,*,#1982,.T.);
#2736=ORIENTED_EDGE('',*,*,#2010,.F.);
#2737=ORIENTED_EDGE('',*,*,#2028,.F.);
#2738=ORIENTED_EDGE('',*,*,#2027,.F.);
#2739=ORIENTED_EDGE('',*,*,#2024,.F.);
#2740=ORIENTED_EDGE('',*,*,#2021,.F.);
#2741=ORIENTED_EDGE('',*,*,#2018,.F.);
#2742=ORIENTED_EDGE('',*,*,#2015,.F.);
#2743=ORIENTED_EDGE('',*,*,#2013,.F.);
#2744=ORIENTED_EDGE('',*,*,#2031,.T.);
#2745=ORIENTED_EDGE('',*,*,#2032,.T.);
#2746=ORIENTED_EDGE('',*,*,#2033,.T.);
#2747=ORIENTED_EDGE('',*,*,#2034,.T.);
#2748=ORIENTED_EDGE('',*,*,#2035,.T.);
#2749=ORIENTED_EDGE('',*,*,#2036,.T.);
#2750=ORIENTED_EDGE('',*,*,#2033,.F.);
#2751=ORIENTED_EDGE('',*,*,#2037,.T.);
#2752=ORIENTED_EDGE('',*,*,#2038,.T.);
#2753=ORIENTED_EDGE('',*,*,#2039,.T.);
#2754=ORIENTED_EDGE('',*,*,#2035,.F.);
#2755=ORIENTED_EDGE('',*,*,#2040,.T.);
#2756=ORIENTED_EDGE('',*,*,#2041,.T.);
#2757=ORIENTED_EDGE('',*,*,#1837,.T.);
#2758=ORIENTED_EDGE('',*,*,#2038,.F.);
#2759=ORIENTED_EDGE('',*,*,#2042,.T.);
#2760=ORIENTED_EDGE('',*,*,#2043,.T.);
#2761=ORIENTED_EDGE('',*,*,#1835,.T.);
#2762=ORIENTED_EDGE('',*,*,#2041,.F.);
#2763=ORIENTED_EDGE('',*,*,#2044,.T.);
#2764=ORIENTED_EDGE('',*,*,#2045,.T.);
#2765=ORIENTED_EDGE('',*,*,#1833,.T.);
#2766=ORIENTED_EDGE('',*,*,#2043,.F.);
#2767=ORIENTED_EDGE('',*,*,#2046,.T.);
#2768=ORIENTED_EDGE('',*,*,#2047,.T.);
#2769=ORIENTED_EDGE('',*,*,#1830,.T.);
#2770=ORIENTED_EDGE('',*,*,#2045,.F.);
#2771=ORIENTED_EDGE('',*,*,#2048,.T.);
#2772=ORIENTED_EDGE('',*,*,#2047,.F.);
#2773=ORIENTED_EDGE('',*,*,#2049,.T.);
#2774=ORIENTED_EDGE('',*,*,#2031,.F.);
#2775=ORIENTED_EDGE('',*,*,#2050,.T.);
#2776=ORIENTED_EDGE('',*,*,#1820,.F.);
#2777=ORIENTED_EDGE('',*,*,#1831,.F.);
#2778=ORIENTED_EDGE('',*,*,#2050,.F.);
#2779=ORIENTED_EDGE('',*,*,#2051,.F.);
#2780=ORIENTED_EDGE('',*,*,#1823,.F.);
#2781=ORIENTED_EDGE('',*,*,#2051,.T.);
#2782=ORIENTED_EDGE('',*,*,#2034,.F.);
#2783=ORIENTED_EDGE('',*,*,#2052,.T.);
#2784=ORIENTED_EDGE('',*,*,#2032,.F.);
#2785=ORIENTED_EDGE('',*,*,#2049,.F.);
#2786=ORIENTED_EDGE('',*,*,#2048,.F.);
#2787=ORIENTED_EDGE('',*,*,#2046,.F.);
#2788=ORIENTED_EDGE('',*,*,#2044,.F.);
#2789=ORIENTED_EDGE('',*,*,#2042,.F.);
#2790=ORIENTED_EDGE('',*,*,#2040,.F.);
#2791=ORIENTED_EDGE('',*,*,#2037,.F.);
#2792=ORIENTED_EDGE('',*,*,#2053,.T.);
#2793=ORIENTED_EDGE('',*,*,#1908,.T.);
#2794=ORIENTED_EDGE('',*,*,#2054,.T.);
#2795=ORIENTED_EDGE('',*,*,#2055,.T.);
#2796=ORIENTED_EDGE('',*,*,#2056,.T.);
#2797=ORIENTED_EDGE('',*,*,#2057,.T.);
#2798=ORIENTED_EDGE('',*,*,#2054,.F.);
#2799=ORIENTED_EDGE('',*,*,#2058,.T.);
#2800=ORIENTED_EDGE('',*,*,#2059,.T.);
#2801=ORIENTED_EDGE('',*,*,#2060,.T.);
#2802=ORIENTED_EDGE('',*,*,#2056,.F.);
#2803=ORIENTED_EDGE('',*,*,#2061,.T.);
#2804=ORIENTED_EDGE('',*,*,#2062,.T.);
#2805=ORIENTED_EDGE('',*,*,#2063,.T.);
#2806=ORIENTED_EDGE('',*,*,#2059,.F.);
#2807=ORIENTED_EDGE('',*,*,#2064,.T.);
#2808=ORIENTED_EDGE('',*,*,#2065,.T.);
#2809=ORIENTED_EDGE('',*,*,#2066,.T.);
#2810=ORIENTED_EDGE('',*,*,#2062,.F.);
#2811=ORIENTED_EDGE('',*,*,#2067,.T.);
#2812=ORIENTED_EDGE('',*,*,#2068,.T.);
#2813=ORIENTED_EDGE('',*,*,#2069,.T.);
#2814=ORIENTED_EDGE('',*,*,#2065,.F.);
#2815=ORIENTED_EDGE('',*,*,#1901,.T.);
#2816=ORIENTED_EDGE('',*,*,#2070,.T.);
#2817=ORIENTED_EDGE('',*,*,#2071,.T.);
#2818=ORIENTED_EDGE('',*,*,#2068,.F.);
#2819=ORIENTED_EDGE('',*,*,#1904,.T.);
#2820=ORIENTED_EDGE('',*,*,#2070,.F.);
#2821=ORIENTED_EDGE('',*,*,#1906,.T.);
#2822=ORIENTED_EDGE('',*,*,#2053,.F.);
#2823=ORIENTED_EDGE('',*,*,#2072,.T.);
#2824=ORIENTED_EDGE('',*,*,#1896,.F.);
#2825=ORIENTED_EDGE('',*,*,#2073,.T.);
#2826=ORIENTED_EDGE('',*,*,#2064,.F.);
#2827=ORIENTED_EDGE('',*,*,#2074,.T.);
#2828=ORIENTED_EDGE('',*,*,#1898,.F.);
#2829=ORIENTED_EDGE('',*,*,#2074,.F.);
#2830=ORIENTED_EDGE('',*,*,#2061,.F.);
#2831=ORIENTED_EDGE('',*,*,#2075,.F.);
#2832=ORIENTED_EDGE('',*,*,#1899,.F.);
#2833=ORIENTED_EDGE('',*,*,#2075,.T.);
#2834=ORIENTED_EDGE('',*,*,#2058,.F.);
#2835=ORIENTED_EDGE('',*,*,#1907,.T.);
#2836=ORIENTED_EDGE('',*,*,#2055,.F.);
#2837=ORIENTED_EDGE('',*,*,#2057,.F.);
#2838=ORIENTED_EDGE('',*,*,#2060,.F.);
#2839=ORIENTED_EDGE('',*,*,#2063,.F.);
#2840=ORIENTED_EDGE('',*,*,#2066,.F.);
#2841=ORIENTED_EDGE('',*,*,#2069,.F.);
#2842=ORIENTED_EDGE('',*,*,#2071,.F.);
#2843=ORIENTED_EDGE('',*,*,#2072,.F.);
#2844=ORIENTED_EDGE('',*,*,#2076,.T.);
#2845=ORIENTED_EDGE('',*,*,#2077,.T.);
#2846=ORIENTED_EDGE('',*,*,#2078,.T.);
#2847=ORIENTED_EDGE('',*,*,#1926,.T.);
#2848=ORIENTED_EDGE('',*,*,#2079,.T.);
#2849=ORIENTED_EDGE('',*,*,#2080,.T.);
#2850=ORIENTED_EDGE('',*,*,#2078,.F.);
#2851=ORIENTED_EDGE('',*,*,#2081,.T.);
#2852=ORIENTED_EDGE('',*,*,#2082,.T.);
#2853=ORIENTED_EDGE('',*,*,#2083,.T.);
#2854=ORIENTED_EDGE('',*,*,#2079,.F.);
#2855=ORIENTED_EDGE('',*,*,#2084,.T.);
#2856=ORIENTED_EDGE('',*,*,#2085,.T.);
#2857=ORIENTED_EDGE('',*,*,#2086,.T.);
#2858=ORIENTED_EDGE('',*,*,#2082,.F.);
#2859=ORIENTED_EDGE('',*,*,#2087,.T.);
#2860=ORIENTED_EDGE('',*,*,#2088,.T.);
#2861=ORIENTED_EDGE('',*,*,#2089,.T.);
#2862=ORIENTED_EDGE('',*,*,#2085,.F.);
#2863=ORIENTED_EDGE('',*,*,#2090,.T.);
#2864=ORIENTED_EDGE('',*,*,#2091,.T.);
#2865=ORIENTED_EDGE('',*,*,#1933,.T.);
#2866=ORIENTED_EDGE('',*,*,#2088,.F.);
#2867=ORIENTED_EDGE('',*,*,#2092,.T.);
#2868=ORIENTED_EDGE('',*,*,#2093,.T.);
#2869=ORIENTED_EDGE('',*,*,#1931,.T.);
#2870=ORIENTED_EDGE('',*,*,#2091,.F.);
#2871=ORIENTED_EDGE('',*,*,#2094,.T.);
#2872=ORIENTED_EDGE('',*,*,#2093,.F.);
#2873=ORIENTED_EDGE('',*,*,#2095,.T.);
#2874=ORIENTED_EDGE('',*,*,#2076,.F.);
#2875=ORIENTED_EDGE('',*,*,#1929,.T.);
#2876=ORIENTED_EDGE('',*,*,#2077,.F.);
#2877=ORIENTED_EDGE('',*,*,#2095,.F.);
#2878=ORIENTED_EDGE('',*,*,#2094,.F.);
#2879=ORIENTED_EDGE('',*,*,#2092,.F.);
#2880=ORIENTED_EDGE('',*,*,#2090,.F.);
#2881=ORIENTED_EDGE('',*,*,#2087,.F.);
#2882=ORIENTED_EDGE('',*,*,#2084,.F.);
#2883=ORIENTED_EDGE('',*,*,#2081,.F.);
#2884=ORIENTED_EDGE('',*,*,#2096,.T.);
#2885=ORIENTED_EDGE('',*,*,#2097,.T.);
#2886=ORIENTED_EDGE('',*,*,#2098,.T.);
#2887=ORIENTED_EDGE('',*,*,#1951,.T.);
#2888=ORIENTED_EDGE('',*,*,#2099,.T.);
#2889=ORIENTED_EDGE('',*,*,#2100,.T.);
#2890=ORIENTED_EDGE('',*,*,#2098,.F.);
#2891=ORIENTED_EDGE('',*,*,#2101,.T.);
#2892=ORIENTED_EDGE('',*,*,#2102,.T.);
#2893=ORIENTED_EDGE('',*,*,#2103,.T.);
#2894=ORIENTED_EDGE('',*,*,#2099,.F.);
#2895=ORIENTED_EDGE('',*,*,#2104,.T.);
#2896=ORIENTED_EDGE('',*,*,#2105,.T.);
#2897=ORIENTED_EDGE('',*,*,#2106,.T.);
#2898=ORIENTED_EDGE('',*,*,#2102,.F.);
#2899=ORIENTED_EDGE('',*,*,#2107,.T.);
#2900=ORIENTED_EDGE('',*,*,#2108,.T.);
#2901=ORIENTED_EDGE('',*,*,#2109,.T.);
#2902=ORIENTED_EDGE('',*,*,#2105,.F.);
#2903=ORIENTED_EDGE('',*,*,#2110,.T.);
#2904=ORIENTED_EDGE('',*,*,#2111,.T.);
#2905=ORIENTED_EDGE('',*,*,#1958,.T.);
#2906=ORIENTED_EDGE('',*,*,#2108,.F.);
#2907=ORIENTED_EDGE('',*,*,#2112,.T.);
#2908=ORIENTED_EDGE('',*,*,#2113,.T.);
#2909=ORIENTED_EDGE('',*,*,#1956,.T.);
#2910=ORIENTED_EDGE('',*,*,#2111,.F.);
#2911=ORIENTED_EDGE('',*,*,#2114,.T.);
#2912=ORIENTED_EDGE('',*,*,#2113,.F.);
#2913=ORIENTED_EDGE('',*,*,#2115,.T.);
#2914=ORIENTED_EDGE('',*,*,#2096,.F.);
#2915=ORIENTED_EDGE('',*,*,#1954,.T.);
#2916=ORIENTED_EDGE('',*,*,#2097,.F.);
#2917=ORIENTED_EDGE('',*,*,#2115,.F.);
#2918=ORIENTED_EDGE('',*,*,#2114,.F.);
#2919=ORIENTED_EDGE('',*,*,#2112,.F.);
#2920=ORIENTED_EDGE('',*,*,#2110,.F.);
#2921=ORIENTED_EDGE('',*,*,#2107,.F.);
#2922=ORIENTED_EDGE('',*,*,#2104,.F.);
#2923=ORIENTED_EDGE('',*,*,#2101,.F.);
#2924=ORIENTED_EDGE('',*,*,#2116,.T.);
#2925=ORIENTED_EDGE('',*,*,#2117,.T.);
#2926=ORIENTED_EDGE('',*,*,#2118,.T.);
#2927=ORIENTED_EDGE('',*,*,#2001,.T.);
#2928=ORIENTED_EDGE('',*,*,#2119,.T.);
#2929=ORIENTED_EDGE('',*,*,#2120,.T.);
#2930=ORIENTED_EDGE('',*,*,#2118,.F.);
#2931=ORIENTED_EDGE('',*,*,#2121,.T.);
#2932=ORIENTED_EDGE('',*,*,#2122,.T.);
#2933=ORIENTED_EDGE('',*,*,#2123,.T.);
#2934=ORIENTED_EDGE('',*,*,#2119,.F.);
#2935=ORIENTED_EDGE('',*,*,#2124,.T.);
#2936=ORIENTED_EDGE('',*,*,#2125,.T.);
#2937=ORIENTED_EDGE('',*,*,#2126,.T.);
#2938=ORIENTED_EDGE('',*,*,#2122,.F.);
#2939=ORIENTED_EDGE('',*,*,#2127,.T.);
#2940=ORIENTED_EDGE('',*,*,#2128,.T.);
#2941=ORIENTED_EDGE('',*,*,#2129,.T.);
#2942=ORIENTED_EDGE('',*,*,#2125,.F.);
#2943=ORIENTED_EDGE('',*,*,#2130,.T.);
#2944=ORIENTED_EDGE('',*,*,#2131,.T.);
#2945=ORIENTED_EDGE('',*,*,#2008,.T.);
#2946=ORIENTED_EDGE('',*,*,#2128,.F.);
#2947=ORIENTED_EDGE('',*,*,#2132,.T.);
#2948=ORIENTED_EDGE('',*,*,#2133,.T.);
#2949=ORIENTED_EDGE('',*,*,#2006,.T.);
#2950=ORIENTED_EDGE('',*,*,#2131,.F.);
#2951=ORIENTED_EDGE('',*,*,#2134,.T.);
#2952=ORIENTED_EDGE('',*,*,#2133,.F.);
#2953=ORIENTED_EDGE('',*,*,#2135,.T.);
#2954=ORIENTED_EDGE('',*,*,#2116,.F.);
#2955=ORIENTED_EDGE('',*,*,#2004,.T.);
#2956=ORIENTED_EDGE('',*,*,#2117,.F.);
#2957=ORIENTED_EDGE('',*,*,#2135,.F.);
#2958=ORIENTED_EDGE('',*,*,#2134,.F.);
#2959=ORIENTED_EDGE('',*,*,#2132,.F.);
#2960=ORIENTED_EDGE('',*,*,#2130,.F.);
#2961=ORIENTED_EDGE('',*,*,#2127,.F.);
#2962=ORIENTED_EDGE('',*,*,#2124,.F.);
#2963=ORIENTED_EDGE('',*,*,#2121,.F.);
#2964=ORIENTED_EDGE('',*,*,#1827,.F.);
#2965=ORIENTED_EDGE('',*,*,#2136,.T.);
#2966=ORIENTED_EDGE('',*,*,#2039,.F.);
#2967=ORIENTED_EDGE('',*,*,#1836,.T.);
#2968=ORIENTED_EDGE('',*,*,#1826,.F.);
#2969=ORIENTED_EDGE('',*,*,#2052,.F.);
#2970=ORIENTED_EDGE('',*,*,#2036,.F.);
#2971=ORIENTED_EDGE('',*,*,#2136,.F.);
#2972=ORIENTED_EDGE('',*,*,#1919,.F.);
#2973=ORIENTED_EDGE('',*,*,#1927,.F.);
#2974=ORIENTED_EDGE('',*,*,#2080,.F.);
#2975=ORIENTED_EDGE('',*,*,#2137,.F.);
#2976=ORIENTED_EDGE('',*,*,#1949,.F.);
#2977=ORIENTED_EDGE('',*,*,#2138,.T.);
#2978=ORIENTED_EDGE('',*,*,#2109,.F.);
#2979=ORIENTED_EDGE('',*,*,#1957,.T.);
#2980=ORIENTED_EDGE('',*,*,#1924,.F.);
#2981=ORIENTED_EDGE('',*,*,#2139,.T.);
#2982=ORIENTED_EDGE('',*,*,#2089,.F.);
#2983=ORIENTED_EDGE('',*,*,#1932,.T.);
#2984=ORIENTED_EDGE('',*,*,#1921,.F.);
#2985=ORIENTED_EDGE('',*,*,#2137,.T.);
#2986=ORIENTED_EDGE('',*,*,#2083,.F.);
#2987=ORIENTED_EDGE('',*,*,#2140,.T.);
#2988=ORIENTED_EDGE('',*,*,#1894,.F.);
#2989=ORIENTED_EDGE('',*,*,#1902,.F.);
#2990=ORIENTED_EDGE('',*,*,#2067,.F.);
#2991=ORIENTED_EDGE('',*,*,#2073,.F.);
#2992=ORIENTED_EDGE('',*,*,#1969,.F.);
#2993=ORIENTED_EDGE('',*,*,#1977,.F.);
#2994=ORIENTED_EDGE('',*,*,#2017,.F.);
#2995=ORIENTED_EDGE('',*,*,#2141,.F.);
#2996=ORIENTED_EDGE('',*,*,#1971,.F.);
#2997=ORIENTED_EDGE('',*,*,#2141,.T.);
#2998=ORIENTED_EDGE('',*,*,#2020,.F.);
#2999=ORIENTED_EDGE('',*,*,#2029,.T.);
#3000=ORIENTED_EDGE('',*,*,#1946,.F.);
#3001=ORIENTED_EDGE('',*,*,#2142,.T.);
#3002=ORIENTED_EDGE('',*,*,#2103,.F.);
#3003=ORIENTED_EDGE('',*,*,#2143,.T.);
#3004=ORIENTED_EDGE('',*,*,#1948,.F.);
#3005=ORIENTED_EDGE('',*,*,#2143,.F.);
#3006=ORIENTED_EDGE('',*,*,#2106,.F.);
#3007=ORIENTED_EDGE('',*,*,#2138,.F.);
#3008=ORIENTED_EDGE('',*,*,#1863,.T.);
#3009=ORIENTED_EDGE('',*,*,#2144,.T.);
#3010=ORIENTED_EDGE('',*,*,#2145,.T.);
#3011=ORIENTED_EDGE('',*,*,#2144,.F.);
#3012=ORIENTED_EDGE('',*,*,#1864,.T.);
#3013=ORIENTED_EDGE('',*,*,#2146,.T.);
#3014=ORIENTED_EDGE('',*,*,#2147,.T.);
#3015=ORIENTED_EDGE('',*,*,#2146,.F.);
#3016=ORIENTED_EDGE('',*,*,#1865,.T.);
#3017=ORIENTED_EDGE('',*,*,#2148,.T.);
#3018=ORIENTED_EDGE('',*,*,#2149,.T.);
#3019=ORIENTED_EDGE('',*,*,#2148,.F.);
#3020=ORIENTED_EDGE('',*,*,#1866,.T.);
#3021=ORIENTED_EDGE('',*,*,#2150,.T.);
#3022=ORIENTED_EDGE('',*,*,#2151,.T.);
#3023=ORIENTED_EDGE('',*,*,#2150,.F.);
#3024=ORIENTED_EDGE('',*,*,#1999,.F.);
#3025=ORIENTED_EDGE('',*,*,#2152,.T.);
#3026=ORIENTED_EDGE('',*,*,#2129,.F.);
#3027=ORIENTED_EDGE('',*,*,#2007,.T.);
#3028=ORIENTED_EDGE('',*,*,#1998,.F.);
#3029=ORIENTED_EDGE('',*,*,#2153,.F.);
#3030=ORIENTED_EDGE('',*,*,#2126,.F.);
#3031=ORIENTED_EDGE('',*,*,#2152,.F.);
#3032=ORIENTED_EDGE('',*,*,#1996,.F.);
#3033=ORIENTED_EDGE('',*,*,#2154,.T.);
#3034=ORIENTED_EDGE('',*,*,#2123,.F.);
#3035=ORIENTED_EDGE('',*,*,#2153,.T.);
#3036=ORIENTED_EDGE('',*,*,#1994,.F.);
#3037=ORIENTED_EDGE('',*,*,#2002,.F.);
#3038=ORIENTED_EDGE('',*,*,#2120,.F.);
#3039=ORIENTED_EDGE('',*,*,#2154,.F.);
#3040=ORIENTED_EDGE('',*,*,#2155,.F.);
#3041=ORIENTED_EDGE('',*,*,#2156,.T.);
#3042=ORIENTED_EDGE('',*,*,#2157,.T.);
#3043=ORIENTED_EDGE('',*,*,#2158,.F.);
#3044=ORIENTED_EDGE('',*,*,#2159,.F.);
#3045=ORIENTED_EDGE('',*,*,#2160,.F.);
#3046=ORIENTED_EDGE('',*,*,#2161,.T.);
#3047=ORIENTED_EDGE('',*,*,#2156,.F.);
#3048=ORIENTED_EDGE('',*,*,#2162,.F.);
#3049=ORIENTED_EDGE('',*,*,#2163,.T.);
#3050=ORIENTED_EDGE('',*,*,#2164,.T.);
#3051=ORIENTED_EDGE('',*,*,#2165,.F.);
#3052=ORIENTED_EDGE('',*,*,#2166,.F.);
#3053=ORIENTED_EDGE('',*,*,#2167,.T.);
#3054=ORIENTED_EDGE('',*,*,#2168,.T.);
#3055=ORIENTED_EDGE('',*,*,#2163,.F.);
#3056=ORIENTED_EDGE('',*,*,#2169,.F.);
#3057=ORIENTED_EDGE('',*,*,#2170,.T.);
#3058=ORIENTED_EDGE('',*,*,#2171,.T.);
#3059=ORIENTED_EDGE('',*,*,#2167,.F.);
#3060=ORIENTED_EDGE('',*,*,#2172,.F.);
#3061=ORIENTED_EDGE('',*,*,#2158,.T.);
#3062=ORIENTED_EDGE('',*,*,#2173,.T.);
#3063=ORIENTED_EDGE('',*,*,#2170,.F.);
#3064=ORIENTED_EDGE('',*,*,#2173,.F.);
#3065=ORIENTED_EDGE('',*,*,#2157,.F.);
#3066=ORIENTED_EDGE('',*,*,#2161,.F.);
#3067=ORIENTED_EDGE('',*,*,#2174,.F.);
#3068=ORIENTED_EDGE('',*,*,#2175,.F.);
#3069=ORIENTED_EDGE('',*,*,#2164,.F.);
#3070=ORIENTED_EDGE('',*,*,#2168,.F.);
#3071=ORIENTED_EDGE('',*,*,#2171,.F.);
#3072=ORIENTED_EDGE('',*,*,#2176,.F.);
#3073=ORIENTED_EDGE('',*,*,#2177,.F.);
#3074=ORIENTED_EDGE('',*,*,#2178,.T.);
#3075=ORIENTED_EDGE('',*,*,#2179,.T.);
#3076=ORIENTED_EDGE('',*,*,#2180,.F.);
#3077=ORIENTED_EDGE('',*,*,#2181,.F.);
#3078=ORIENTED_EDGE('',*,*,#2182,.F.);
#3079=ORIENTED_EDGE('',*,*,#2183,.T.);
#3080=ORIENTED_EDGE('',*,*,#2178,.F.);
#3081=ORIENTED_EDGE('',*,*,#2184,.F.);
#3082=ORIENTED_EDGE('',*,*,#2185,.T.);
#3083=ORIENTED_EDGE('',*,*,#2186,.T.);
#3084=ORIENTED_EDGE('',*,*,#2187,.F.);
#3085=ORIENTED_EDGE('',*,*,#2188,.F.);
#3086=ORIENTED_EDGE('',*,*,#2189,.T.);
#3087=ORIENTED_EDGE('',*,*,#2190,.T.);
#3088=ORIENTED_EDGE('',*,*,#2185,.F.);
#3089=ORIENTED_EDGE('',*,*,#2191,.F.);
#3090=ORIENTED_EDGE('',*,*,#2192,.T.);
#3091=ORIENTED_EDGE('',*,*,#2193,.T.);
#3092=ORIENTED_EDGE('',*,*,#2189,.F.);
#3093=ORIENTED_EDGE('',*,*,#2194,.F.);
#3094=ORIENTED_EDGE('',*,*,#2180,.T.);
#3095=ORIENTED_EDGE('',*,*,#2195,.T.);
#3096=ORIENTED_EDGE('',*,*,#2192,.F.);
#3097=ORIENTED_EDGE('',*,*,#2195,.F.);
#3098=ORIENTED_EDGE('',*,*,#2179,.F.);
#3099=ORIENTED_EDGE('',*,*,#2183,.F.);
#3100=ORIENTED_EDGE('',*,*,#2196,.F.);
#3101=ORIENTED_EDGE('',*,*,#2186,.F.);
#3102=ORIENTED_EDGE('',*,*,#2190,.F.);
#3103=ORIENTED_EDGE('',*,*,#2193,.F.);
#3104=ORIENTED_EDGE('',*,*,#2197,.F.);
#3105=ORIENTED_EDGE('',*,*,#2198,.F.);
#3106=ORIENTED_EDGE('',*,*,#2199,.T.);
#3107=ORIENTED_EDGE('',*,*,#2200,.T.);
#3108=ORIENTED_EDGE('',*,*,#2201,.F.);
#3109=ORIENTED_EDGE('',*,*,#2202,.F.);
#3110=ORIENTED_EDGE('',*,*,#2203,.T.);
#3111=ORIENTED_EDGE('',*,*,#2204,.T.);
#3112=ORIENTED_EDGE('',*,*,#2199,.F.);
#3113=ORIENTED_EDGE('',*,*,#2205,.F.);
#3114=ORIENTED_EDGE('',*,*,#2206,.T.);
#3115=ORIENTED_EDGE('',*,*,#2207,.T.);
#3116=ORIENTED_EDGE('',*,*,#2203,.F.);
#3117=ORIENTED_EDGE('',*,*,#2208,.F.);
#3118=ORIENTED_EDGE('',*,*,#2209,.T.);
#3119=ORIENTED_EDGE('',*,*,#2210,.T.);
#3120=ORIENTED_EDGE('',*,*,#2206,.F.);
#3121=ORIENTED_EDGE('',*,*,#2211,.F.);
#3122=ORIENTED_EDGE('',*,*,#2212,.T.);
#3123=ORIENTED_EDGE('',*,*,#2213,.T.);
#3124=ORIENTED_EDGE('',*,*,#2209,.F.);
#3125=ORIENTED_EDGE('',*,*,#2214,.F.);
#3126=ORIENTED_EDGE('',*,*,#2215,.F.);
#3127=ORIENTED_EDGE('',*,*,#2216,.T.);
#3128=ORIENTED_EDGE('',*,*,#2212,.F.);
#3129=ORIENTED_EDGE('',*,*,#2217,.F.);
#3130=ORIENTED_EDGE('',*,*,#2200,.F.);
#3131=ORIENTED_EDGE('',*,*,#2204,.F.);
#3132=ORIENTED_EDGE('',*,*,#2207,.F.);
#3133=ORIENTED_EDGE('',*,*,#2210,.F.);
#3134=ORIENTED_EDGE('',*,*,#2213,.F.);
#3135=ORIENTED_EDGE('',*,*,#2216,.F.);
#3136=ORIENTED_EDGE('',*,*,#2218,.F.);
#3137=ORIENTED_EDGE('',*,*,#2219,.F.);
#3138=ORIENTED_EDGE('',*,*,#2220,.T.);
#3139=ORIENTED_EDGE('',*,*,#2221,.T.);
#3140=ORIENTED_EDGE('',*,*,#2222,.F.);
#3141=ORIENTED_EDGE('',*,*,#2223,.F.);
#3142=ORIENTED_EDGE('',*,*,#2224,.F.);
#3143=ORIENTED_EDGE('',*,*,#2225,.T.);
#3144=ORIENTED_EDGE('',*,*,#2220,.F.);
#3145=ORIENTED_EDGE('',*,*,#2226,.F.);
#3146=ORIENTED_EDGE('',*,*,#2227,.T.);
#3147=ORIENTED_EDGE('',*,*,#2228,.T.);
#3148=ORIENTED_EDGE('',*,*,#2229,.F.);
#3149=ORIENTED_EDGE('',*,*,#2230,.F.);
#3150=ORIENTED_EDGE('',*,*,#2231,.T.);
#3151=ORIENTED_EDGE('',*,*,#2232,.T.);
#3152=ORIENTED_EDGE('',*,*,#2227,.F.);
#3153=ORIENTED_EDGE('',*,*,#2233,.F.);
#3154=ORIENTED_EDGE('',*,*,#2234,.T.);
#3155=ORIENTED_EDGE('',*,*,#2235,.T.);
#3156=ORIENTED_EDGE('',*,*,#2231,.F.);
#3157=ORIENTED_EDGE('',*,*,#2236,.F.);
#3158=ORIENTED_EDGE('',*,*,#2222,.T.);
#3159=ORIENTED_EDGE('',*,*,#2237,.T.);
#3160=ORIENTED_EDGE('',*,*,#2234,.F.);
#3161=ORIENTED_EDGE('',*,*,#2237,.F.);
#3162=ORIENTED_EDGE('',*,*,#2221,.F.);
#3163=ORIENTED_EDGE('',*,*,#2225,.F.);
#3164=ORIENTED_EDGE('',*,*,#2238,.F.);
#3165=ORIENTED_EDGE('',*,*,#2228,.F.);
#3166=ORIENTED_EDGE('',*,*,#2232,.F.);
#3167=ORIENTED_EDGE('',*,*,#2235,.F.);
#3168=ORIENTED_EDGE('',*,*,#2239,.F.);
#3169=ORIENTED_EDGE('',*,*,#2159,.T.);
#3170=ORIENTED_EDGE('',*,*,#2155,.T.);
#3171=ORIENTED_EDGE('',*,*,#2172,.T.);
#3172=ORIENTED_EDGE('',*,*,#2169,.T.);
#3173=ORIENTED_EDGE('',*,*,#2166,.T.);
#3174=ORIENTED_EDGE('',*,*,#2162,.T.);
#3175=ORIENTED_EDGE('',*,*,#2240,.F.);
#3176=ORIENTED_EDGE('',*,*,#2214,.T.);
#3177=ORIENTED_EDGE('',*,*,#2211,.T.);
#3178=ORIENTED_EDGE('',*,*,#2208,.T.);
#3179=ORIENTED_EDGE('',*,*,#2205,.T.);
#3180=ORIENTED_EDGE('',*,*,#2202,.T.);
#3181=ORIENTED_EDGE('',*,*,#2198,.T.);
#3182=ORIENTED_EDGE('',*,*,#2241,.F.);
#3183=ORIENTED_EDGE('',*,*,#2223,.T.);
#3184=ORIENTED_EDGE('',*,*,#2219,.T.);
#3185=ORIENTED_EDGE('',*,*,#2236,.T.);
#3186=ORIENTED_EDGE('',*,*,#2233,.T.);
#3187=ORIENTED_EDGE('',*,*,#2230,.T.);
#3188=ORIENTED_EDGE('',*,*,#2226,.T.);
#3189=ORIENTED_EDGE('',*,*,#2242,.F.);
#3190=ORIENTED_EDGE('',*,*,#2181,.T.);
#3191=ORIENTED_EDGE('',*,*,#2177,.T.);
#3192=ORIENTED_EDGE('',*,*,#2194,.T.);
#3193=ORIENTED_EDGE('',*,*,#2191,.T.);
#3194=ORIENTED_EDGE('',*,*,#2188,.T.);
#3195=ORIENTED_EDGE('',*,*,#2184,.T.);
#3196=ORIENTED_EDGE('',*,*,#2243,.F.);
#3197=ORIENTED_EDGE('',*,*,#2244,.T.);
#3198=ORIENTED_EDGE('',*,*,#2245,.T.);
#3199=ORIENTED_EDGE('',*,*,#2246,.T.);
#3200=ORIENTED_EDGE('',*,*,#2247,.T.);
#3201=ORIENTED_EDGE('',*,*,#2248,.F.);
#3202=ORIENTED_EDGE('',*,*,#2249,.F.);
#3203=ORIENTED_EDGE('',*,*,#2250,.T.);
#3204=ORIENTED_EDGE('',*,*,#2244,.F.);
#3205=ORIENTED_EDGE('',*,*,#2250,.F.);
#3206=ORIENTED_EDGE('',*,*,#2251,.F.);
#3207=ORIENTED_EDGE('',*,*,#2252,.T.);
#3208=ORIENTED_EDGE('',*,*,#2245,.F.);
#3209=ORIENTED_EDGE('',*,*,#2252,.F.);
#3210=ORIENTED_EDGE('',*,*,#2253,.F.);
#3211=ORIENTED_EDGE('',*,*,#2254,.T.);
#3212=ORIENTED_EDGE('',*,*,#2239,.T.);
#3213=ORIENTED_EDGE('',*,*,#2254,.F.);
#3214=ORIENTED_EDGE('',*,*,#2255,.F.);
#3215=ORIENTED_EDGE('',*,*,#2256,.T.);
#3216=ORIENTED_EDGE('',*,*,#2176,.T.);
#3217=ORIENTED_EDGE('',*,*,#2256,.F.);
#3218=ORIENTED_EDGE('',*,*,#2257,.F.);
#3219=ORIENTED_EDGE('',*,*,#2258,.T.);
#3220=ORIENTED_EDGE('',*,*,#2197,.T.);
#3221=ORIENTED_EDGE('',*,*,#2258,.F.);
#3222=ORIENTED_EDGE('',*,*,#2259,.F.);
#3223=ORIENTED_EDGE('',*,*,#2260,.T.);
#3224=ORIENTED_EDGE('',*,*,#2218,.T.);
#3225=ORIENTED_EDGE('',*,*,#2260,.F.);
#3226=ORIENTED_EDGE('',*,*,#2261,.F.);
#3227=ORIENTED_EDGE('',*,*,#2262,.T.);
#3228=ORIENTED_EDGE('',*,*,#2246,.F.);
#3229=ORIENTED_EDGE('',*,*,#2262,.F.);
#3230=ORIENTED_EDGE('',*,*,#2263,.F.);
#3231=ORIENTED_EDGE('',*,*,#2264,.T.);
#3232=ORIENTED_EDGE('',*,*,#2247,.F.);
#3233=ORIENTED_EDGE('',*,*,#2264,.F.);
#3234=ORIENTED_EDGE('',*,*,#1944,.F.);
#3235=ORIENTED_EDGE('',*,*,#1952,.F.);
#3236=ORIENTED_EDGE('',*,*,#2100,.F.);
#3237=ORIENTED_EDGE('',*,*,#2142,.F.);
#3238=ORIENTED_EDGE('',*,*,#1923,.F.);
#3239=ORIENTED_EDGE('',*,*,#2140,.F.);
#3240=ORIENTED_EDGE('',*,*,#2086,.F.);
#3241=ORIENTED_EDGE('',*,*,#2139,.F.);
#3242=ORIENTED_EDGE('',*,*,#2265,.T.);
#3243=ORIENTED_EDGE('',*,*,#2266,.T.);
#3244=ORIENTED_EDGE('',*,*,#2267,.T.);
#3245=ORIENTED_EDGE('',*,*,#2268,.T.);
#3246=ORIENTED_EDGE('',*,*,#2269,.F.);
#3247=ORIENTED_EDGE('',*,*,#2270,.F.);
#3248=ORIENTED_EDGE('',*,*,#2271,.F.);
#3249=ORIENTED_EDGE('',*,*,#2272,.T.);
#3250=ORIENTED_EDGE('',*,*,#2273,.F.);
#3251=ORIENTED_EDGE('',*,*,#2266,.F.);
#3252=ORIENTED_EDGE('',*,*,#2274,.T.);
#3253=ORIENTED_EDGE('',*,*,#2275,.T.);
#3254=ORIENTED_EDGE('',*,*,#2276,.T.);
#3255=ORIENTED_EDGE('',*,*,#2269,.T.);
#3256=ORIENTED_EDGE('',*,*,#2277,.T.);
#3257=ORIENTED_EDGE('',*,*,#1796,.F.);
#3258=ORIENTED_EDGE('',*,*,#2278,.F.);
#3259=ORIENTED_EDGE('',*,*,#2275,.F.);
#3260=ORIENTED_EDGE('',*,*,#2248,.T.);
#3261=ORIENTED_EDGE('',*,*,#2279,.T.);
#3262=ORIENTED_EDGE('',*,*,#1838,.T.);
#3263=ORIENTED_EDGE('',*,*,#2279,.F.);
#3264=ORIENTED_EDGE('',*,*,#2280,.F.);
#3265=ORIENTED_EDGE('',*,*,#2281,.F.);
#3266=ORIENTED_EDGE('',*,*,#2282,.F.);
#3267=ORIENTED_EDGE('',*,*,#2283,.F.);
#3268=ORIENTED_EDGE('',*,*,#2284,.F.);
#3269=ORIENTED_EDGE('',*,*,#2285,.F.);
#3270=ORIENTED_EDGE('',*,*,#2286,.F.);
#3271=ORIENTED_EDGE('',*,*,#2287,.F.);
#3272=ORIENTED_EDGE('',*,*,#2288,.T.);
#3273=ORIENTED_EDGE('',*,*,#1867,.T.);
#3274=ORIENTED_EDGE('',*,*,#2288,.F.);
#3275=ORIENTED_EDGE('',*,*,#2289,.F.);
#3276=ORIENTED_EDGE('',*,*,#2284,.T.);
#3277=ORIENTED_EDGE('',*,*,#2290,.T.);
#3278=ORIENTED_EDGE('',*,*,#2291,.T.);
#3279=ORIENTED_EDGE('',*,*,#2292,.T.);
#3280=ORIENTED_EDGE('',*,*,#2286,.T.);
#3281=ORIENTED_EDGE('',*,*,#2293,.T.);
#3282=ORIENTED_EDGE('',*,*,#2294,.F.);
#3283=ORIENTED_EDGE('',*,*,#2295,.F.);
#3284=ORIENTED_EDGE('',*,*,#2280,.T.);
#3285=ORIENTED_EDGE('',*,*,#2296,.F.);
#3286=ORIENTED_EDGE('',*,*,#2297,.T.);
#3287=ORIENTED_EDGE('',*,*,#2298,.T.);
#3288=ORIENTED_EDGE('',*,*,#2285,.T.);
#3289=ORIENTED_EDGE('',*,*,#2292,.F.);
#3290=ORIENTED_EDGE('',*,*,#2299,.F.);
#3291=ORIENTED_EDGE('',*,*,#2293,.F.);
#3292=ORIENTED_EDGE('',*,*,#2281,.T.);
#3293=ORIENTED_EDGE('',*,*,#2298,.F.);
#3294=ORIENTED_EDGE('',*,*,#2300,.T.);
#3295=ORIENTED_EDGE('',*,*,#2301,.F.);
#3296=ORIENTED_EDGE('',*,*,#2302,.T.);
#3297=ORIENTED_EDGE('',*,*,#2289,.T.);
#3298=ORIENTED_EDGE('',*,*,#2287,.T.);
#3299=ORIENTED_EDGE('',*,*,#2295,.T.);
#3300=ORIENTED_EDGE('',*,*,#2303,.F.);
#3301=ORIENTED_EDGE('',*,*,#2304,.F.);
#3302=ORIENTED_EDGE('',*,*,#2270,.T.);
#3303=ORIENTED_EDGE('',*,*,#2276,.F.);
#3304=ORIENTED_EDGE('',*,*,#2278,.T.);
#3305=ORIENTED_EDGE('',*,*,#1795,.F.);
#3306=ORIENTED_EDGE('',*,*,#1802,.T.);
#3307=ORIENTED_EDGE('',*,*,#2305,.F.);
#3308=ORIENTED_EDGE('',*,*,#2306,.F.);
#3309=ORIENTED_EDGE('',*,*,#2296,.T.);
#3310=ORIENTED_EDGE('',*,*,#2307,.T.);
#3311=ORIENTED_EDGE('',*,*,#2308,.T.);
#3312=ORIENTED_EDGE('',*,*,#2309,.T.);
#3313=ORIENTED_EDGE('',*,*,#2310,.T.);
#3314=ORIENTED_EDGE('',*,*,#2263,.T.);
#3315=ORIENTED_EDGE('',*,*,#2261,.T.);
#3316=ORIENTED_EDGE('',*,*,#2259,.T.);
#3317=ORIENTED_EDGE('',*,*,#2257,.T.);
#3318=ORIENTED_EDGE('',*,*,#2255,.T.);
#3319=ORIENTED_EDGE('',*,*,#2253,.T.);
#3320=ORIENTED_EDGE('',*,*,#2251,.T.);
#3321=ORIENTED_EDGE('',*,*,#2249,.T.);
#3322=ORIENTED_EDGE('',*,*,#2302,.F.);
#3323=ORIENTED_EDGE('',*,*,#2311,.T.);
#3324=ORIENTED_EDGE('',*,*,#2174,.T.);
#3325=ORIENTED_EDGE('',*,*,#2160,.T.);
#3326=ORIENTED_EDGE('',*,*,#2243,.T.);
#3327=ORIENTED_EDGE('',*,*,#2187,.T.);
#3328=ORIENTED_EDGE('',*,*,#2196,.T.);
#3329=ORIENTED_EDGE('',*,*,#2182,.T.);
#3330=ORIENTED_EDGE('',*,*,#2242,.T.);
#3331=ORIENTED_EDGE('',*,*,#2229,.T.);
#3332=ORIENTED_EDGE('',*,*,#2238,.T.);
#3333=ORIENTED_EDGE('',*,*,#2224,.T.);
#3334=ORIENTED_EDGE('',*,*,#2241,.T.);
#3335=ORIENTED_EDGE('',*,*,#2201,.T.);
#3336=ORIENTED_EDGE('',*,*,#2217,.T.);
#3337=ORIENTED_EDGE('',*,*,#2215,.T.);
#3338=ORIENTED_EDGE('',*,*,#2240,.T.);
#3339=ORIENTED_EDGE('',*,*,#2165,.T.);
#3340=ORIENTED_EDGE('',*,*,#2175,.T.);
#3341=ORIENTED_EDGE('',*,*,#2311,.F.);
#3342=ORIENTED_EDGE('',*,*,#2282,.T.);
#3343=ORIENTED_EDGE('',*,*,#2301,.T.);
#3344=ORIENTED_EDGE('',*,*,#2312,.F.);
#3345=ORIENTED_EDGE('',*,*,#2313,.T.);
#3346=ORIENTED_EDGE('',*,*,#2283,.T.);
#3347=ORIENTED_EDGE('',*,*,#2313,.F.);
#3348=ORIENTED_EDGE('',*,*,#2314,.F.);
#3349=ORIENTED_EDGE('',*,*,#2315,.F.);
#3350=ORIENTED_EDGE('',*,*,#1803,.F.);
#3351=ORIENTED_EDGE('',*,*,#1797,.F.);
#3352=ORIENTED_EDGE('',*,*,#1793,.F.);
#3353=ORIENTED_EDGE('',*,*,#2277,.F.);
#3354=ORIENTED_EDGE('',*,*,#2274,.F.);
#3355=ORIENTED_EDGE('',*,*,#2268,.F.);
#3356=ORIENTED_EDGE('',*,*,#2265,.F.);
#3357=ORIENTED_EDGE('',*,*,#2316,.F.);
#3358=ORIENTED_EDGE('',*,*,#2317,.F.);
#3359=ORIENTED_EDGE('',*,*,#2290,.F.);
#3360=ORIENTED_EDGE('',*,*,#2145,.F.);
#3361=ORIENTED_EDGE('',*,*,#2318,.F.);
#3362=ORIENTED_EDGE('',*,*,#2147,.F.);
#3363=ORIENTED_EDGE('',*,*,#2319,.F.);
#3364=ORIENTED_EDGE('',*,*,#2151,.F.);
#3365=ORIENTED_EDGE('',*,*,#2320,.F.);
#3366=ORIENTED_EDGE('',*,*,#2149,.F.);
#3367=ORIENTED_EDGE('',*,*,#2321,.F.);
#3368=ORIENTED_EDGE('',*,*,#2322,.T.);
#3369=ORIENTED_EDGE('',*,*,#2291,.F.);
#3370=ORIENTED_EDGE('',*,*,#2317,.T.);
#3371=ORIENTED_EDGE('',*,*,#2323,.T.);
#3372=ORIENTED_EDGE('',*,*,#2316,.T.);
#3373=ORIENTED_EDGE('',*,*,#2267,.F.);
#3374=ORIENTED_EDGE('',*,*,#2273,.T.);
#3375=ORIENTED_EDGE('',*,*,#2324,.T.);
#3376=ORIENTED_EDGE('',*,*,#2323,.F.);
#3377=ORIENTED_EDGE('',*,*,#2322,.F.);
#3378=ORIENTED_EDGE('',*,*,#2325,.F.);
#3379=ORIENTED_EDGE('',*,*,#2326,.F.);
#3380=ORIENTED_EDGE('',*,*,#2299,.T.);
#3381=ORIENTED_EDGE('',*,*,#2324,.F.);
#3382=ORIENTED_EDGE('',*,*,#2272,.F.);
#3383=ORIENTED_EDGE('',*,*,#2327,.F.);
#3384=ORIENTED_EDGE('',*,*,#2325,.T.);
#3385=ORIENTED_EDGE('',*,*,#2328,.T.);
#3386=ORIENTED_EDGE('',*,*,#1799,.T.);
#3387=ORIENTED_EDGE('',*,*,#1804,.T.);
#3388=ORIENTED_EDGE('',*,*,#2315,.T.);
#3389=ORIENTED_EDGE('',*,*,#2329,.T.);
#3390=ORIENTED_EDGE('',*,*,#2314,.T.);
#3391=ORIENTED_EDGE('',*,*,#2312,.T.);
#3392=ORIENTED_EDGE('',*,*,#2330,.T.);
#3393=ORIENTED_EDGE('',*,*,#2329,.F.);
#3394=ORIENTED_EDGE('',*,*,#2327,.T.);
#3395=ORIENTED_EDGE('',*,*,#2271,.T.);
#3396=ORIENTED_EDGE('',*,*,#2304,.T.);
#3397=ORIENTED_EDGE('',*,*,#2331,.T.);
#3398=ORIENTED_EDGE('',*,*,#2303,.T.);
#3399=ORIENTED_EDGE('',*,*,#2294,.T.);
#3400=ORIENTED_EDGE('',*,*,#2326,.T.);
#3401=ORIENTED_EDGE('',*,*,#2331,.F.);
#3402=ORIENTED_EDGE('',*,*,#2332,.T.);
#3403=ORIENTED_EDGE('',*,*,#2297,.F.);
#3404=ORIENTED_EDGE('',*,*,#2306,.T.);
#3405=ORIENTED_EDGE('',*,*,#2333,.T.);
#3406=ORIENTED_EDGE('',*,*,#2305,.T.);
#3407=ORIENTED_EDGE('',*,*,#1801,.T.);
#3408=ORIENTED_EDGE('',*,*,#2334,.T.);
#3409=ORIENTED_EDGE('',*,*,#2333,.F.);
#3410=ORIENTED_EDGE('',*,*,#2328,.F.);
#3411=ORIENTED_EDGE('',*,*,#2335,.F.);
#3412=ORIENTED_EDGE('',*,*,#2334,.F.);
#3413=ORIENTED_EDGE('',*,*,#1800,.F.);
#3414=ORIENTED_EDGE('',*,*,#2330,.F.);
#3415=ORIENTED_EDGE('',*,*,#2300,.F.);
#3416=ORIENTED_EDGE('',*,*,#2332,.F.);
#3417=ORIENTED_EDGE('',*,*,#2335,.T.);
#3418=ORIENTED_EDGE('',*,*,#2310,.F.);
#3419=ORIENTED_EDGE('',*,*,#2336,.T.);
#3420=ORIENTED_EDGE('',*,*,#2319,.T.);
#3421=ORIENTED_EDGE('',*,*,#2336,.F.);
#3422=ORIENTED_EDGE('',*,*,#2307,.F.);
#3423=ORIENTED_EDGE('',*,*,#2337,.T.);
#3424=ORIENTED_EDGE('',*,*,#2318,.T.);
#3425=ORIENTED_EDGE('',*,*,#2337,.F.);
#3426=ORIENTED_EDGE('',*,*,#2309,.F.);
#3427=ORIENTED_EDGE('',*,*,#2338,.T.);
#3428=ORIENTED_EDGE('',*,*,#2321,.T.);
#3429=ORIENTED_EDGE('',*,*,#2338,.F.);
#3430=ORIENTED_EDGE('',*,*,#2308,.F.);
#3431=ORIENTED_EDGE('',*,*,#2339,.T.);
#3432=ORIENTED_EDGE('',*,*,#2320,.T.);
#3433=ORIENTED_EDGE('',*,*,#2339,.F.);
#3434=CYLINDRICAL_SURFACE('',#3774,2.5);
#3435=CYLINDRICAL_SURFACE('',#3780,4.5);
#3436=CYLINDRICAL_SURFACE('',#3791,0.5);
#3437=CYLINDRICAL_SURFACE('',#3805,0.5);
#3438=CYLINDRICAL_SURFACE('',#3810,2.);
#3439=CYLINDRICAL_SURFACE('',#3813,4.);
#3440=CYLINDRICAL_SURFACE('',#3815,15.5);
#3441=CYLINDRICAL_SURFACE('',#3861,0.5);
#3442=CYLINDRICAL_SURFACE('',#3872,0.5);
#3443=CYLINDRICAL_SURFACE('',#3876,2.);
#3444=CYLINDRICAL_SURFACE('',#3879,4.);
#3445=CYLINDRICAL_SURFACE('',#3881,15.5);
#3446=CYLINDRICAL_SURFACE('',#3883,0.5);
#3447=CYLINDRICAL_SURFACE('',#3895,0.5);
#3448=CYLINDRICAL_SURFACE('',#3905,4.);
#3449=CYLINDRICAL_SURFACE('',#3907,15.5);
#3450=CYLINDRICAL_SURFACE('',#3909,4.);
#3451=CYLINDRICAL_SURFACE('',#3919,0.5);
#3452=CYLINDRICAL_SURFACE('',#3930,0.5);
#3453=CYLINDRICAL_SURFACE('',#3934,2.);
#3454=CYLINDRICAL_SURFACE('',#3937,4.);
#3455=CYLINDRICAL_SURFACE('',#3939,15.5);
#3456=CYLINDRICAL_SURFACE('',#3948,0.5);
#3457=CYLINDRICAL_SURFACE('',#3959,0.5);
#3458=CYLINDRICAL_SURFACE('',#3963,2.);
#3459=CYLINDRICAL_SURFACE('',#3966,4.);
#3460=CYLINDRICAL_SURFACE('',#3968,15.5);
#3461=CYLINDRICAL_SURFACE('',#3977,0.5);
#3462=CYLINDRICAL_SURFACE('',#3988,0.5);
#3463=CYLINDRICAL_SURFACE('',#3992,2.);
#3464=CYLINDRICAL_SURFACE('',#3995,4.);
#3465=CYLINDRICAL_SURFACE('',#3997,15.5);
#3466=CYLINDRICAL_SURFACE('',#4003,0.5);
#3467=CYLINDRICAL_SURFACE('',#4016,0.5);
#3468=CYLINDRICAL_SURFACE('',#4025,4.);
#3469=CYLINDRICAL_SURFACE('',#4032,0.5);
#3470=CYLINDRICAL_SURFACE('',#4044,0.5);
#3471=CYLINDRICAL_SURFACE('',#4052,26.65);
#3472=CYLINDRICAL_SURFACE('',#4053,2.);
#3473=CYLINDRICAL_SURFACE('',#4063,0.5);
#3474=CYLINDRICAL_SURFACE('',#4076,0.5);
#3475=CYLINDRICAL_SURFACE('',#4080,2.);
#3476=CYLINDRICAL_SURFACE('',#4082,4.);
#3477=CYLINDRICAL_SURFACE('',#4088,0.5);
#3478=CYLINDRICAL_SURFACE('',#4102,0.5);
#3479=CYLINDRICAL_SURFACE('',#4122,0.5);
#3480=CYLINDRICAL_SURFACE('',#4134,0.5);
#3481=CYLINDRICAL_SURFACE('',#4148,0.5);
#3482=CYLINDRICAL_SURFACE('',#4160,0.5);
#3483=CYLINDRICAL_SURFACE('',#4162,4.);
#3484=CYLINDRICAL_SURFACE('',#4165,4.);
#3485=CYLINDRICAL_SURFACE('',#4166,2.);
#3486=CYLINDRICAL_SURFACE('',#4167,2.);
#3487=CYLINDRICAL_SURFACE('',#4168,26.65);
#3488=CYLINDRICAL_SURFACE('',#4169,26.65);
#3489=CYLINDRICAL_SURFACE('',#4170,2.);
#3490=CYLINDRICAL_SURFACE('',#4171,2.);
#3491=CYLINDRICAL_SURFACE('',#4173,1.6);
#3492=CYLINDRICAL_SURFACE('',#4175,1.6);
#3493=CYLINDRICAL_SURFACE('',#4177,1.6);
#3494=CYLINDRICAL_SURFACE('',#4179,1.6);
#3495=CYLINDRICAL_SURFACE('',#4181,4.);
#3496=CYLINDRICAL_SURFACE('',#4183,2.);
#3497=CYLINDRICAL_SURFACE('',#4184,26.65);
#3498=CYLINDRICAL_SURFACE('',#4232,1.6);
#3499=CYLINDRICAL_SURFACE('',#4234,1.6);
#3500=CYLINDRICAL_SURFACE('',#4236,1.6);
#3501=CYLINDRICAL_SURFACE('',#4238,1.6);
#3502=CYLINDRICAL_SURFACE('',#4240,1.6);
#3503=CYLINDRICAL_SURFACE('',#4242,1.6);
#3504=CYLINDRICAL_SURFACE('',#4244,1.6);
#3505=CYLINDRICAL_SURFACE('',#4246,1.6);
#3506=CYLINDRICAL_SURFACE('',#4248,26.65);
#3507=CYLINDRICAL_SURFACE('',#4249,26.65);
#3508=CYLINDRICAL_SURFACE('',#4250,4.5);
#3509=CYLINDRICAL_SURFACE('',#4255,2.5);
#3510=CYLINDRICAL_SURFACE('',#4258,28.5);
#3511=CYLINDRICAL_SURFACE('',#4261,28.5);
#3512=CYLINDRICAL_SURFACE('',#4262,11.);
#3513=CYLINDRICAL_SURFACE('',#4266,1.);
#3514=CYLINDRICAL_SURFACE('',#4268,1.);
#3515=CYLINDRICAL_SURFACE('',#4270,1.);
#3516=CYLINDRICAL_SURFACE('',#4280,35.);
#3517=CYLINDRICAL_SURFACE('',#4281,1.);
#3518=CYLINDRICAL_SURFACE('',#4292,1.);
#3519=CYLINDRICAL_SURFACE('',#4294,1.);
#3520=CYLINDRICAL_SURFACE('',#4297,1.);
#3521=CYLINDRICAL_SURFACE('',#4299,1.);
#3522=CYLINDRICAL_SURFACE('',#4300,1.);
#3523=CYLINDRICAL_SURFACE('',#4302,1.);
#3524=CYLINDRICAL_SURFACE('',#4303,1.);
#3525=CYLINDRICAL_SURFACE('',#4305,1.);
#3526=CYLINDRICAL_SURFACE('',#4308,1.5);
#3527=CYLINDRICAL_SURFACE('',#4309,1.5);
#3528=CYLINDRICAL_SURFACE('',#4310,1.5);
#3529=CYLINDRICAL_SURFACE('',#4311,1.5);
#3530=ADVANCED_FACE('',(#204),#3434,.F.);
#3531=ADVANCED_FACE('',(#205),#142,.F.);
#3532=ADVANCED_FACE('',(#206),#3435,.F.);
#3533=ADVANCED_FACE('',(#207),#52,.F.);
#3534=ADVANCED_FACE('',(#208),#53,.F.);
#3535=ADVANCED_FACE('',(#209),#3436,.F.);
#3536=ADVANCED_FACE('',(#210),#54,.F.);
#3537=ADVANCED_FACE('',(#211),#55,.F.);
#3538=ADVANCED_FACE('',(#212),#56,.F.);
#3539=ADVANCED_FACE('',(#213),#3437,.F.);
#3540=ADVANCED_FACE('',(#214),#57,.F.);
#3541=ADVANCED_FACE('',(#215),#3438,.T.);
#3542=ADVANCED_FACE('',(#216),#143,.T.);
#3543=ADVANCED_FACE('',(#217),#3439,.T.);
#3544=ADVANCED_FACE('',(#218),#3440,.F.);
#3545=ADVANCED_FACE('',(#219,#15,#16,#17,#18,#19,#20,#21,#22,#23,#24,#25),
#144,.F.);
#3546=ADVANCED_FACE('',(#220),#58,.F.);
#3547=ADVANCED_FACE('',(#221),#59,.F.);
#3548=ADVANCED_FACE('',(#222),#3441,.F.);
#3549=ADVANCED_FACE('',(#223),#60,.F.);
#3550=ADVANCED_FACE('',(#224),#61,.F.);
#3551=ADVANCED_FACE('',(#225),#62,.F.);
#3552=ADVANCED_FACE('',(#226),#3442,.F.);
#3553=ADVANCED_FACE('',(#227),#63,.F.);
#3554=ADVANCED_FACE('',(#228),#3443,.T.);
#3555=ADVANCED_FACE('',(#229),#145,.T.);
#3556=ADVANCED_FACE('',(#230),#3444,.T.);
#3557=ADVANCED_FACE('',(#231),#3445,.F.);
#3558=ADVANCED_FACE('',(#232),#3446,.F.);
#3559=ADVANCED_FACE('',(#233),#64,.F.);
#3560=ADVANCED_FACE('',(#234),#65,.F.);
#3561=ADVANCED_FACE('',(#235),#66,.F.);
#3562=ADVANCED_FACE('',(#236),#3447,.F.);
#3563=ADVANCED_FACE('',(#237),#67,.F.);
#3564=ADVANCED_FACE('',(#238),#68,.F.);
#3565=ADVANCED_FACE('',(#239),#69,.F.);
#3566=ADVANCED_FACE('',(#240),#3448,.T.);
#3567=ADVANCED_FACE('',(#241),#3449,.F.);
#3568=ADVANCED_FACE('',(#242),#3450,.T.);
#3569=ADVANCED_FACE('',(#243),#146,.T.);
#3570=ADVANCED_FACE('',(#244),#70,.F.);
#3571=ADVANCED_FACE('',(#245),#71,.F.);
#3572=ADVANCED_FACE('',(#246),#3451,.F.);
#3573=ADVANCED_FACE('',(#247),#72,.F.);
#3574=ADVANCED_FACE('',(#248),#73,.F.);
#3575=ADVANCED_FACE('',(#249),#74,.F.);
#3576=ADVANCED_FACE('',(#250),#3452,.F.);
#3577=ADVANCED_FACE('',(#251),#75,.F.);
#3578=ADVANCED_FACE('',(#252),#3453,.T.);
#3579=ADVANCED_FACE('',(#253),#147,.T.);
#3580=ADVANCED_FACE('',(#254),#3454,.T.);
#3581=ADVANCED_FACE('',(#255),#3455,.F.);
#3582=ADVANCED_FACE('',(#256),#76,.F.);
#3583=ADVANCED_FACE('',(#257),#77,.F.);
#3584=ADVANCED_FACE('',(#258),#3456,.F.);
#3585=ADVANCED_FACE('',(#259),#78,.F.);
#3586=ADVANCED_FACE('',(#260),#79,.F.);
#3587=ADVANCED_FACE('',(#261),#80,.F.);
#3588=ADVANCED_FACE('',(#262),#3457,.F.);
#3589=ADVANCED_FACE('',(#263),#81,.F.);
#3590=ADVANCED_FACE('',(#264),#3458,.T.);
#3591=ADVANCED_FACE('',(#265),#148,.T.);
#3592=ADVANCED_FACE('',(#266),#3459,.T.);
#3593=ADVANCED_FACE('',(#267),#3460,.F.);
#3594=ADVANCED_FACE('',(#268),#82,.F.);
#3595=ADVANCED_FACE('',(#269),#83,.F.);
#3596=ADVANCED_FACE('',(#270),#3461,.F.);
#3597=ADVANCED_FACE('',(#271),#84,.F.);
#3598=ADVANCED_FACE('',(#272),#85,.F.);
#3599=ADVANCED_FACE('',(#273),#86,.F.);
#3600=ADVANCED_FACE('',(#274),#3462,.F.);
#3601=ADVANCED_FACE('',(#275),#87,.F.);
#3602=ADVANCED_FACE('',(#276),#3463,.T.);
#3603=ADVANCED_FACE('',(#277),#149,.T.);
#3604=ADVANCED_FACE('',(#278),#3464,.T.);
#3605=ADVANCED_FACE('',(#279),#3465,.F.);
#3606=ADVANCED_FACE('',(#280),#88,.T.);
#3607=ADVANCED_FACE('',(#281),#3466,.T.);
#3608=ADVANCED_FACE('',(#282),#89,.T.);
#3609=ADVANCED_FACE('',(#283),#90,.T.);
#3610=ADVANCED_FACE('',(#284),#91,.T.);
#3611=ADVANCED_FACE('',(#285),#3467,.T.);
#3612=ADVANCED_FACE('',(#286),#92,.T.);
#3613=ADVANCED_FACE('',(#287),#93,.T.);
#3614=ADVANCED_FACE('',(#288),#150,.T.);
#3615=ADVANCED_FACE('',(#289),#3468,.T.);
#3616=ADVANCED_FACE('',(#290),#151,.T.);
#3617=ADVANCED_FACE('',(#291),#94,.T.);
#3618=ADVANCED_FACE('',(#292),#3469,.T.);
#3619=ADVANCED_FACE('',(#293),#95,.T.);
#3620=ADVANCED_FACE('',(#294),#96,.T.);
#3621=ADVANCED_FACE('',(#295),#97,.T.);
#3622=ADVANCED_FACE('',(#296),#3470,.T.);
#3623=ADVANCED_FACE('',(#297),#98,.T.);
#3624=ADVANCED_FACE('',(#298),#99,.T.);
#3625=ADVANCED_FACE('',(#299),#3471,.T.);
#3626=ADVANCED_FACE('',(#300),#3472,.T.);
#3627=ADVANCED_FACE('',(#301),#152,.T.);
#3628=ADVANCED_FACE('',(#302),#100,.T.);
#3629=ADVANCED_FACE('',(#303),#101,.T.);
#3630=ADVANCED_FACE('',(#304),#3473,.T.);
#3631=ADVANCED_FACE('',(#305),#102,.T.);
#3632=ADVANCED_FACE('',(#306),#103,.T.);
#3633=ADVANCED_FACE('',(#307),#104,.T.);
#3634=ADVANCED_FACE('',(#308),#3474,.T.);
#3635=ADVANCED_FACE('',(#309),#105,.T.);
#3636=ADVANCED_FACE('',(#310),#3475,.T.);
#3637=ADVANCED_FACE('',(#311),#153,.T.);
#3638=ADVANCED_FACE('',(#312),#3476,.T.);
#3639=ADVANCED_FACE('',(#313),#154,.T.);
#3640=ADVANCED_FACE('',(#314),#106,.T.);
#3641=ADVANCED_FACE('',(#315),#3477,.T.);
#3642=ADVANCED_FACE('',(#316),#107,.T.);
#3643=ADVANCED_FACE('',(#317),#108,.T.);
#3644=ADVANCED_FACE('',(#318),#109,.T.);
#3645=ADVANCED_FACE('',(#319),#3478,.T.);
#3646=ADVANCED_FACE('',(#320),#110,.T.);
#3647=ADVANCED_FACE('',(#321),#111,.T.);
#3648=ADVANCED_FACE('',(#322),#155,.T.);
#3649=ADVANCED_FACE('',(#323),#112,.T.);
#3650=ADVANCED_FACE('',(#324),#113,.T.);
#3651=ADVANCED_FACE('',(#325),#114,.T.);
#3652=ADVANCED_FACE('',(#326),#3479,.T.);
#3653=ADVANCED_FACE('',(#327),#115,.T.);
#3654=ADVANCED_FACE('',(#328),#116,.T.);
#3655=ADVANCED_FACE('',(#329),#117,.T.);
#3656=ADVANCED_FACE('',(#330),#3480,.T.);
#3657=ADVANCED_FACE('',(#331),#156,.T.);
#3658=ADVANCED_FACE('',(#332),#118,.T.);
#3659=ADVANCED_FACE('',(#333),#119,.T.);
#3660=ADVANCED_FACE('',(#334),#120,.T.);
#3661=ADVANCED_FACE('',(#335),#3481,.T.);
#3662=ADVANCED_FACE('',(#336),#121,.T.);
#3663=ADVANCED_FACE('',(#337),#122,.T.);
#3664=ADVANCED_FACE('',(#338),#123,.T.);
#3665=ADVANCED_FACE('',(#339),#3482,.T.);
#3666=ADVANCED_FACE('',(#340),#157,.T.);
#3667=ADVANCED_FACE('',(#341),#3483,.T.);
#3668=ADVANCED_FACE('',(#342),#158,.T.);
#3669=ADVANCED_FACE('',(#343),#159,.T.);
#3670=ADVANCED_FACE('',(#344),#3484,.T.);
#3671=ADVANCED_FACE('',(#345),#3485,.T.);
#3672=ADVANCED_FACE('',(#346),#3486,.T.);
#3673=ADVANCED_FACE('',(#347),#3487,.T.);
#3674=ADVANCED_FACE('',(#348),#3488,.T.);
#3675=ADVANCED_FACE('',(#349),#3489,.T.);
#3676=ADVANCED_FACE('',(#350),#3490,.T.);
#3677=ADVANCED_FACE('',(#351),#160,.T.);
#3678=ADVANCED_FACE('',(#352),#3491,.F.);
#3679=ADVANCED_FACE('',(#353),#3492,.F.);
#3680=ADVANCED_FACE('',(#354),#3493,.F.);
#3681=ADVANCED_FACE('',(#355),#3494,.F.);
#3682=ADVANCED_FACE('',(#356),#3495,.T.);
#3683=ADVANCED_FACE('',(#357),#161,.T.);
#3684=ADVANCED_FACE('',(#358),#3496,.T.);
#3685=ADVANCED_FACE('',(#359),#3497,.T.);
#3686=ADVANCED_FACE('',(#360),#162,.F.);
#3687=ADVANCED_FACE('',(#361),#163,.F.);
#3688=ADVANCED_FACE('',(#362),#164,.F.);
#3689=ADVANCED_FACE('',(#363),#165,.F.);
#3690=ADVANCED_FACE('',(#364),#166,.F.);
#3691=ADVANCED_FACE('',(#365),#167,.F.);
#3692=ADVANCED_FACE('',(#366,#26),#168,.T.);
#3693=ADVANCED_FACE('',(#367),#169,.F.);
#3694=ADVANCED_FACE('',(#368),#170,.F.);
#3695=ADVANCED_FACE('',(#369),#171,.F.);
#3696=ADVANCED_FACE('',(#370),#172,.F.);
#3697=ADVANCED_FACE('',(#371),#173,.F.);
#3698=ADVANCED_FACE('',(#372),#174,.F.);
#3699=ADVANCED_FACE('',(#373,#27),#175,.T.);
#3700=ADVANCED_FACE('',(#374),#176,.F.);
#3701=ADVANCED_FACE('',(#375),#177,.F.);
#3702=ADVANCED_FACE('',(#376),#178,.F.);
#3703=ADVANCED_FACE('',(#377),#179,.F.);
#3704=ADVANCED_FACE('',(#378),#180,.F.);
#3705=ADVANCED_FACE('',(#379),#181,.F.);
#3706=ADVANCED_FACE('',(#380,#28),#182,.T.);
#3707=ADVANCED_FACE('',(#381),#183,.F.);
#3708=ADVANCED_FACE('',(#382),#184,.F.);
#3709=ADVANCED_FACE('',(#383),#185,.F.);
#3710=ADVANCED_FACE('',(#384),#186,.F.);
#3711=ADVANCED_FACE('',(#385),#187,.F.);
#3712=ADVANCED_FACE('',(#386),#188,.F.);
#3713=ADVANCED_FACE('',(#387,#29),#189,.T.);
#3714=ADVANCED_FACE('',(#388,#30,#31,#32,#33,#34),#190,.T.);
#3715=ADVANCED_FACE('',(#389),#3498,.F.);
#3716=ADVANCED_FACE('',(#390),#3499,.F.);
#3717=ADVANCED_FACE('',(#391),#3500,.F.);
#3718=ADVANCED_FACE('',(#392),#3501,.F.);
#3719=ADVANCED_FACE('',(#393),#3502,.F.);
#3720=ADVANCED_FACE('',(#394),#3503,.F.);
#3721=ADVANCED_FACE('',(#395),#3504,.F.);
#3722=ADVANCED_FACE('',(#396),#3505,.F.);
#3723=ADVANCED_FACE('',(#397),#3506,.T.);
#3724=ADVANCED_FACE('',(#398),#3507,.T.);
#3725=ADVANCED_FACE('',(#399),#3508,.F.);
#3726=ADVANCED_FACE('',(#400),#191,.F.);
#3727=ADVANCED_FACE('',(#401),#3509,.F.);
#3728=ADVANCED_FACE('',(#402),#3510,.F.);
#3729=ADVANCED_FACE('',(#403),#3511,.F.);
#3730=ADVANCED_FACE('',(#404),#3512,.F.);
#3731=ADVANCED_FACE('',(#405),#3513,.F.);
#3732=ADVANCED_FACE('',(#406),#3514,.T.);
#3733=ADVANCED_FACE('',(#407),#3515,.T.);
#3734=ADVANCED_FACE('',(#408),#192,.F.);
#3735=ADVANCED_FACE('',(#409),#193,.F.);
#3736=ADVANCED_FACE('',(#410,#35,#36,#37,#38,#39,#40,#41,#42,#43,#44,#45,
#46,#47),#194,.T.);
#3737=ADVANCED_FACE('',(#411),#3516,.T.);
#3738=ADVANCED_FACE('',(#412),#3517,.F.);
#3739=ADVANCED_FACE('',(#413),#195,.T.);
#3740=ADVANCED_FACE('',(#414,#48),#196,.T.);
#3741=ADVANCED_FACE('',(#415,#49),#197,.T.);
#3742=ADVANCED_FACE('',(#416,#50),#198,.T.);
#3743=ADVANCED_FACE('',(#417,#51),#199,.T.);
#3744=ADVANCED_FACE('',(#418),#3518,.F.);
#3745=ADVANCED_FACE('',(#419),#3519,.F.);
#3746=ADVANCED_FACE('',(#420),#200,.F.);
#3747=ADVANCED_FACE('',(#421),#201,.F.);
#3748=ADVANCED_FACE('',(#422),#3520,.F.);
#3749=ADVANCED_FACE('',(#423),#3521,.F.);
#3750=ADVANCED_FACE('',(#424),#3522,.T.);
#3751=ADVANCED_FACE('',(#425),#3523,.T.);
#3752=ADVANCED_FACE('',(#426),#3524,.T.);
#3753=ADVANCED_FACE('',(#427),#3525,.T.);
#3754=ADVANCED_FACE('',(#428),#202,.F.);
#3755=ADVANCED_FACE('',(#429),#203,.F.);
#3756=ADVANCED_FACE('',(#430),#3526,.F.);
#3757=ADVANCED_FACE('',(#431),#3527,.F.);
#3758=ADVANCED_FACE('',(#432),#3528,.F.);
#3759=ADVANCED_FACE('',(#433),#3529,.F.);
#3760=CLOSED_SHELL('',(#3530,#3531,#3532,#3533,#3534,#3535,#3536,#3537,
#3538,#3539,#3540,#3541,#3542,#3543,#3544,#3545,#3546,#3547,#3548,#3549,
#3550,#3551,#3552,#3553,#3554,#3555,#3556,#3557,#3558,#3559,#3560,#3561,
#3562,#3563,#3564,#3565,#3566,#3567,#3568,#3569,#3570,#3571,#3572,#3573,
#3574,#3575,#3576,#3577,#3578,#3579,#3580,#3581,#3582,#3583,#3584,#3585,
#3586,#3587,#3588,#3589,#3590,#3591,#3592,#3593,#3594,#3595,#3596,#3597,
#3598,#3599,#3600,#3601,#3602,#3603,#3604,#3605,#3606,#3607,#3608,#3609,
#3610,#3611,#3612,#3613,#3614,#3615,#3616,#3617,#3618,#3619,#3620,#3621,
#3622,#3623,#3624,#3625,#3626,#3627,#3628,#3629,#3630,#3631,#3632,#3633,
#3634,#3635,#3636,#3637,#3638,#3639,#3640,#3641,#3642,#3643,#3644,#3645,
#3646,#3647,#3648,#3649,#3650,#3651,#3652,#3653,#3654,#3655,#3656,#3657,
#3658,#3659,#3660,#3661,#3662,#3663,#3664,#3665,#3666,#3667,#3668,#3669,
#3670,#3671,#3672,#3673,#3674,#3675,#3676,#3677,#3678,#3679,#3680,#3681,
#3682,#3683,#3684,#3685,#3686,#3687,#3688,#3689,#3690,#3691,#3692,#3693,
#3694,#3695,#3696,#3697,#3698,#3699,#3700,#3701,#3702,#3703,#3704,#3705,
#3706,#3707,#3708,#3709,#3710,#3711,#3712,#3713,#3714,#3715,#3716,#3717,
#3718,#3719,#3720,#3721,#3722,#3723,#3724,#3725,#3726,#3727,#3728,#3729,
#3730,#3731,#3732,#3733,#3734,#3735,#3736,#3737,#3738,#3739,#3740,#3741,
#3742,#3743,#3744,#3745,#3746,#3747,#3748,#3749,#3750,#3751,#3752,#3753,
#3754,#3755,#3756,#3757,#3758,#3759));
#3761=DERIVED_UNIT_ELEMENT(#3763,1.);
#3762=DERIVED_UNIT_ELEMENT(#6790,-3.);
#3763=(
MASS_UNIT()
NAMED_UNIT(*)
SI_UNIT(.KILO.,.GRAM.)
);
#3764=DERIVED_UNIT((#3761,#3762));
#3765=MEASURE_REPRESENTATION_ITEM('density measure',
POSITIVE_RATIO_MEASURE(7850.),#3764);
#3766=PROPERTY_DEFINITION_REPRESENTATION(#3771,#3768);
#3767=PROPERTY_DEFINITION_REPRESENTATION(#3772,#3769);
#3768=REPRESENTATION('material name',(#3770),#6787);
#3769=REPRESENTATION('density',(#3765),#6787);
#3770=DESCRIPTIVE_REPRESENTATION_ITEM('Steel','Steel');
#3771=PROPERTY_DEFINITION('material property','material name',#6797);
#3772=PROPERTY_DEFINITION('material property','density of part',#6797);
#3773=AXIS2_PLACEMENT_3D('',#5623,#4312,#4313);
#3774=AXIS2_PLACEMENT_3D('',#5624,#4314,#4315);
#3775=AXIS2_PLACEMENT_3D('',#5627,#4316,#4317);
#3776=AXIS2_PLACEMENT_3D('',#5631,#4319,#4320);
#3777=AXIS2_PLACEMENT_3D('',#5633,#4322,#4323);
#3778=AXIS2_PLACEMENT_3D('',#5639,#4326,#4327);
#3779=AXIS2_PLACEMENT_3D('',#5643,#4329,#4330);
#3780=AXIS2_PLACEMENT_3D('',#5645,#4332,#4333);
#3781=AXIS2_PLACEMENT_3D('',#5647,#4334,#4335);
#3782=AXIS2_PLACEMENT_3D('',#5654,#4336,#4337);
#3783=AXIS2_PLACEMENT_3D('',#5657,#4338,#4339);
#3784=AXIS2_PLACEMENT_3D('',#5659,#4340,#4341);
#3785=AXIS2_PLACEMENT_3D('',#5661,#4342,#4343);
#3786=AXIS2_PLACEMENT_3D('',#5662,#4344,#4345);
#3787=AXIS2_PLACEMENT_3D('',#5663,#4346,#4347);
#3788=AXIS2_PLACEMENT_3D('',#5666,#4348,#4349);
#3789=AXIS2_PLACEMENT_3D('',#5667,#4350,#4351);
#3790=AXIS2_PLACEMENT_3D('',#5668,#4352,#4353);
#3791=AXIS2_PLACEMENT_3D('',#5669,#4354,#4355);
#3792=AXIS2_PLACEMENT_3D('',#5672,#4356,#4357);
#3793=AXIS2_PLACEMENT_3D('',#5675,#4360,#4361);
#3794=AXIS2_PLACEMENT_3D('',#5678,#4362,#4363);
#3795=AXIS2_PLACEMENT_3D('',#5679,#4364,#4365);
#3796=AXIS2_PLACEMENT_3D('',#5680,#4366,#4367);
#3797=AXIS2_PLACEMENT_3D('',#5681,#4368,#4369);
#3798=AXIS2_PLACEMENT_3D('',#5684,#4370,#4371);
#3799=AXIS2_PLACEMENT_3D('',#5685,#4372,#4373);
#3800=AXIS2_PLACEMENT_3D('',#5686,#4374,#4375);
#3801=AXIS2_PLACEMENT_3D('',#5687,#4376,#4377);
#3802=AXIS2_PLACEMENT_3D('',#5690,#4378,#4379);
#3803=AXIS2_PLACEMENT_3D('',#5691,#4380,#4381);
#3804=AXIS2_PLACEMENT_3D('',#5692,#4382,#4383);
#3805=AXIS2_PLACEMENT_3D('',#5693,#4384,#4385);
#3806=AXIS2_PLACEMENT_3D('',#5696,#4386,#4387);
#3807=AXIS2_PLACEMENT_3D('',#5699,#4390,#4391);
#3808=AXIS2_PLACEMENT_3D('',#5700,#4392,#4393);
#3809=AXIS2_PLACEMENT_3D('',#5701,#4394,#4395);
#3810=AXIS2_PLACEMENT_3D('',#5702,#4396,#4397);
#3811=AXIS2_PLACEMENT_3D('',#5706,#4399,#4400);
#3812=AXIS2_PLACEMENT_3D('',#5708,#4402,#4403);
#3813=AXIS2_PLACEMENT_3D('',#5712,#4406,#4407);
#3814=AXIS2_PLACEMENT_3D('',#5715,#4409,#4410);
#3815=AXIS2_PLACEMENT_3D('',#5716,#4411,#4412);
#3816=AXIS2_PLACEMENT_3D('',#5719,#4414,#4415);
#3817=AXIS2_PLACEMENT_3D('',#5720,#4416,#4417);
#3818=AXIS2_PLACEMENT_3D('',#5722,#4418,#4419);
#3819=AXIS2_PLACEMENT_3D('',#5725,#4420,#4421);
#3820=AXIS2_PLACEMENT_3D('',#5727,#4422,#4423);
#3821=AXIS2_PLACEMENT_3D('',#5731,#4425,#4426);
#3822=AXIS2_PLACEMENT_3D('',#5733,#4427,#4428);
#3823=AXIS2_PLACEMENT_3D('',#5735,#4429,#4430);
#3824=AXIS2_PLACEMENT_3D('',#5738,#4432,#4433);
#3825=AXIS2_PLACEMENT_3D('',#5741,#4434,#4435);
#3826=AXIS2_PLACEMENT_3D('',#5743,#4436,#4437);
#3827=AXIS2_PLACEMENT_3D('',#5747,#4439,#4440);
#3828=AXIS2_PLACEMENT_3D('',#5749,#4441,#4442);
#3829=AXIS2_PLACEMENT_3D('',#5751,#4443,#4444);
#3830=AXIS2_PLACEMENT_3D('',#5754,#4446,#4447);
#3831=AXIS2_PLACEMENT_3D('',#5757,#4448,#4449);
#3832=AXIS2_PLACEMENT_3D('',#5759,#4450,#4451);
#3833=AXIS2_PLACEMENT_3D('',#5763,#4453,#4454);
#3834=AXIS2_PLACEMENT_3D('',#5765,#4455,#4456);
#3835=AXIS2_PLACEMENT_3D('',#5767,#4457,#4458);
#3836=AXIS2_PLACEMENT_3D('',#5770,#4460,#4461);
#3837=AXIS2_PLACEMENT_3D('',#5772,#4462,#4463);
#3838=AXIS2_PLACEMENT_3D('',#5774,#4464,#4465);
#3839=AXIS2_PLACEMENT_3D('',#5776,#4466,#4467);
#3840=AXIS2_PLACEMENT_3D('',#5778,#4468,#4469);
#3841=AXIS2_PLACEMENT_3D('',#5780,#4470,#4471);
#3842=AXIS2_PLACEMENT_3D('',#5783,#4472,#4473);
#3843=AXIS2_PLACEMENT_3D('',#5785,#4474,#4475);
#3844=AXIS2_PLACEMENT_3D('',#5789,#4477,#4478);
#3845=AXIS2_PLACEMENT_3D('',#5791,#4479,#4480);
#3846=AXIS2_PLACEMENT_3D('',#5793,#4481,#4482);
#3847=AXIS2_PLACEMENT_3D('',#5796,#4484,#4485);
#3848=AXIS2_PLACEMENT_3D('',#5801,#4487,#4488);
#3849=AXIS2_PLACEMENT_3D('',#5803,#4489,#4490);
#3850=AXIS2_PLACEMENT_3D('',#5805,#4491,#4492);
#3851=AXIS2_PLACEMENT_3D('',#5809,#4494,#4495);
#3852=AXIS2_PLACEMENT_3D('',#5811,#4496,#4497);
#3853=AXIS2_PLACEMENT_3D('',#5812,#4498,#4499);
#3854=AXIS2_PLACEMENT_3D('',#5813,#4500,#4501);
#3855=AXIS2_PLACEMENT_3D('',#5815,#4502,#4503);
#3856=AXIS2_PLACEMENT_3D('',#5817,#4504,#4505);
#3857=AXIS2_PLACEMENT_3D('',#5818,#4506,#4507);
#3858=AXIS2_PLACEMENT_3D('',#5819,#4508,#4509);
#3859=AXIS2_PLACEMENT_3D('',#5821,#4510,#4511);
#3860=AXIS2_PLACEMENT_3D('',#5822,#4512,#4513);
#3861=AXIS2_PLACEMENT_3D('',#5823,#4514,#4515);
#3862=AXIS2_PLACEMENT_3D('',#5825,#4516,#4517);
#3863=AXIS2_PLACEMENT_3D('',#5827,#4519,#4520);
#3864=AXIS2_PLACEMENT_3D('',#5829,#4521,#4522);
#3865=AXIS2_PLACEMENT_3D('',#5830,#4523,#4524);
#3866=AXIS2_PLACEMENT_3D('',#5831,#4525,#4526);
#3867=AXIS2_PLACEMENT_3D('',#5833,#4527,#4528);
#3868=AXIS2_PLACEMENT_3D('',#5834,#4529,#4530);
#3869=AXIS2_PLACEMENT_3D('',#5835,#4531,#4532);
#3870=AXIS2_PLACEMENT_3D('',#5837,#4533,#4534);
#3871=AXIS2_PLACEMENT_3D('',#5838,#4535,#4536);
#3872=AXIS2_PLACEMENT_3D('',#5839,#4537,#4538);
#3873=AXIS2_PLACEMENT_3D('',#5841,#4539,#4540);
#3874=AXIS2_PLACEMENT_3D('',#5843,#4542,#4543);
#3875=AXIS2_PLACEMENT_3D('',#5844,#4544,#4545);
#3876=AXIS2_PLACEMENT_3D('',#5845,#4546,#4547);
#3877=AXIS2_PLACEMENT_3D('',#5849,#4549,#4550);
#3878=AXIS2_PLACEMENT_3D('',#5851,#4552,#4553);
#3879=AXIS2_PLACEMENT_3D('',#5855,#4556,#4557);
#3880=AXIS2_PLACEMENT_3D('',#5858,#4559,#4560);
#3881=AXIS2_PLACEMENT_3D('',#5859,#4561,#4562);
#3882=AXIS2_PLACEMENT_3D('',#5862,#4564,#4565);
#3883=AXIS2_PLACEMENT_3D('',#5863,#4566,#4567);
#3884=AXIS2_PLACEMENT_3D('',#5865,#4568,#4569);
#3885=AXIS2_PLACEMENT_3D('',#5868,#4571,#4572);
#3886=AXIS2_PLACEMENT_3D('',#5869,#4573,#4574);
#3887=AXIS2_PLACEMENT_3D('',#5871,#4575,#4576);
#3888=AXIS2_PLACEMENT_3D('',#5872,#4577,#4578);
#3889=AXIS2_PLACEMENT_3D('',#5873,#4579,#4580);
#3890=AXIS2_PLACEMENT_3D('',#5875,#4581,#4582);
#3891=AXIS2_PLACEMENT_3D('',#5876,#4583,#4584);
#3892=AXIS2_PLACEMENT_3D('',#5877,#4585,#4586);
#3893=AXIS2_PLACEMENT_3D('',#5879,#4587,#4588);
#3894=AXIS2_PLACEMENT_3D('',#5880,#4589,#4590);
#3895=AXIS2_PLACEMENT_3D('',#5881,#4591,#4592);
#3896=AXIS2_PLACEMENT_3D('',#5883,#4593,#4594);
#3897=AXIS2_PLACEMENT_3D('',#5885,#4596,#4597);
#3898=AXIS2_PLACEMENT_3D('',#5887,#4598,#4599);
#3899=AXIS2_PLACEMENT_3D('',#5888,#4600,#4601);
#3900=AXIS2_PLACEMENT_3D('',#5889,#4602,#4603);
#3901=AXIS2_PLACEMENT_3D('',#5891,#4604,#4605);
#3902=AXIS2_PLACEMENT_3D('',#5892,#4606,#4607);
#3903=AXIS2_PLACEMENT_3D('',#5893,#4608,#4609);
#3904=AXIS2_PLACEMENT_3D('',#5894,#4610,#4611);
#3905=AXIS2_PLACEMENT_3D('',#5895,#4612,#4613);
#3906=AXIS2_PLACEMENT_3D('',#5899,#4615,#4616);
#3907=AXIS2_PLACEMENT_3D('',#5901,#4618,#4619);
#3908=AXIS2_PLACEMENT_3D('',#5904,#4621,#4622);
#3909=AXIS2_PLACEMENT_3D('',#5905,#4623,#4624);
#3910=AXIS2_PLACEMENT_3D('',#5908,#4626,#4627);
#3911=AXIS2_PLACEMENT_3D('',#5909,#4628,#4629);
#3912=AXIS2_PLACEMENT_3D('',#5913,#4632,#4633);
#3913=AXIS2_PLACEMENT_3D('',#5915,#4634,#4635);
#3914=AXIS2_PLACEMENT_3D('',#5917,#4636,#4637);
#3915=AXIS2_PLACEMENT_3D('',#5918,#4638,#4639);
#3916=AXIS2_PLACEMENT_3D('',#5919,#4640,#4641);
#3917=AXIS2_PLACEMENT_3D('',#5921,#4642,#4643);
#3918=AXIS2_PLACEMENT_3D('',#5922,#4644,#4645);
#3919=AXIS2_PLACEMENT_3D('',#5923,#4646,#4647);
#3920=AXIS2_PLACEMENT_3D('',#5925,#4648,#4649);
#3921=AXIS2_PLACEMENT_3D('',#5927,#4651,#4652);
#3922=AXIS2_PLACEMENT_3D('',#5929,#4653,#4654);
#3923=AXIS2_PLACEMENT_3D('',#5930,#4655,#4656);
#3924=AXIS2_PLACEMENT_3D('',#5931,#4657,#4658);
#3925=AXIS2_PLACEMENT_3D('',#5933,#4659,#4660);
#3926=AXIS2_PLACEMENT_3D('',#5934,#4661,#4662);
#3927=AXIS2_PLACEMENT_3D('',#5935,#4663,#4664);
#3928=AXIS2_PLACEMENT_3D('',#5937,#4665,#4666);
#3929=AXIS2_PLACEMENT_3D('',#5938,#4667,#4668);
#3930=AXIS2_PLACEMENT_3D('',#5939,#4669,#4670);
#3931=AXIS2_PLACEMENT_3D('',#5941,#4671,#4672);
#3932=AXIS2_PLACEMENT_3D('',#5943,#4674,#4675);
#3933=AXIS2_PLACEMENT_3D('',#5944,#4676,#4677);
#3934=AXIS2_PLACEMENT_3D('',#5945,#4678,#4679);
#3935=AXIS2_PLACEMENT_3D('',#5949,#4681,#4682);
#3936=AXIS2_PLACEMENT_3D('',#5951,#4684,#4685);
#3937=AXIS2_PLACEMENT_3D('',#5955,#4688,#4689);
#3938=AXIS2_PLACEMENT_3D('',#5958,#4691,#4692);
#3939=AXIS2_PLACEMENT_3D('',#5959,#4693,#4694);
#3940=AXIS2_PLACEMENT_3D('',#5962,#4696,#4697);
#3941=AXIS2_PLACEMENT_3D('',#5963,#4698,#4699);
#3942=AXIS2_PLACEMENT_3D('',#5965,#4700,#4701);
#3943=AXIS2_PLACEMENT_3D('',#5967,#4702,#4703);
#3944=AXIS2_PLACEMENT_3D('',#5968,#4704,#4705);
#3945=AXIS2_PLACEMENT_3D('',#5969,#4706,#4707);
#3946=AXIS2_PLACEMENT_3D('',#5971,#4708,#4709);
#3947=AXIS2_PLACEMENT_3D('',#5972,#4710,#4711);
#3948=AXIS2_PLACEMENT_3D('',#5973,#4712,#4713);
#3949=AXIS2_PLACEMENT_3D('',#5975,#4714,#4715);
#3950=AXIS2_PLACEMENT_3D('',#5977,#4717,#4718);
#3951=AXIS2_PLACEMENT_3D('',#5979,#4719,#4720);
#3952=AXIS2_PLACEMENT_3D('',#5980,#4721,#4722);
#3953=AXIS2_PLACEMENT_3D('',#5981,#4723,#4724);
#3954=AXIS2_PLACEMENT_3D('',#5983,#4725,#4726);
#3955=AXIS2_PLACEMENT_3D('',#5984,#4727,#4728);
#3956=AXIS2_PLACEMENT_3D('',#5985,#4729,#4730);
#3957=AXIS2_PLACEMENT_3D('',#5987,#4731,#4732);
#3958=AXIS2_PLACEMENT_3D('',#5988,#4733,#4734);
#3959=AXIS2_PLACEMENT_3D('',#5989,#4735,#4736);
#3960=AXIS2_PLACEMENT_3D('',#5991,#4737,#4738);
#3961=AXIS2_PLACEMENT_3D('',#5993,#4740,#4741);
#3962=AXIS2_PLACEMENT_3D('',#5994,#4742,#4743);
#3963=AXIS2_PLACEMENT_3D('',#5995,#4744,#4745);
#3964=AXIS2_PLACEMENT_3D('',#5999,#4747,#4748);
#3965=AXIS2_PLACEMENT_3D('',#6001,#4750,#4751);
#3966=AXIS2_PLACEMENT_3D('',#6005,#4754,#4755);
#3967=AXIS2_PLACEMENT_3D('',#6008,#4757,#4758);
#3968=AXIS2_PLACEMENT_3D('',#6009,#4759,#4760);
#3969=AXIS2_PLACEMENT_3D('',#6012,#4762,#4763);
#3970=AXIS2_PLACEMENT_3D('',#6013,#4764,#4765);
#3971=AXIS2_PLACEMENT_3D('',#6015,#4766,#4767);
#3972=AXIS2_PLACEMENT_3D('',#6017,#4768,#4769);
#3973=AXIS2_PLACEMENT_3D('',#6018,#4770,#4771);
#3974=AXIS2_PLACEMENT_3D('',#6019,#4772,#4773);
#3975=AXIS2_PLACEMENT_3D('',#6021,#4774,#4775);
#3976=AXIS2_PLACEMENT_3D('',#6022,#4776,#4777);
#3977=AXIS2_PLACEMENT_3D('',#6023,#4778,#4779);
#3978=AXIS2_PLACEMENT_3D('',#6025,#4780,#4781);
#3979=AXIS2_PLACEMENT_3D('',#6027,#4783,#4784);
#3980=AXIS2_PLACEMENT_3D('',#6029,#4785,#4786);
#3981=AXIS2_PLACEMENT_3D('',#6030,#4787,#4788);
#3982=AXIS2_PLACEMENT_3D('',#6031,#4789,#4790);
#3983=AXIS2_PLACEMENT_3D('',#6033,#4791,#4792);
#3984=AXIS2_PLACEMENT_3D('',#6034,#4793,#4794);
#3985=AXIS2_PLACEMENT_3D('',#6035,#4795,#4796);
#3986=AXIS2_PLACEMENT_3D('',#6037,#4797,#4798);
#3987=AXIS2_PLACEMENT_3D('',#6038,#4799,#4800);
#3988=AXIS2_PLACEMENT_3D('',#6039,#4801,#4802);
#3989=AXIS2_PLACEMENT_3D('',#6041,#4803,#4804);
#3990=AXIS2_PLACEMENT_3D('',#6043,#4806,#4807);
#3991=AXIS2_PLACEMENT_3D('',#6044,#4808,#4809);
#3992=AXIS2_PLACEMENT_3D('',#6045,#4810,#4811);
#3993=AXIS2_PLACEMENT_3D('',#6049,#4813,#4814);
#3994=AXIS2_PLACEMENT_3D('',#6051,#4816,#4817);
#3995=AXIS2_PLACEMENT_3D('',#6055,#4820,#4821);
#3996=AXIS2_PLACEMENT_3D('',#6058,#4823,#4824);
#3997=AXIS2_PLACEMENT_3D('',#6059,#4825,#4826);
#3998=AXIS2_PLACEMENT_3D('',#6062,#4828,#4829);
#3999=AXIS2_PLACEMENT_3D('',#6063,#4830,#4831);
#4000=AXIS2_PLACEMENT_3D('',#6065,#4832,#4833);
#4001=AXIS2_PLACEMENT_3D('',#6067,#4834,#4835);
#4002=AXIS2_PLACEMENT_3D('',#6068,#4836,#4837);
#4003=AXIS2_PLACEMENT_3D('',#6069,#4838,#4839);
#4004=AXIS2_PLACEMENT_3D('',#6071,#4840,#4841);
#4005=AXIS2_PLACEMENT_3D('',#6073,#4843,#4844);
#4006=AXIS2_PLACEMENT_3D('',#6075,#4845,#4846);
#4007=AXIS2_PLACEMENT_3D('',#6076,#4847,#4848);
#4008=AXIS2_PLACEMENT_3D('',#6077,#4849,#4850);
#4009=AXIS2_PLACEMENT_3D('',#6080,#4851,#4852);
#4010=AXIS2_PLACEMENT_3D('',#6081,#4853,#4854);
#4011=AXIS2_PLACEMENT_3D('',#6082,#4855,#4856);
#4012=AXIS2_PLACEMENT_3D('',#6083,#4857,#4858);
#4013=AXIS2_PLACEMENT_3D('',#6086,#4859,#4860);
#4014=AXIS2_PLACEMENT_3D('',#6087,#4861,#4862);
#4015=AXIS2_PLACEMENT_3D('',#6088,#4863,#4864);
#4016=AXIS2_PLACEMENT_3D('',#6089,#4865,#4866);
#4017=AXIS2_PLACEMENT_3D('',#6092,#4867,#4868);
#4018=AXIS2_PLACEMENT_3D('',#6095,#4871,#4872);
#4019=AXIS2_PLACEMENT_3D('',#6097,#4873,#4874);
#4020=AXIS2_PLACEMENT_3D('',#6098,#4875,#4876);
#4021=AXIS2_PLACEMENT_3D('',#6099,#4877,#4878);
#4022=AXIS2_PLACEMENT_3D('',#6100,#4879,#4880);
#4023=AXIS2_PLACEMENT_3D('',#6101,#4881,#4882);
#4024=AXIS2_PLACEMENT_3D('',#6102,#4883,#4884);
#4025=AXIS2_PLACEMENT_3D('',#6105,#4887,#4888);
#4026=AXIS2_PLACEMENT_3D('',#6106,#4889,#4890);
#4027=AXIS2_PLACEMENT_3D('',#6107,#4891,#4892);
#4028=AXIS2_PLACEMENT_3D('',#6110,#4893,#4894);
#4029=AXIS2_PLACEMENT_3D('',#6112,#4895,#4896);
#4030=AXIS2_PLACEMENT_3D('',#6114,#4897,#4898);
#4031=AXIS2_PLACEMENT_3D('',#6115,#4899,#4900);
#4032=AXIS2_PLACEMENT_3D('',#6116,#4901,#4902);
#4033=AXIS2_PLACEMENT_3D('',#6119,#4903,#4904);
#4034=AXIS2_PLACEMENT_3D('',#6122,#4907,#4908);
#4035=AXIS2_PLACEMENT_3D('',#6124,#4909,#4910);
#4036=AXIS2_PLACEMENT_3D('',#6125,#4911,#4912);
#4037=AXIS2_PLACEMENT_3D('',#6126,#4913,#4914);
#4038=AXIS2_PLACEMENT_3D('',#6127,#4915,#4916);
#4039=AXIS2_PLACEMENT_3D('',#6129,#4917,#4918);
#4040=AXIS2_PLACEMENT_3D('',#6130,#4919,#4920);
#4041=AXIS2_PLACEMENT_3D('',#6131,#4921,#4922);
#4042=AXIS2_PLACEMENT_3D('',#6133,#4923,#4924);
#4043=AXIS2_PLACEMENT_3D('',#6134,#4925,#4926);
#4044=AXIS2_PLACEMENT_3D('',#6135,#4927,#4928);
#4045=AXIS2_PLACEMENT_3D('',#6137,#4929,#4930);
#4046=AXIS2_PLACEMENT_3D('',#6139,#4932,#4933);
#4047=AXIS2_PLACEMENT_3D('',#6141,#4934,#4935);
#4048=AXIS2_PLACEMENT_3D('',#6142,#4936,#4937);
#4049=AXIS2_PLACEMENT_3D('',#6143,#4938,#4939);
#4050=AXIS2_PLACEMENT_3D('',#6144,#4940,#4941);
#4051=AXIS2_PLACEMENT_3D('',#6145,#4942,#4943);
#4052=AXIS2_PLACEMENT_3D('',#6146,#4944,#4945);
#4053=AXIS2_PLACEMENT_3D('',#6148,#4947,#4948);
#4054=AXIS2_PLACEMENT_3D('',#6150,#4950,#4951);
#4055=AXIS2_PLACEMENT_3D('',#6151,#4952,#4953);
#4056=AXIS2_PLACEMENT_3D('',#6153,#4954,#4955);
#4057=AXIS2_PLACEMENT_3D('',#6155,#4956,#4957);
#4058=AXIS2_PLACEMENT_3D('',#6156,#4958,#4959);
#4059=AXIS2_PLACEMENT_3D('',#6157,#4960,#4961);
#4060=AXIS2_PLACEMENT_3D('',#6160,#4962,#4963);
#4061=AXIS2_PLACEMENT_3D('',#6161,#4964,#4965);
#4062=AXIS2_PLACEMENT_3D('',#6162,#4966,#4967);
#4063=AXIS2_PLACEMENT_3D('',#6163,#4968,#4969);
#4064=AXIS2_PLACEMENT_3D('',#6166,#4970,#4971);
#4065=AXIS2_PLACEMENT_3D('',#6169,#4974,#4975);
#4066=AXIS2_PLACEMENT_3D('',#6172,#4976,#4977);
#4067=AXIS2_PLACEMENT_3D('',#6173,#4978,#4979);
#4068=AXIS2_PLACEMENT_3D('',#6174,#4980,#4981);
#4069=AXIS2_PLACEMENT_3D('',#6175,#4982,#4983);
#4070=AXIS2_PLACEMENT_3D('',#6177,#4984,#4985);
#4071=AXIS2_PLACEMENT_3D('',#6178,#4986,#4987);
#4072=AXIS2_PLACEMENT_3D('',#6179,#4988,#4989);
#4073=AXIS2_PLACEMENT_3D('',#6180,#4990,#4991);
#4074=AXIS2_PLACEMENT_3D('',#6182,#4992,#4993);
#4075=AXIS2_PLACEMENT_3D('',#6183,#4994,#4995);
#4076=AXIS2_PLACEMENT_3D('',#6184,#4996,#4997);
#4077=AXIS2_PLACEMENT_3D('',#6186,#4998,#4999);
#4078=AXIS2_PLACEMENT_3D('',#6188,#5001,#5002);
#4079=AXIS2_PLACEMENT_3D('',#6189,#5003,#5004);
#4080=AXIS2_PLACEMENT_3D('',#6190,#5005,#5006);
#4081=AXIS2_PLACEMENT_3D('',#6193,#5009,#5010);
#4082=AXIS2_PLACEMENT_3D('',#6195,#5012,#5013);
#4083=AXIS2_PLACEMENT_3D('',#6196,#5014,#5015);
#4084=AXIS2_PLACEMENT_3D('',#6197,#5016,#5017);
#4085=AXIS2_PLACEMENT_3D('',#6199,#5018,#5019);
#4086=AXIS2_PLACEMENT_3D('',#6201,#5020,#5021);
#4087=AXIS2_PLACEMENT_3D('',#6202,#5022,#5023);
#4088=AXIS2_PLACEMENT_3D('',#6203,#5024,#5025);
#4089=AXIS2_PLACEMENT_3D('',#6206,#5026,#5027);
#4090=AXIS2_PLACEMENT_3D('',#6209,#5030,#5031);
#4091=AXIS2_PLACEMENT_3D('',#6212,#5032,#5033);
#4092=AXIS2_PLACEMENT_3D('',#6213,#5034,#5035);
#4093=AXIS2_PLACEMENT_3D('',#6214,#5036,#5037);
#4094=AXIS2_PLACEMENT_3D('',#6215,#5038,#5039);
#4095=AXIS2_PLACEMENT_3D('',#6218,#5040,#5041);
#4096=AXIS2_PLACEMENT_3D('',#6219,#5042,#5043);
#4097=AXIS2_PLACEMENT_3D('',#6220,#5044,#5045);
#4098=AXIS2_PLACEMENT_3D('',#6221,#5046,#5047);
#4099=AXIS2_PLACEMENT_3D('',#6223,#5048,#5049);
#4100=AXIS2_PLACEMENT_3D('',#6224,#5050,#5051);
#4101=AXIS2_PLACEMENT_3D('',#6225,#5052,#5053);
#4102=AXIS2_PLACEMENT_3D('',#6226,#5054,#5055);
#4103=AXIS2_PLACEMENT_3D('',#6228,#5056,#5057);
#4104=AXIS2_PLACEMENT_3D('',#6230,#5059,#5060);
#4105=AXIS2_PLACEMENT_3D('',#6232,#5061,#5062);
#4106=AXIS2_PLACEMENT_3D('',#6233,#5063,#5064);
#4107=AXIS2_PLACEMENT_3D('',#6234,#5065,#5066);
#4108=AXIS2_PLACEMENT_3D('',#6235,#5067,#5068);
#4109=AXIS2_PLACEMENT_3D('',#6236,#5069,#5070);
#4110=AXIS2_PLACEMENT_3D('',#6237,#5071,#5072);
#4111=AXIS2_PLACEMENT_3D('',#6239,#5073,#5074);
#4112=AXIS2_PLACEMENT_3D('',#6241,#5075,#5076);
#4113=AXIS2_PLACEMENT_3D('',#6242,#5077,#5078);
#4114=AXIS2_PLACEMENT_3D('',#6243,#5079,#5080);
#4115=AXIS2_PLACEMENT_3D('',#6246,#5081,#5082);
#4116=AXIS2_PLACEMENT_3D('',#6247,#5083,#5084);
#4117=AXIS2_PLACEMENT_3D('',#6248,#5085,#5086);
#4118=AXIS2_PLACEMENT_3D('',#6249,#5087,#5088);
#4119=AXIS2_PLACEMENT_3D('',#6252,#5089,#5090);
#4120=AXIS2_PLACEMENT_3D('',#6253,#5091,#5092);
#4121=AXIS2_PLACEMENT_3D('',#6254,#5093,#5094);
#4122=AXIS2_PLACEMENT_3D('',#6255,#5095,#5096);
#4123=AXIS2_PLACEMENT_3D('',#6258,#5097,#5098);
#4124=AXIS2_PLACEMENT_3D('',#6261,#5101,#5102);
#4125=AXIS2_PLACEMENT_3D('',#6263,#5103,#5104);
#4126=AXIS2_PLACEMENT_3D('',#6264,#5105,#5106);
#4127=AXIS2_PLACEMENT_3D('',#6265,#5107,#5108);
#4128=AXIS2_PLACEMENT_3D('',#6266,#5109,#5110);
#4129=AXIS2_PLACEMENT_3D('',#6268,#5111,#5112);
#4130=AXIS2_PLACEMENT_3D('',#6269,#5113,#5114);
#4131=AXIS2_PLACEMENT_3D('',#6270,#5115,#5116);
#4132=AXIS2_PLACEMENT_3D('',#6272,#5117,#5118);
#4133=AXIS2_PLACEMENT_3D('',#6273,#5119,#5120);
#4134=AXIS2_PLACEMENT_3D('',#6274,#5121,#5122);
#4135=AXIS2_PLACEMENT_3D('',#6276,#5124,#5125);
#4136=AXIS2_PLACEMENT_3D('',#6277,#5126,#5127);
#4137=AXIS2_PLACEMENT_3D('',#6279,#5128,#5129);
#4138=AXIS2_PLACEMENT_3D('',#6281,#5130,#5131);
#4139=AXIS2_PLACEMENT_3D('',#6282,#5132,#5133);
#4140=AXIS2_PLACEMENT_3D('',#6283,#5134,#5135);
#4141=AXIS2_PLACEMENT_3D('',#6286,#5136,#5137);
#4142=AXIS2_PLACEMENT_3D('',#6287,#5138,#5139);
#4143=AXIS2_PLACEMENT_3D('',#6288,#5140,#5141);
#4144=AXIS2_PLACEMENT_3D('',#6289,#5142,#5143);
#4145=AXIS2_PLACEMENT_3D('',#6292,#5144,#5145);
#4146=AXIS2_PLACEMENT_3D('',#6293,#5146,#5147);
#4147=AXIS2_PLACEMENT_3D('',#6294,#5148,#5149);
#4148=AXIS2_PLACEMENT_3D('',#6295,#5150,#5151);
#4149=AXIS2_PLACEMENT_3D('',#6298,#5152,#5153);
#4150=AXIS2_PLACEMENT_3D('',#6301,#5156,#5157);
#4151=AXIS2_PLACEMENT_3D('',#6303,#5158,#5159);
#4152=AXIS2_PLACEMENT_3D('',#6304,#5160,#5161);
#4153=AXIS2_PLACEMENT_3D('',#6305,#5162,#5163);
#4154=AXIS2_PLACEMENT_3D('',#6306,#5164,#5165);
#4155=AXIS2_PLACEMENT_3D('',#6308,#5166,#5167);
#4156=AXIS2_PLACEMENT_3D('',#6309,#5168,#5169);
#4157=AXIS2_PLACEMENT_3D('',#6310,#5170,#5171);
#4158=AXIS2_PLACEMENT_3D('',#6312,#5172,#5173);
#4159=AXIS2_PLACEMENT_3D('',#6313,#5174,#5175);
#4160=AXIS2_PLACEMENT_3D('',#6314,#5176,#5177);
#4161=AXIS2_PLACEMENT_3D('',#6316,#5179,#5180);
#4162=AXIS2_PLACEMENT_3D('',#6317,#5181,#5182);
#4163=AXIS2_PLACEMENT_3D('',#6319,#5184,#5185);
#4164=AXIS2_PLACEMENT_3D('',#6320,#5186,#5187);
#4165=AXIS2_PLACEMENT_3D('',#6322,#5189,#5190);
#4166=AXIS2_PLACEMENT_3D('',#6324,#5192,#5193);
#4167=AXIS2_PLACEMENT_3D('',#6326,#5195,#5196);
#4168=AXIS2_PLACEMENT_3D('',#6328,#5198,#5199);
#4169=AXIS2_PLACEMENT_3D('',#6329,#5200,#5201);
#4170=AXIS2_PLACEMENT_3D('',#6331,#5203,#5204);
#4171=AXIS2_PLACEMENT_3D('',#6332,#5205,#5206);
#4172=AXIS2_PLACEMENT_3D('',#6335,#5209,#5210);
#4173=AXIS2_PLACEMENT_3D('',#6336,#5211,#5212);
#4174=AXIS2_PLACEMENT_3D('',#6339,#5214,#5215);
#4175=AXIS2_PLACEMENT_3D('',#6340,#5216,#5217);
#4176=AXIS2_PLACEMENT_3D('',#6343,#5219,#5220);
#4177=AXIS2_PLACEMENT_3D('',#6344,#5221,#5222);
#4178=AXIS2_PLACEMENT_3D('',#6347,#5224,#5225);
#4179=AXIS2_PLACEMENT_3D('',#6348,#5226,#5227);
#4180=AXIS2_PLACEMENT_3D('',#6351,#5229,#5230);
#4181=AXIS2_PLACEMENT_3D('',#6352,#5231,#5232);
#4182=AXIS2_PLACEMENT_3D('',#6354,#5234,#5235);
#4183=AXIS2_PLACEMENT_3D('',#6356,#5237,#5238);
#4184=AXIS2_PLACEMENT_3D('',#6358,#5240,#5241);
#4185=AXIS2_PLACEMENT_3D('',#6359,#5242,#5243);
#4186=AXIS2_PLACEMENT_3D('',#6368,#5248,#5249);
#4187=AXIS2_PLACEMENT_3D('',#6374,#5253,#5254);
#4188=AXIS2_PLACEMENT_3D('',#6383,#5259,#5260);
#4189=AXIS2_PLACEMENT_3D('',#6389,#5264,#5265);
#4190=AXIS2_PLACEMENT_3D('',#6395,#5269,#5270);
#4191=AXIS2_PLACEMENT_3D('',#6398,#5273,#5274);
#4192=AXIS2_PLACEMENT_3D('',#6400,#5275,#5276);
#4193=AXIS2_PLACEMENT_3D('',#6401,#5277,#5278);
#4194=AXIS2_PLACEMENT_3D('',#6403,#5279,#5280);
#4195=AXIS2_PLACEMENT_3D('',#6404,#5281,#5282);
#4196=AXIS2_PLACEMENT_3D('',#6413,#5287,#5288);
#4197=AXIS2_PLACEMENT_3D('',#6419,#5292,#5293);
#4198=AXIS2_PLACEMENT_3D('',#6428,#5298,#5299);
#4199=AXIS2_PLACEMENT_3D('',#6434,#5303,#5304);
#4200=AXIS2_PLACEMENT_3D('',#6440,#5308,#5309);
#4201=AXIS2_PLACEMENT_3D('',#6443,#5312,#5313);
#4202=AXIS2_PLACEMENT_3D('',#6444,#5314,#5315);
#4203=AXIS2_PLACEMENT_3D('',#6446,#5316,#5317);
#4204=AXIS2_PLACEMENT_3D('',#6447,#5318,#5319);
#4205=AXIS2_PLACEMENT_3D('',#6456,#5324,#5325);
#4206=AXIS2_PLACEMENT_3D('',#6462,#5329,#5330);
#4207=AXIS2_PLACEMENT_3D('',#6468,#5334,#5335);
#4208=AXIS2_PLACEMENT_3D('',#6474,#5339,#5340);
#4209=AXIS2_PLACEMENT_3D('',#6480,#5344,#5345);
#4210=AXIS2_PLACEMENT_3D('',#6486,#5349,#5350);
#4211=AXIS2_PLACEMENT_3D('',#6487,#5351,#5352);
#4212=AXIS2_PLACEMENT_3D('',#6489,#5353,#5354);
#4213=AXIS2_PLACEMENT_3D('',#6490,#5355,#5356);
#4214=AXIS2_PLACEMENT_3D('',#6499,#5361,#5362);
#4215=AXIS2_PLACEMENT_3D('',#6505,#5366,#5367);
#4216=AXIS2_PLACEMENT_3D('',#6514,#5372,#5373);
#4217=AXIS2_PLACEMENT_3D('',#6520,#5377,#5378);
#4218=AXIS2_PLACEMENT_3D('',#6526,#5382,#5383);
#4219=AXIS2_PLACEMENT_3D('',#6529,#5386,#5387);
#4220=AXIS2_PLACEMENT_3D('',#6530,#5388,#5389);
#4221=AXIS2_PLACEMENT_3D('',#6532,#5390,#5391);
#4222=AXIS2_PLACEMENT_3D('',#6533,#5392,#5393);
#4223=AXIS2_PLACEMENT_3D('',#6534,#5394,#5395);
#4224=AXIS2_PLACEMENT_3D('',#6535,#5396,#5397);
#4225=AXIS2_PLACEMENT_3D('',#6536,#5398,#5399);
#4226=AXIS2_PLACEMENT_3D('',#6537,#5400,#5401);
#4227=AXIS2_PLACEMENT_3D('',#6539,#5402,#5403);
#4228=AXIS2_PLACEMENT_3D('',#6541,#5404,#5405);
#4229=AXIS2_PLACEMENT_3D('',#6543,#5406,#5407);
#4230=AXIS2_PLACEMENT_3D('',#6545,#5408,#5409);
#4231=AXIS2_PLACEMENT_3D('',#6547,#5410,#5411);
#4232=AXIS2_PLACEMENT_3D('',#6548,#5412,#5413);
#4233=AXIS2_PLACEMENT_3D('',#6550,#5414,#5415);
#4234=AXIS2_PLACEMENT_3D('',#6552,#5417,#5418);
#4235=AXIS2_PLACEMENT_3D('',#6554,#5419,#5420);
#4236=AXIS2_PLACEMENT_3D('',#6556,#5422,#5423);
#4237=AXIS2_PLACEMENT_3D('',#6558,#5424,#5425);
#4238=AXIS2_PLACEMENT_3D('',#6560,#5427,#5428);
#4239=AXIS2_PLACEMENT_3D('',#6562,#5429,#5430);
#4240=AXIS2_PLACEMENT_3D('',#6564,#5432,#5433);
#4241=AXIS2_PLACEMENT_3D('',#6566,#5434,#5435);
#4242=AXIS2_PLACEMENT_3D('',#6568,#5437,#5438);
#4243=AXIS2_PLACEMENT_3D('',#6570,#5439,#5440);
#4244=AXIS2_PLACEMENT_3D('',#6572,#5442,#5443);
#4245=AXIS2_PLACEMENT_3D('',#6574,#5444,#5445);
#4246=AXIS2_PLACEMENT_3D('',#6576,#5447,#5448);
#4247=AXIS2_PLACEMENT_3D('',#6578,#5449,#5450);
#4248=AXIS2_PLACEMENT_3D('',#6580,#5452,#5453);
#4249=AXIS2_PLACEMENT_3D('',#6581,#5454,#5455);
#4250=AXIS2_PLACEMENT_3D('',#6582,#5456,#5457);
#4251=AXIS2_PLACEMENT_3D('',#6585,#5458,#5459);
#4252=AXIS2_PLACEMENT_3D('',#6594,#5461,#5462);
#4253=AXIS2_PLACEMENT_3D('',#6602,#5466,#5467);
#4254=AXIS2_PLACEMENT_3D('',#6605,#5469,#5470);
#4255=AXIS2_PLACEMENT_3D('',#6606,#5471,#5472);
#4256=AXIS2_PLACEMENT_3D('',#6608,#5473,#5474);
#4257=AXIS2_PLACEMENT_3D('',#6611,#5476,#5477);
#4258=AXIS2_PLACEMENT_3D('',#6612,#5478,#5479);
#4259=AXIS2_PLACEMENT_3D('',#6613,#5480,#5481);
#4260=AXIS2_PLACEMENT_3D('',#6614,#5482,#5483);
#4261=AXIS2_PLACEMENT_3D('',#6615,#5484,#5485);
#4262=AXIS2_PLACEMENT_3D('',#6617,#5487,#5488);
#4263=AXIS2_PLACEMENT_3D('',#6648,#5490,#5491);
#4264=AXIS2_PLACEMENT_3D('',#6678,#5493,#5494);
#4265=AXIS2_PLACEMENT_3D('',#6680,#5496,#5497);
#4266=AXIS2_PLACEMENT_3D('',#6681,#5498,#5499);
#4267=AXIS2_PLACEMENT_3D('',#6685,#5501,#5502);
#4268=AXIS2_PLACEMENT_3D('',#6687,#5504,#5505);
#4269=AXIS2_PLACEMENT_3D('',#6691,#5507,#5508);
#4270=AXIS2_PLACEMENT_3D('',#6693,#5510,#5511);
#4271=AXIS2_PLACEMENT_3D('',#6697,#5513,#5514);
#4272=AXIS2_PLACEMENT_3D('',#6699,#5516,#5517);
#4273=AXIS2_PLACEMENT_3D('',#6701,#5519,#5520);
#4274=AXIS2_PLACEMENT_3D('',#6705,#5523,#5524);
#4275=AXIS2_PLACEMENT_3D('',#6707,#5525,#5526);
#4276=AXIS2_PLACEMENT_3D('',#6715,#5531,#5532);
#4277=AXIS2_PLACEMENT_3D('',#6717,#5533,#5534);
#4278=AXIS2_PLACEMENT_3D('',#6719,#5535,#5536);
#4279=AXIS2_PLACEMENT_3D('',#6721,#5537,#5538);
#4280=AXIS2_PLACEMENT_3D('',#6722,#5539,#5540);
#4281=AXIS2_PLACEMENT_3D('',#6724,#5542,#5543);
#4282=AXIS2_PLACEMENT_3D('',#6726,#5544,#5545);
#4283=AXIS2_PLACEMENT_3D('',#6728,#5547,#5548);
#4284=AXIS2_PLACEMENT_3D('',#6735,#5553,#5554);
#4285=AXIS2_PLACEMENT_3D('',#6737,#5555,#5556);
#4286=AXIS2_PLACEMENT_3D('',#6738,#5557,#5558);
#4287=AXIS2_PLACEMENT_3D('',#6740,#5559,#5560);
#4288=AXIS2_PLACEMENT_3D('',#6741,#5561,#5562);
#4289=AXIS2_PLACEMENT_3D('',#6743,#5563,#5564);
#4290=AXIS2_PLACEMENT_3D('',#6744,#5565,#5566);
#4291=AXIS2_PLACEMENT_3D('',#6746,#5567,#5568);
#4292=AXIS2_PLACEMENT_3D('',#6747,#5569,#5570);
#4293=AXIS2_PLACEMENT_3D('',#6750,#5572,#5573);
#4294=AXIS2_PLACEMENT_3D('',#6751,#5574,#5575);
#4295=AXIS2_PLACEMENT_3D('',#6753,#5577,#5578);
#4296=AXIS2_PLACEMENT_3D('',#6757,#5581,#5582);
#4297=AXIS2_PLACEMENT_3D('',#6759,#5584,#5585);
#4298=AXIS2_PLACEMENT_3D('',#6762,#5587,#5588);
#4299=AXIS2_PLACEMENT_3D('',#6763,#5589,#5590);
#4300=AXIS2_PLACEMENT_3D('',#6765,#5592,#5593);
#4301=AXIS2_PLACEMENT_3D('',#6766,#5594,#5595);
#4302=AXIS2_PLACEMENT_3D('',#6767,#5596,#5597);
#4303=AXIS2_PLACEMENT_3D('',#6768,#5598,#5599);
#4304=AXIS2_PLACEMENT_3D('',#6771,#5601,#5602);
#4305=AXIS2_PLACEMENT_3D('',#6772,#5603,#5604);
#4306=AXIS2_PLACEMENT_3D('',#6774,#5606,#5607);
#4307=AXIS2_PLACEMENT_3D('',#6776,#5609,#5610);
#4308=AXIS2_PLACEMENT_3D('',#6777,#5611,#5612);
#4309=AXIS2_PLACEMENT_3D('',#6779,#5614,#5615);
#4310=AXIS2_PLACEMENT_3D('',#6781,#5617,#5618);
#4311=AXIS2_PLACEMENT_3D('',#6783,#5620,#5621);
#4312=DIRECTION('axis',(0.,0.,1.));
#4313=DIRECTION('refdir',(1.,0.,0.));
#4314=DIRECTION('center_axis',(0.,0.,-1.));
#4315=DIRECTION('ref_axis',(0.990146116107369,0.140038097521682,0.));
#4316=DIRECTION('center_axis',(0.,0.,-1.));
#4317=DIRECTION('ref_axis',(0.990146116107369,0.140038097521682,0.));
#4318=DIRECTION('',(0.,0.,1.));
#4319=DIRECTION('center_axis',(0.,0.,1.));
#4320=DIRECTION('ref_axis',(0.990146116107369,0.140038097521682,0.));
#4321=DIRECTION('',(0.,0.,-1.));
#4322=DIRECTION('center_axis',(0.707106781186547,-0.707106781186548,0.));
#4323=DIRECTION('ref_axis',(0.707106781186548,0.707106781186547,0.));
#4324=DIRECTION('',(-0.707106781186548,-0.707106781186547,0.));
#4325=DIRECTION('',(0.,0.,-1.));
#4326=DIRECTION('center_axis',(-0.707106781186547,0.707106781186548,0.));
#4327=DIRECTION('ref_axis',(0.707106781186548,0.707106781186547,-1.47196168001604E-16));
#4328=DIRECTION('',(0.,0.,1.));
#4329=DIRECTION('center_axis',(0.707106781186547,-0.707106781186548,0.));
#4330=DIRECTION('ref_axis',(-0.707106781186548,-0.707106781186547,0.));
#4331=DIRECTION('',(-0.707106781186548,-0.707106781186547,0.));
#4332=DIRECTION('center_axis',(0.,0.,-1.));
#4333=DIRECTION('ref_axis',(0.243487625099948,-0.969904003715413,0.));
#4334=DIRECTION('center_axis',(0.,0.,-1.));
#4335=DIRECTION('ref_axis',(0.243487625099948,-0.969904003715413,0.));
#4336=DIRECTION('center_axis',(0.,0.,-1.));
#4337=DIRECTION('ref_axis',(-1.,0.,0.));
#4338=DIRECTION('center_axis',(0.941955946294972,0.335736496734484,0.));
#4339=DIRECTION('ref_axis',(0.,0.,1.));
#4340=DIRECTION('center_axis',(0.,0.,-1.));
#4341=DIRECTION('ref_axis',(0.309016994374949,-0.951056516295153,0.));
#4342=DIRECTION('center_axis',(-0.959399329942037,-0.282051282051281,0.));
#4343=DIRECTION('ref_axis',(0.282051282051281,-0.959399329942037,0.));
#4344=DIRECTION('center_axis',(0.,0.,1.));
#4345=DIRECTION('ref_axis',(0.309016994374949,-0.951056516295153,0.));
#4346=DIRECTION('center_axis',(0.,0.,-1.));
#4347=DIRECTION('ref_axis',(-1.,0.,0.));
#4348=DIRECTION('center_axis',(0.,-1.,0.));
#4349=DIRECTION('ref_axis',(1.,0.,0.));
#4350=DIRECTION('center_axis',(0.,0.,-1.));
#4351=DIRECTION('ref_axis',(-0.800640769025435,0.599144689515278,0.));
#4352=DIRECTION('center_axis',(0.,0.,1.));
#4353=DIRECTION('ref_axis',(-0.800640769025435,0.599144689515278,0.));
#4354=DIRECTION('center_axis',(-1.74912996163596E-16,-1.,0.));
#4355=DIRECTION('ref_axis',(0.707106781186549,0.,0.707106781186546));
#4356=DIRECTION('center_axis',(0.,-1.,0.));
#4357=DIRECTION('ref_axis',(1.,0.,0.));
#4358=DIRECTION('',(1.74912996163596E-16,1.,0.));
#4359=DIRECTION('',(-1.74912996163596E-16,-1.,0.));
#4360=DIRECTION('center_axis',(0.,0.,-1.));
#4361=DIRECTION('ref_axis',(-1.,0.,0.));
#4362=DIRECTION('center_axis',(0.989868403496815,0.141987829614604,0.));
#4363=DIRECTION('ref_axis',(-0.141987829614604,0.989868403496815,0.));
#4364=DIRECTION('center_axis',(0.,0.,-1.));
#4365=DIRECTION('ref_axis',(-0.654985561056653,-0.755641392994919,0.));
#4366=DIRECTION('center_axis',(0.,0.,1.));
#4367=DIRECTION('ref_axis',(-0.654985561056653,-0.755641392994919,0.));
#4368=DIRECTION('center_axis',(0.,0.,1.));
#4369=DIRECTION('ref_axis',(1.,0.,0.));
#4370=DIRECTION('center_axis',(0.8842787128762,0.466959482133098,0.));
#4371=DIRECTION('ref_axis',(-0.466959482133098,0.8842787128762,0.));
#4372=DIRECTION('center_axis',(0.,0.,-1.));
#4373=DIRECTION('ref_axis',(0.30901699437495,-0.951056516295153,0.));
#4374=DIRECTION('center_axis',(0.,0.,1.));
#4375=DIRECTION('ref_axis',(0.30901699437495,-0.951056516295153,0.));
#4376=DIRECTION('center_axis',(0.,0.,-1.));
#4377=DIRECTION('ref_axis',(0.974049316789199,-0.226335875332425,0.));
#4378=DIRECTION('center_axis',(-0.587785252292488,0.809016994374937,0.));
#4379=DIRECTION('ref_axis',(-0.809016994374937,-0.587785252292488,0.));
#4380=DIRECTION('center_axis',(0.,0.,-1.));
#4381=DIRECTION('ref_axis',(0.974049316789199,-0.226335875332426,0.));
#4382=DIRECTION('center_axis',(0.,0.,1.));
#4383=DIRECTION('ref_axis',(0.974049316789199,-0.226335875332426,0.));
#4384=DIRECTION('center_axis',(-0.587785252292486,0.809016994374938,0.));
#4385=DIRECTION('ref_axis',(-0.572061402817678,-0.415626937777464,0.707106781186546));
#4386=DIRECTION('center_axis',(-0.587785252292483,0.80901699437494,0.));
#4387=DIRECTION('ref_axis',(-0.80901699437494,-0.587785252292483,0.));
#4388=DIRECTION('',(0.587785252292486,-0.809016994374938,0.));
#4389=DIRECTION('',(-0.587785252292486,0.809016994374938,0.));
#4390=DIRECTION('center_axis',(0.,0.,-1.));
#4391=DIRECTION('ref_axis',(-1.,0.,0.));
#4392=DIRECTION('center_axis',(0.,0.,1.));
#4393=DIRECTION('ref_axis',(0.295563576044562,0.95532307232462,0.));
#4394=DIRECTION('center_axis',(0.,0.,-1.));
#4395=DIRECTION('ref_axis',(0.295563576044563,0.955323072324619,0.));
#4396=DIRECTION('center_axis',(0.,0.,-1.));
#4397=DIRECTION('ref_axis',(-0.654985561056652,-0.75564139299492,0.));
#4398=DIRECTION('',(0.,0.,-1.));
#4399=DIRECTION('center_axis',(0.,0.,-1.));
#4400=DIRECTION('ref_axis',(-0.654985561056653,-0.755641392994919,0.));
#4401=DIRECTION('',(0.,0.,1.));
#4402=DIRECTION('center_axis',(-1.,1.74912996163596E-16,0.));
#4403=DIRECTION('ref_axis',(1.74912996163596E-16,1.,0.));
#4404=DIRECTION('',(0.,0.,1.));
#4405=DIRECTION('',(1.74912996163596E-16,1.,0.));
#4406=DIRECTION('center_axis',(0.,0.,-1.));
#4407=DIRECTION('ref_axis',(-0.800640769025436,0.599144689515278,0.));
#4408=DIRECTION('',(0.,0.,-1.));
#4409=DIRECTION('center_axis',(0.,0.,-1.));
#4410=DIRECTION('ref_axis',(-0.800640769025435,0.599144689515278,0.));
#4411=DIRECTION('center_axis',(0.,0.,-1.));
#4412=DIRECTION('ref_axis',(1.,0.,0.));
#4413=DIRECTION('',(0.,0.,1.));
#4414=DIRECTION('center_axis',(0.,0.,1.));
#4415=DIRECTION('ref_axis',(0.309016994374949,-0.951056516295153,0.));
#4416=DIRECTION('center_axis',(0.,0.,1.));
#4417=DIRECTION('ref_axis',(1.,0.,0.));
#4418=DIRECTION('center_axis',(0.,0.,1.));
#4419=DIRECTION('ref_axis',(1.,0.,0.));
#4420=DIRECTION('center_axis',(0.,0.,1.));
#4421=DIRECTION('ref_axis',(-0.309016994374947,-0.951056516295154,0.));
#4422=DIRECTION('center_axis',(0.,0.,-1.));
#4423=DIRECTION('ref_axis',(-0.295563576044571,0.955323072324617,0.));
#4424=DIRECTION('',(0.587785252292473,0.809016994374947,0.));
#4425=DIRECTION('center_axis',(0.,0.,-1.));
#4426=DIRECTION('ref_axis',(-0.974049316789196,-0.226335875332437,0.));
#4427=DIRECTION('center_axis',(0.,0.,-1.));
#4428=DIRECTION('ref_axis',(-0.309016994374947,-0.951056516295154,0.));
#4429=DIRECTION('center_axis',(0.,0.,-1.));
#4430=DIRECTION('ref_axis',(0.654985561056655,-0.755641392994917,0.));
#4431=DIRECTION('',(3.81512705631469E-15,-1.,0.));
#4432=DIRECTION('center_axis',(0.,0.,-1.));
#4433=DIRECTION('ref_axis',(0.800640769025434,0.59914468951528,0.));
#4434=DIRECTION('center_axis',(0.,0.,1.));
#4435=DIRECTION('ref_axis',(-0.309016994374946,0.951056516295154,0.));
#4436=DIRECTION('center_axis',(0.,0.,-1.));
#4437=DIRECTION('ref_axis',(0.800640769025435,-0.599144689515278,0.));
#4438=DIRECTION('',(-4.99751417610276E-17,-1.,0.));
#4439=DIRECTION('center_axis',(0.,0.,-1.));
#4440=DIRECTION('ref_axis',(0.654985561056653,0.755641392994919,0.));
#4441=DIRECTION('center_axis',(0.,0.,-1.));
#4442=DIRECTION('ref_axis',(-0.309016994374945,0.951056516295154,0.));
#4443=DIRECTION('center_axis',(0.,0.,-1.));
#4444=DIRECTION('ref_axis',(-0.974049316789194,0.226335875332446,0.));
#4445=DIRECTION('',(-0.587785252292461,0.809016994374956,0.));
#4446=DIRECTION('center_axis',(0.,0.,-1.));
#4447=DIRECTION('ref_axis',(-0.295563576044579,-0.955323072324614,0.));
#4448=DIRECTION('center_axis',(0.,0.,1.));
#4449=DIRECTION('ref_axis',(0.309016994374947,0.951056516295154,0.));
#4450=DIRECTION('center_axis',(0.,0.,-1.));
#4451=DIRECTION('ref_axis',(0.295563576044571,-0.955323072324617,0.));
#4452=DIRECTION('',(-0.587785252292473,-0.809016994374947,0.));
#4453=DIRECTION('center_axis',(0.,0.,-1.));
#4454=DIRECTION('ref_axis',(0.974049316789196,0.226335875332435,0.));
#4455=DIRECTION('center_axis',(0.,0.,-1.));
#4456=DIRECTION('ref_axis',(0.309016994374947,0.951056516295154,0.));
#4457=DIRECTION('center_axis',(0.,0.,-1.));
#4458=DIRECTION('ref_axis',(-0.654985561056655,0.755641392994917,0.));
#4459=DIRECTION('',(-3.81512705631469E-15,1.,0.));
#4460=DIRECTION('center_axis',(0.,0.,-1.));
#4461=DIRECTION('ref_axis',(-0.800640769025434,-0.59914468951528,0.));
#4462=DIRECTION('center_axis',(0.,0.,-1.));
#4463=DIRECTION('ref_axis',(1.,0.,0.));
#4464=DIRECTION('center_axis',(0.,0.,-1.));
#4465=DIRECTION('ref_axis',(1.,0.,0.));
#4466=DIRECTION('center_axis',(0.,0.,-1.));
#4467=DIRECTION('ref_axis',(1.,0.,0.));
#4468=DIRECTION('center_axis',(0.,0.,-1.));
#4469=DIRECTION('ref_axis',(1.,0.,0.));
#4470=DIRECTION('center_axis',(0.,0.,-1.));
#4471=DIRECTION('ref_axis',(-1.,0.,0.));
#4472=DIRECTION('center_axis',(0.,0.,1.));
#4473=DIRECTION('ref_axis',(1.,8.67361737988404E-17,0.));
#4474=DIRECTION('center_axis',(0.,0.,-1.));
#4475=DIRECTION('ref_axis',(-0.817232065185428,-0.576308729443482,0.));
#4476=DIRECTION('',(-0.951056516295154,0.309016994374947,0.));
#4477=DIRECTION('center_axis',(0.,0.,-1.));
#4478=DIRECTION('ref_axis',(0.51625600135345,-0.856434318010755,0.));
#4479=DIRECTION('center_axis',(0.,0.,-1.));
#4480=DIRECTION('ref_axis',(1.,1.38777878078145E-17,0.));
#4481=DIRECTION('center_axis',(0.,0.,-1.));
#4482=DIRECTION('ref_axis',(0.51625600135345,0.856434318010755,0.));
#4483=DIRECTION('',(0.951056516295154,0.309016994374947,0.));
#4484=DIRECTION('center_axis',(0.,0.,-1.));
#4485=DIRECTION('ref_axis',(-0.817232065185428,0.576308729443481,0.));
#4486=DIRECTION('',(-0.951056516295153,-0.309016994374949,0.));
#4487=DIRECTION('center_axis',(0.,0.,-1.));
#4488=DIRECTION('ref_axis',(0.817232065185429,-0.576308729443481,0.));
#4489=DIRECTION('center_axis',(0.,0.,1.));
#4490=DIRECTION('ref_axis',(-1.,-1.22464679914735E-16,0.));
#4491=DIRECTION('center_axis',(0.,0.,-1.));
#4492=DIRECTION('ref_axis',(0.817232065185429,0.576308729443481,0.));
#4493=DIRECTION('',(0.951056516295154,-0.309016994374948,0.));
#4494=DIRECTION('center_axis',(0.,0.,-1.));
#4495=DIRECTION('ref_axis',(-0.51625600135345,0.856434318010755,0.));
#4496=DIRECTION('center_axis',(0.,0.,-1.));
#4497=DIRECTION('ref_axis',(-1.,1.22464679914735E-16,0.));
#4498=DIRECTION('center_axis',(0.,0.,-1.));
#4499=DIRECTION('ref_axis',(-0.51625600135345,-0.856434318010755,0.));
#4500=DIRECTION('center_axis',(0.,0.,-1.));
#4501=DIRECTION('ref_axis',(-1.,0.,0.));
#4502=DIRECTION('center_axis',(0.959399329942036,-0.282051282051282,0.));
#4503=DIRECTION('ref_axis',(0.,0.,1.));
#4504=DIRECTION('center_axis',(0.,0.,-1.));
#4505=DIRECTION('ref_axis',(-0.309016994374947,-0.951056516295154,0.));
#4506=DIRECTION('center_axis',(-0.941955946294973,0.335736496734481,0.));
#4507=DIRECTION('ref_axis',(-0.335736496734481,-0.941955946294973,0.));
#4508=DIRECTION('center_axis',(0.,0.,-1.));
#4509=DIRECTION('ref_axis',(-1.,0.,0.));
#4510=DIRECTION('center_axis',(-0.587785252292471,-0.809016994374949,0.));
#4511=DIRECTION('ref_axis',(0.809016994374949,-0.587785252292471,0.));
#4512=DIRECTION('center_axis',(0.,0.,1.));
#4513=DIRECTION('ref_axis',(-0.295563576044571,0.955323072324617,0.));
#4514=DIRECTION('center_axis',(-0.587785252292473,-0.809016994374947,0.));
#4515=DIRECTION('ref_axis',(0.572061402817683,-0.415626937777458,0.707106781186546));
#4516=DIRECTION('center_axis',(-0.587785252292476,-0.809016994374945,0.));
#4517=DIRECTION('ref_axis',(0.809016994374945,-0.587785252292476,0.));
#4518=DIRECTION('',(-0.587785252292473,-0.809016994374947,0.));
#4519=DIRECTION('center_axis',(0.,0.,-1.));
#4520=DIRECTION('ref_axis',(-1.,0.,0.));
#4521=DIRECTION('center_axis',(0.884278712876202,-0.466959482133094,0.));
#4522=DIRECTION('ref_axis',(0.466959482133094,0.884278712876202,0.));
#4523=DIRECTION('center_axis',(0.,0.,1.));
#4524=DIRECTION('ref_axis',(-0.974049316789196,-0.226335875332437,0.));
#4525=DIRECTION('center_axis',(0.,0.,1.));
#4526=DIRECTION('ref_axis',(1.,0.,0.));
#4527=DIRECTION('center_axis',(0.989868403496815,-0.141987829614605,0.));
#4528=DIRECTION('ref_axis',(0.141987829614605,0.989868403496815,0.));
#4529=DIRECTION('center_axis',(0.,0.,1.));
#4530=DIRECTION('ref_axis',(-0.309016994374947,-0.951056516295154,0.));
#4531=DIRECTION('center_axis',(0.,0.,-1.));
#4532=DIRECTION('ref_axis',(-1.,0.,0.));
#4533=DIRECTION('center_axis',(-8.88178419700123E-15,1.,0.));
#4534=DIRECTION('ref_axis',(-1.,-8.88178419700123E-15,0.));
#4535=DIRECTION('center_axis',(0.,0.,1.));
#4536=DIRECTION('ref_axis',(0.654985561056655,-0.755641392994917,0.));
#4537=DIRECTION('center_axis',(-3.81512705631469E-15,1.,0.));
#4538=DIRECTION('ref_axis',(-0.707106781186549,-3.14018491736756E-15,0.707106781186546));
#4539=DIRECTION('center_axis',(-8.88178419700126E-15,1.,0.));
#4540=DIRECTION('ref_axis',(-1.,-8.88178419700126E-15,0.));
#4541=DIRECTION('',(-3.81512705631469E-15,1.,0.));
#4542=DIRECTION('center_axis',(0.,0.,-1.));
#4543=DIRECTION('ref_axis',(-1.,0.,0.));
#4544=DIRECTION('center_axis',(0.,0.,1.));
#4545=DIRECTION('ref_axis',(0.800640769025435,0.59914468951528,0.));
#4546=DIRECTION('center_axis',(0.,0.,-1.));
#4547=DIRECTION('ref_axis',(-0.974049316789197,-0.226335875332434,0.));
#4548=DIRECTION('',(0.,0.,-1.));
#4549=DIRECTION('center_axis',(0.,0.,-1.));
#4550=DIRECTION('ref_axis',(-0.974049316789196,-0.226335875332437,0.));
#4551=DIRECTION('',(0.,0.,1.));
#4552=DIRECTION('center_axis',(-0.809016994374947,0.587785252292473,0.));
#4553=DIRECTION('ref_axis',(0.587785252292473,0.809016994374947,0.));
#4554=DIRECTION('',(0.,0.,1.));
#4555=DIRECTION('',(0.587785252292473,0.809016994374947,0.));
#4556=DIRECTION('center_axis',(0.,0.,-1.));
#4557=DIRECTION('ref_axis',(-0.295563576044572,0.955323072324617,0.));
#4558=DIRECTION('',(0.,0.,-1.));
#4559=DIRECTION('center_axis',(0.,0.,-1.));
#4560=DIRECTION('ref_axis',(-0.295563576044572,0.955323072324617,0.));
#4561=DIRECTION('center_axis',(0.,0.,-1.));
#4562=DIRECTION('ref_axis',(1.,0.,0.));
#4563=DIRECTION('',(0.,0.,1.));
#4564=DIRECTION('center_axis',(0.,0.,1.));
#4565=DIRECTION('ref_axis',(-0.309016994374947,-0.951056516295154,0.));
#4566=DIRECTION('center_axis',(0.951056516295153,0.309016994374949,0.));
#4567=DIRECTION('ref_axis',(-0.21850801222441,0.672498511963958,0.707106781186546));
#4568=DIRECTION('center_axis',(-0.951056516295157,-0.309016994374938,0.));
#4569=DIRECTION('ref_axis',(0.,0.,1.));
#4570=DIRECTION('',(0.951056516295153,0.309016994374949,0.));
#4571=DIRECTION('center_axis',(0.951056516295155,0.309016994374943,0.));
#4572=DIRECTION('ref_axis',(-0.309016994374943,0.951056516295155,0.));
#4573=DIRECTION('center_axis',(0.,0.,-1.));
#4574=DIRECTION('ref_axis',(0.817232065185429,-0.576308729443481,0.));
#4575=DIRECTION('center_axis',(-0.0282239876197527,0.999601623909665,0.));
#4576=DIRECTION('ref_axis',(-0.999601623909665,-0.0282239876197527,0.));
#4577=DIRECTION('center_axis',(0.,0.,1.));
#4578=DIRECTION('ref_axis',(0.817232065185429,-0.576308729443481,0.));
#4579=DIRECTION('center_axis',(0.,0.,-1.));
#4580=DIRECTION('ref_axis',(-1.,0.,0.));
#4581=DIRECTION('center_axis',(0.0282239876197522,0.999601623909665,0.));
#4582=DIRECTION('ref_axis',(-0.999601623909665,0.0282239876197522,0.));
#4583=DIRECTION('center_axis',(0.,0.,-1.));
#4584=DIRECTION('ref_axis',(-1.,-1.22464679914735E-16,0.));
#4585=DIRECTION('center_axis',(0.,0.,-1.));
#4586=DIRECTION('ref_axis',(0.817232065185429,0.576308729443481,0.));
#4587=DIRECTION('center_axis',(-0.951056516295154,0.309016994374946,0.));
#4588=DIRECTION('ref_axis',(-0.309016994374946,-0.951056516295154,0.));
#4589=DIRECTION('center_axis',(0.,0.,1.));
#4590=DIRECTION('ref_axis',(0.817232065185429,0.576308729443481,0.));
#4591=DIRECTION('center_axis',(-0.951056516295154,0.309016994374948,0.));
#4592=DIRECTION('ref_axis',(-0.21850801222441,-0.672498511963959,0.707106781186546));
#4593=DIRECTION('center_axis',(-0.951056516295154,0.309016994374946,0.));
#4594=DIRECTION('ref_axis',(-0.309016994374946,-0.951056516295154,0.));
#4595=DIRECTION('',(-0.951056516295154,0.309016994374948,0.));
#4596=DIRECTION('center_axis',(0.,0.,-1.));
#4597=DIRECTION('ref_axis',(-1.,0.,0.));
#4598=DIRECTION('center_axis',(-0.170847708285738,-0.985297447765654,0.));
#4599=DIRECTION('ref_axis',(0.985297447765654,-0.170847708285738,0.));
#4600=DIRECTION('center_axis',(0.,0.,1.));
#4601=DIRECTION('ref_axis',(-0.51625600135345,0.856434318010755,0.));
#4602=DIRECTION('center_axis',(0.,0.,1.));
#4603=DIRECTION('ref_axis',(-1.,-1.22464679914735E-16,0.));
#4604=DIRECTION('center_axis',(0.170847708285737,-0.985297447765654,0.));
#4605=DIRECTION('ref_axis',(0.985297447765654,0.170847708285737,0.));
#4606=DIRECTION('center_axis',(0.,0.,1.));
#4607=DIRECTION('ref_axis',(-1.,1.22464679914735E-16,0.));
#4608=DIRECTION('center_axis',(0.,0.,-1.));
#4609=DIRECTION('ref_axis',(-1.,0.,0.));
#4610=DIRECTION('center_axis',(0.,0.,1.));
#4611=DIRECTION('ref_axis',(-0.51625600135345,-0.856434318010755,0.));
#4612=DIRECTION('center_axis',(0.,0.,-1.));
#4613=DIRECTION('ref_axis',(0.817232065185428,0.576308729443482,0.));
#4614=DIRECTION('',(0.,0.,-1.));
#4615=DIRECTION('center_axis',(0.,0.,-1.));
#4616=DIRECTION('ref_axis',(0.817232065185429,0.576308729443481,0.));
#4617=DIRECTION('',(0.,0.,1.));
#4618=DIRECTION('center_axis',(0.,0.,-1.));
#4619=DIRECTION('ref_axis',(-1.,-1.22464679914735E-16,0.));
#4620=DIRECTION('',(0.,0.,1.));
#4621=DIRECTION('center_axis',(0.,0.,1.));
#4622=DIRECTION('ref_axis',(-1.,-1.22464679914735E-16,0.));
#4623=DIRECTION('center_axis',(0.,0.,-1.));
#4624=DIRECTION('ref_axis',(0.817232065185429,-0.576308729443481,0.));
#4625=DIRECTION('',(0.,0.,-1.));
#4626=DIRECTION('center_axis',(0.,0.,-1.));
#4627=DIRECTION('ref_axis',(0.817232065185429,-0.576308729443481,0.));
#4628=DIRECTION('center_axis',(0.309016994374949,-0.951056516295153,0.));
#4629=DIRECTION('ref_axis',(-0.951056516295153,-0.309016994374949,0.));
#4630=DIRECTION('',(0.,0.,1.));
#4631=DIRECTION('',(-0.951056516295153,-0.309016994374949,0.));
#4632=DIRECTION('center_axis',(0.,0.,-1.));
#4633=DIRECTION('ref_axis',(-1.,0.,0.));
#4634=DIRECTION('center_axis',(-0.941955946294974,-0.335736496734479,0.));
#4635=DIRECTION('ref_axis',(0.,0.,1.));
#4636=DIRECTION('center_axis',(0.,0.,-1.));
#4637=DIRECTION('ref_axis',(-0.309016994374946,0.951056516295154,0.));
#4638=DIRECTION('center_axis',(0.959399329942036,0.282051282051282,0.));
#4639=DIRECTION('ref_axis',(-0.282051282051282,0.959399329942036,0.));
#4640=DIRECTION('center_axis',(0.,0.,-1.));
#4641=DIRECTION('ref_axis',(-1.,0.,0.));
#4642=DIRECTION('center_axis',(0.,1.,0.));
#4643=DIRECTION('ref_axis',(-1.,0.,0.));
#4644=DIRECTION('center_axis',(0.,0.,1.));
#4645=DIRECTION('ref_axis',(0.800640769025435,-0.599144689515278,0.));
#4646=DIRECTION('center_axis',(4.99751417610276E-17,1.,0.));
#4647=DIRECTION('ref_axis',(-0.707106781186549,0.,0.707106781186546));
#4648=DIRECTION('center_axis',(0.,1.,0.));
#4649=DIRECTION('ref_axis',(-1.,0.,0.));
#4650=DIRECTION('',(4.99751417610276E-17,1.,0.));
#4651=DIRECTION('center_axis',(0.,0.,-1.));
#4652=DIRECTION('ref_axis',(-1.,0.,0.));
#4653=DIRECTION('center_axis',(-0.989868403496815,-0.141987829614605,0.));
#4654=DIRECTION('ref_axis',(0.141987829614605,-0.989868403496815,0.));
#4655=DIRECTION('center_axis',(0.,0.,1.));
#4656=DIRECTION('ref_axis',(0.654985561056653,0.755641392994919,0.));
#4657=DIRECTION('center_axis',(0.,0.,1.));
#4658=DIRECTION('ref_axis',(1.,0.,0.));
#4659=DIRECTION('center_axis',(-0.884278712876204,-0.466959482133091,0.));
#4660=DIRECTION('ref_axis',(0.466959482133091,-0.884278712876204,0.));
#4661=DIRECTION('center_axis',(0.,0.,1.));
#4662=DIRECTION('ref_axis',(-0.309016994374945,0.951056516295154,0.));
#4663=DIRECTION('center_axis',(0.,0.,-1.));
#4664=DIRECTION('ref_axis',(-1.,0.,0.));
#4665=DIRECTION('center_axis',(0.587785252292459,-0.809016994374958,0.));
#4666=DIRECTION('ref_axis',(0.809016994374958,0.587785252292458,0.));
#4667=DIRECTION('center_axis',(0.,0.,1.));
#4668=DIRECTION('ref_axis',(-0.974049316789194,0.226335875332446,0.));
#4669=DIRECTION('center_axis',(0.587785252292461,-0.809016994374956,0.));
#4670=DIRECTION('ref_axis',(0.572061402817691,0.415626937777446,0.707106781186546));
#4671=DIRECTION('center_axis',(0.587785252292461,-0.809016994374956,0.));
#4672=DIRECTION('ref_axis',(0.809016994374956,0.587785252292461,0.));
#4673=DIRECTION('',(0.587785252292461,-0.809016994374956,0.));
#4674=DIRECTION('center_axis',(0.,0.,-1.));
#4675=DIRECTION('ref_axis',(-1.,0.,0.));
#4676=DIRECTION('center_axis',(0.,0.,1.));
#4677=DIRECTION('ref_axis',(-0.295563576044579,-0.955323072324614,0.));
#4678=DIRECTION('center_axis',(0.,0.,-1.));
#4679=DIRECTION('ref_axis',(0.654985561056652,0.75564139299492,0.));
#4680=DIRECTION('',(0.,0.,-1.));
#4681=DIRECTION('center_axis',(0.,0.,-1.));
#4682=DIRECTION('ref_axis',(0.654985561056653,0.755641392994919,0.));
#4683=DIRECTION('',(0.,0.,1.));
#4684=DIRECTION('center_axis',(1.,-4.99751417610276E-17,0.));
#4685=DIRECTION('ref_axis',(-4.99751417610276E-17,-1.,0.));
#4686=DIRECTION('',(0.,0.,1.));
#4687=DIRECTION('',(-4.99751417610276E-17,-1.,0.));
#4688=DIRECTION('center_axis',(0.,0.,-1.));
#4689=DIRECTION('ref_axis',(0.800640769025436,-0.599144689515278,0.));
#4690=DIRECTION('',(0.,0.,-1.));
#4691=DIRECTION('center_axis',(0.,0.,-1.));
#4692=DIRECTION('ref_axis',(0.800640769025435,-0.599144689515278,0.));
#4693=DIRECTION('center_axis',(0.,0.,-1.));
#4694=DIRECTION('ref_axis',(1.,0.,0.));
#4695=DIRECTION('',(0.,0.,1.));
#4696=DIRECTION('center_axis',(0.,0.,1.));
#4697=DIRECTION('ref_axis',(-0.309016994374946,0.951056516295154,0.));
#4698=DIRECTION('center_axis',(0.,0.,-1.));
#4699=DIRECTION('ref_axis',(1.,1.22464679914735E-16,0.));
#4700=DIRECTION('center_axis',(-0.0282239876197523,0.999601623909665,0.));
#4701=DIRECTION('ref_axis',(0.,0.,1.));
#4702=DIRECTION('center_axis',(0.,0.,-1.));
#4703=DIRECTION('ref_axis',(1.,8.67361737988404E-17,0.));
#4704=DIRECTION('center_axis',(-0.028223987619752,-0.999601623909665,0.));
#4705=DIRECTION('ref_axis',(0.999601623909665,-0.028223987619752,0.));
#4706=DIRECTION('center_axis',(0.,0.,-1.));
#4707=DIRECTION('ref_axis',(-1.,0.,0.));
#4708=DIRECTION('center_axis',(0.951056516295155,-0.309016994374944,0.));
#4709=DIRECTION('ref_axis',(0.309016994374944,0.951056516295155,0.));
#4710=DIRECTION('center_axis',(0.,0.,1.));
#4711=DIRECTION('ref_axis',(-0.817232065185428,-0.576308729443482,0.));
#4712=DIRECTION('center_axis',(0.951056516295154,-0.309016994374947,0.));
#4713=DIRECTION('ref_axis',(0.21850801222441,0.672498511963959,0.707106781186546));
#4714=DIRECTION('center_axis',(0.951056516295154,-0.309016994374946,0.));
#4715=DIRECTION('ref_axis',(0.309016994374946,0.951056516295154,0.));
#4716=DIRECTION('',(0.951056516295154,-0.309016994374947,0.));
#4717=DIRECTION('center_axis',(0.,0.,-1.));
#4718=DIRECTION('ref_axis',(-1.,0.,0.));
#4719=DIRECTION('center_axis',(0.170847708285738,0.985297447765654,0.));
#4720=DIRECTION('ref_axis',(-0.985297447765654,0.170847708285738,0.));
#4721=DIRECTION('center_axis',(0.,0.,1.));
#4722=DIRECTION('ref_axis',(0.51625600135345,-0.856434318010755,0.));
#4723=DIRECTION('center_axis',(0.,0.,1.));
#4724=DIRECTION('ref_axis',(1.,0.,0.));
#4725=DIRECTION('center_axis',(-0.170847708285739,0.985297447765654,0.));
#4726=DIRECTION('ref_axis',(-0.985297447765654,-0.170847708285739,0.));
#4727=DIRECTION('center_axis',(0.,0.,1.));
#4728=DIRECTION('ref_axis',(1.,1.38777878078145E-17,0.));
#4729=DIRECTION('center_axis',(0.,0.,-1.));
#4730=DIRECTION('ref_axis',(-1.,0.,0.));
#4731=DIRECTION('center_axis',(-0.951056516295154,-0.309016994374946,0.));
#4732=DIRECTION('ref_axis',(0.309016994374946,-0.951056516295154,0.));
#4733=DIRECTION('center_axis',(0.,0.,1.));
#4734=DIRECTION('ref_axis',(0.51625600135345,0.856434318010755,0.));
#4735=DIRECTION('center_axis',(-0.951056516295154,-0.309016994374947,0.));
#4736=DIRECTION('ref_axis',(0.218508012224411,-0.672498511963958,0.707106781186547));
#4737=DIRECTION('center_axis',(-0.951056516295154,-0.309016994374947,0.));
#4738=DIRECTION('ref_axis',(0.309016994374947,-0.951056516295154,0.));
#4739=DIRECTION('',(-0.951056516295154,-0.309016994374947,0.));
#4740=DIRECTION('center_axis',(0.,0.,-1.));
#4741=DIRECTION('ref_axis',(-1.,0.,0.));
#4742=DIRECTION('center_axis',(0.,0.,1.));
#4743=DIRECTION('ref_axis',(-0.817232065185428,0.576308729443481,0.));
#4744=DIRECTION('center_axis',(0.,0.,-1.));
#4745=DIRECTION('ref_axis',(0.51625600135345,-0.856434318010755,0.));
#4746=DIRECTION('',(0.,0.,-1.));
#4747=DIRECTION('center_axis',(0.,0.,-1.));
#4748=DIRECTION('ref_axis',(0.51625600135345,-0.856434318010755,0.));
#4749=DIRECTION('',(0.,0.,1.));
#4750=DIRECTION('center_axis',(-0.309016994374947,-0.951056516295154,0.));
#4751=DIRECTION('ref_axis',(-0.951056516295154,0.309016994374947,0.));
#4752=DIRECTION('',(0.,0.,1.));
#4753=DIRECTION('',(-0.951056516295154,0.309016994374947,0.));
#4754=DIRECTION('center_axis',(0.,0.,-1.));
#4755=DIRECTION('ref_axis',(-0.817232065185428,-0.576308729443482,0.));
#4756=DIRECTION('',(0.,0.,-1.));
#4757=DIRECTION('center_axis',(0.,0.,-1.));
#4758=DIRECTION('ref_axis',(-0.817232065185428,-0.576308729443481,0.));
#4759=DIRECTION('center_axis',(0.,0.,-1.));
#4760=DIRECTION('ref_axis',(1.,0.,0.));
#4761=DIRECTION('',(0.,0.,1.));
#4762=DIRECTION('center_axis',(0.,0.,1.));
#4763=DIRECTION('ref_axis',(1.,8.67361737988404E-17,0.));
#4764=DIRECTION('center_axis',(0.,0.,-1.));
#4765=DIRECTION('ref_axis',(-1.,0.,0.));
#4766=DIRECTION('center_axis',(-0.959399329942037,0.282051282051281,0.));
#4767=DIRECTION('ref_axis',(0.,0.,1.));
#4768=DIRECTION('center_axis',(0.,0.,-1.));
#4769=DIRECTION('ref_axis',(0.309016994374947,0.951056516295154,0.));
#4770=DIRECTION('center_axis',(0.941955946294973,-0.335736496734481,0.));
#4771=DIRECTION('ref_axis',(0.335736496734481,0.941955946294973,0.));
#4772=DIRECTION('center_axis',(0.,0.,-1.));
#4773=DIRECTION('ref_axis',(-1.,0.,0.));
#4774=DIRECTION('center_axis',(0.587785252292472,0.809016994374948,0.));
#4775=DIRECTION('ref_axis',(-0.809016994374948,0.587785252292472,0.));
#4776=DIRECTION('center_axis',(0.,0.,1.));
#4777=DIRECTION('ref_axis',(0.295563576044571,-0.955323072324617,0.));
#4778=DIRECTION('center_axis',(0.587785252292473,0.809016994374947,0.));
#4779=DIRECTION('ref_axis',(-0.572061402817685,0.415626937777457,0.707106781186545));
#4780=DIRECTION('center_axis',(0.58778525229247,0.80901699437495,0.));
#4781=DIRECTION('ref_axis',(-0.80901699437495,0.58778525229247,0.));
#4782=DIRECTION('',(0.587785252292473,0.809016994374947,0.));
#4783=DIRECTION('center_axis',(0.,0.,-1.));
#4784=DIRECTION('ref_axis',(0.974049316789196,0.226335875332437,0.));
#4785=DIRECTION('center_axis',(-0.8842787128762,0.466959482133098,0.));
#4786=DIRECTION('ref_axis',(-0.466959482133098,-0.8842787128762,0.));
#4787=DIRECTION('center_axis',(0.,0.,1.));
#4788=DIRECTION('ref_axis',(0.974049316789197,0.226335875332435,0.));
#4789=DIRECTION('center_axis',(0.,0.,1.));
#4790=DIRECTION('ref_axis',(1.,0.,0.));
#4791=DIRECTION('center_axis',(-0.989868403496815,0.141987829614604,0.));
#4792=DIRECTION('ref_axis',(-0.141987829614604,-0.989868403496816,0.));
#4793=DIRECTION('center_axis',(0.,0.,1.));
#4794=DIRECTION('ref_axis',(0.309016994374947,0.951056516295154,0.));
#4795=DIRECTION('center_axis',(0.,0.,-1.));
#4796=DIRECTION('ref_axis',(-1.,0.,0.));
#4797=DIRECTION('center_axis',(8.88178419700125E-15,-1.,0.));
#4798=DIRECTION('ref_axis',(1.,8.88178419700125E-15,0.));
#4799=DIRECTION('center_axis',(0.,0.,1.));
#4800=DIRECTION('ref_axis',(-0.654985561056655,0.755641392994917,0.));
#4801=DIRECTION('center_axis',(3.81512705631469E-15,-1.,0.));
#4802=DIRECTION('ref_axis',(0.707106781186549,3.14018491736756E-15,0.707106781186546));
#4803=DIRECTION('center_axis',(4.44089209850063E-15,-1.,0.));
#4804=DIRECTION('ref_axis',(1.,4.44089209850063E-15,0.));
#4805=DIRECTION('',(3.81512705631469E-15,-1.,0.));
#4806=DIRECTION('center_axis',(0.,0.,-1.));
#4807=DIRECTION('ref_axis',(-1.,0.,0.));
#4808=DIRECTION('center_axis',(0.,0.,1.));
#4809=DIRECTION('ref_axis',(-0.800640769025435,-0.59914468951528,0.));
#4810=DIRECTION('center_axis',(0.,0.,-1.));
#4811=DIRECTION('ref_axis',(0.974049316789197,0.226335875332435,0.));
#4812=DIRECTION('',(0.,0.,-1.));
#4813=DIRECTION('center_axis',(0.,0.,-1.));
#4814=DIRECTION('ref_axis',(0.974049316789196,0.226335875332435,0.));
#4815=DIRECTION('',(0.,0.,1.));
#4816=DIRECTION('center_axis',(0.809016994374947,-0.587785252292473,0.));
#4817=DIRECTION('ref_axis',(-0.587785252292473,-0.809016994374947,0.));
#4818=DIRECTION('',(0.,0.,1.));
#4819=DIRECTION('',(-0.587785252292473,-0.809016994374947,0.));
#4820=DIRECTION('center_axis',(0.,0.,-1.));
#4821=DIRECTION('ref_axis',(0.295563576044572,-0.955323072324617,0.));
#4822=DIRECTION('',(0.,0.,-1.));
#4823=DIRECTION('center_axis',(0.,0.,-1.));
#4824=DIRECTION('ref_axis',(0.295563576044571,-0.955323072324617,0.));
#4825=DIRECTION('center_axis',(0.,0.,-1.));
#4826=DIRECTION('ref_axis',(1.,0.,0.));
#4827=DIRECTION('',(0.,0.,1.));
#4828=DIRECTION('center_axis',(0.,0.,1.));
#4829=DIRECTION('ref_axis',(0.309016994374947,0.951056516295154,0.));
#4830=DIRECTION('center_axis',(0.,0.,1.));
#4831=DIRECTION('ref_axis',(-0.817232065185429,-0.576308729443481,0.));
#4832=DIRECTION('center_axis',(-0.0282239876197527,-0.999601623909665,0.));
#4833=DIRECTION('ref_axis',(-0.999601623909665,0.0282239876197527,0.));
#4834=DIRECTION('center_axis',(0.,0.,1.));
#4835=DIRECTION('ref_axis',(-0.817232065185428,-0.576308729443481,0.));
#4836=DIRECTION('center_axis',(-0.951056516295153,0.309016994374949,0.));
#4837=DIRECTION('ref_axis',(0.,0.,-1.));
#4838=DIRECTION('center_axis',(-0.951056516295154,0.309016994374947,0.));
#4839=DIRECTION('ref_axis',(-0.21850801222441,-0.672498511963959,-0.707106781186546));
#4840=DIRECTION('center_axis',(-0.951056516295154,0.309016994374946,0.));
#4841=DIRECTION('ref_axis',(0.,0.,-1.));
#4842=DIRECTION('',(0.951056516295154,-0.309016994374947,0.));
#4843=DIRECTION('center_axis',(0.,0.,1.));
#4844=DIRECTION('ref_axis',(1.,0.,0.));
#4845=DIRECTION('center_axis',(-0.170847708285739,-0.985297447765654,0.));
#4846=DIRECTION('ref_axis',(0.,0.,-1.));
#4847=DIRECTION('center_axis',(0.,0.,1.));
#4848=DIRECTION('ref_axis',(0.51625600135345,-0.856434318010755,0.));
#4849=DIRECTION('center_axis',(0.,0.,-1.));
#4850=DIRECTION('ref_axis',(1.,1.22464679914735E-16,0.));
#4851=DIRECTION('center_axis',(0.170847708285737,-0.985297447765654,0.));
#4852=DIRECTION('ref_axis',(0.,0.,-1.));
#4853=DIRECTION('center_axis',(0.,0.,-1.));
#4854=DIRECTION('ref_axis',(1.,1.38777878078145E-17,0.));
#4855=DIRECTION('center_axis',(0.,0.,1.));
#4856=DIRECTION('ref_axis',(1.,1.38777878078145E-17,0.));
#4857=DIRECTION('center_axis',(0.,0.,1.));
#4858=DIRECTION('ref_axis',(1.,0.,0.));
#4859=DIRECTION('center_axis',(0.951056516295154,0.309016994374947,0.));
#4860=DIRECTION('ref_axis',(0.,0.,-1.));
#4861=DIRECTION('center_axis',(0.,0.,-1.));
#4862=DIRECTION('ref_axis',(0.51625600135345,0.856434318010755,0.));
#4863=DIRECTION('center_axis',(0.,0.,1.));
#4864=DIRECTION('ref_axis',(0.51625600135345,0.856434318010755,0.));
#4865=DIRECTION('center_axis',(0.951056516295154,0.309016994374947,0.));
#4866=DIRECTION('ref_axis',(-0.218508012224411,0.672498511963958,-0.707106781186547));
#4867=DIRECTION('center_axis',(0.951056516295154,0.309016994374947,0.));
#4868=DIRECTION('ref_axis',(0.,0.,-1.));
#4869=DIRECTION('',(0.951056516295154,0.309016994374947,0.));
#4870=DIRECTION('',(-0.951056516295154,-0.309016994374947,0.));
#4871=DIRECTION('center_axis',(0.,0.,1.));
#4872=DIRECTION('ref_axis',(-0.817232065185428,0.576308729443481,0.));
#4873=DIRECTION('center_axis',(-0.028223987619752,0.999601623909665,0.));
#4874=DIRECTION('ref_axis',(0.,0.,-1.));
#4875=DIRECTION('center_axis',(0.,0.,-1.));
#4876=DIRECTION('ref_axis',(-0.817232065185428,0.576308729443481,0.));
#4877=DIRECTION('center_axis',(0.,0.,1.));
#4878=DIRECTION('ref_axis',(-0.817232065185428,0.576308729443481,0.));
#4879=DIRECTION('center_axis',(0.,0.,1.));
#4880=DIRECTION('ref_axis',(1.,0.,0.));
#4881=DIRECTION('center_axis',(0.,0.,-1.));
#4882=DIRECTION('ref_axis',(1.,8.67361737988404E-17,0.));
#4883=DIRECTION('center_axis',(-0.309016994374947,0.951056516295154,0.));
#4884=DIRECTION('ref_axis',(0.951056516295154,0.309016994374947,0.));
#4885=DIRECTION('',(0.,0.,1.));
#4886=DIRECTION('',(0.,0.,-1.));
#4887=DIRECTION('center_axis',(0.,0.,-1.));
#4888=DIRECTION('ref_axis',(-0.817232065185428,0.576308729443481,0.));
#4889=DIRECTION('center_axis',(0.,0.,-1.));
#4890=DIRECTION('ref_axis',(1.,0.,0.));
#4891=DIRECTION('center_axis',(0.,0.,1.));
#4892=DIRECTION('ref_axis',(1.,0.,0.));
#4893=DIRECTION('center_axis',(0.884278712876198,0.466959482133101,0.));
#4894=DIRECTION('ref_axis',(0.466959482133101,-0.884278712876198,0.));
#4895=DIRECTION('center_axis',(0.,0.,1.));
#4896=DIRECTION('ref_axis',(0.974049316789198,-0.226335875332426,0.));
#4897=DIRECTION('center_axis',(0.587785252292486,-0.809016994374938,0.));
#4898=DIRECTION('ref_axis',(0.,0.,-1.));
#4899=DIRECTION('center_axis',(0.,0.,-1.));
#4900=DIRECTION('ref_axis',(0.974049316789198,-0.226335875332426,0.));
#4901=DIRECTION('center_axis',(0.587785252292486,-0.809016994374938,0.));
#4902=DIRECTION('ref_axis',(0.572061402817679,0.415626937777464,-0.707106781186545));
#4903=DIRECTION('center_axis',(0.587785252292487,-0.809016994374937,0.));
#4904=DIRECTION('ref_axis',(0.,0.,-1.));
#4905=DIRECTION('',(0.587785252292486,-0.809016994374938,0.));
#4906=DIRECTION('',(-0.587785252292486,0.809016994374938,0.));
#4907=DIRECTION('center_axis',(0.,0.,1.));
#4908=DIRECTION('ref_axis',(1.,0.,0.));
#4909=DIRECTION('center_axis',(0.941955946294972,0.335736496734484,0.));
#4910=DIRECTION('ref_axis',(0.,0.,-1.));
#4911=DIRECTION('center_axis',(0.,0.,-1.));
#4912=DIRECTION('ref_axis',(0.295563576044562,0.95532307232462,0.));
#4913=DIRECTION('center_axis',(0.,0.,1.));
#4914=DIRECTION('ref_axis',(0.295563576044562,0.955323072324619,0.));
#4915=DIRECTION('center_axis',(0.,0.,1.));
#4916=DIRECTION('ref_axis',(1.,0.,0.));
#4917=DIRECTION('center_axis',(0.959399329942036,0.282051282051283,0.));
#4918=DIRECTION('ref_axis',(0.,0.,-1.));
#4919=DIRECTION('center_axis',(0.,0.,-1.));
#4920=DIRECTION('ref_axis',(0.309016994374949,-0.951056516295153,0.));
#4921=DIRECTION('center_axis',(0.,0.,1.));
#4922=DIRECTION('ref_axis',(1.,0.,0.));
#4923=DIRECTION('center_axis',(0.,1.,0.));
#4924=DIRECTION('ref_axis',(0.,0.,-1.));
#4925=DIRECTION('center_axis',(0.,0.,1.));
#4926=DIRECTION('ref_axis',(-0.800640769025435,0.599144689515278,0.));
#4927=DIRECTION('center_axis',(1.74912996163596E-16,1.,0.));
#4928=DIRECTION('ref_axis',(-0.707106781186549,0.,-0.707106781186546));
#4929=DIRECTION('center_axis',(0.,1.,0.));
#4930=DIRECTION('ref_axis',(0.,0.,-1.));
#4931=DIRECTION('',(-1.74912996163596E-16,-1.,0.));
#4932=DIRECTION('center_axis',(0.,0.,1.));
#4933=DIRECTION('ref_axis',(1.,0.,0.));
#4934=DIRECTION('center_axis',(-0.989868403496815,-0.141987829614604,0.));
#4935=DIRECTION('ref_axis',(0.,0.,-1.));
#4936=DIRECTION('center_axis',(0.,0.,1.));
#4937=DIRECTION('ref_axis',(-0.654985561056653,-0.755641392994919,0.));
#4938=DIRECTION('center_axis',(0.,0.,-1.));
#4939=DIRECTION('ref_axis',(-1.,0.,0.));
#4940=DIRECTION('center_axis',(0.,0.,1.));
#4941=DIRECTION('ref_axis',(0.30901699437495,-0.951056516295153,0.));
#4942=DIRECTION('center_axis',(0.,0.,-1.));
#4943=DIRECTION('ref_axis',(0.30901699437495,-0.951056516295153,0.));
#4944=DIRECTION('center_axis',(0.,0.,-1.));
#4945=DIRECTION('ref_axis',(1.,0.,0.));
#4946=DIRECTION('',(0.,0.,-1.));
#4947=DIRECTION('center_axis',(0.,0.,-1.));
#4948=DIRECTION('ref_axis',(0.974049316789199,-0.226335875332426,0.));
#4949=DIRECTION('',(0.,0.,1.));
#4950=DIRECTION('center_axis',(0.,0.,-1.));
#4951=DIRECTION('ref_axis',(1.,0.,0.));
#4952=DIRECTION('center_axis',(0.,0.,1.));
#4953=DIRECTION('ref_axis',(1.,0.,0.));
#4954=DIRECTION('center_axis',(0.941955946294974,-0.335736496734479,0.));
#4955=DIRECTION('ref_axis',(0.,0.,-1.));
#4956=DIRECTION('center_axis',(-0.959399329942037,0.282051282051281,0.));
#4957=DIRECTION('ref_axis',(0.282051282051281,0.959399329942037,0.));
#4958=DIRECTION('center_axis',(0.,0.,-1.));
#4959=DIRECTION('ref_axis',(-0.309016994374947,-0.951056516295154,0.));
#4960=DIRECTION('center_axis',(0.,0.,1.));
#4961=DIRECTION('ref_axis',(1.,0.,0.));
#4962=DIRECTION('center_axis',(-4.44089209850061E-15,1.,0.));
#4963=DIRECTION('ref_axis',(1.,4.44089209850061E-15,0.));
#4964=DIRECTION('center_axis',(0.,0.,1.));
#4965=DIRECTION('ref_axis',(0.800640769025435,0.59914468951528,0.));
#4966=DIRECTION('center_axis',(0.,0.,-1.));
#4967=DIRECTION('ref_axis',(0.800640769025435,0.59914468951528,0.));
#4968=DIRECTION('center_axis',(3.81512705631469E-15,-1.,0.));
#4969=DIRECTION('ref_axis',(0.707106781186549,6.28036983473511E-15,-0.707106781186546));
#4970=DIRECTION('center_axis',(-8.88178419700125E-15,1.,0.));
#4971=DIRECTION('ref_axis',(1.,8.88178419700125E-15,0.));
#4972=DIRECTION('',(-3.81512705631469E-15,1.,0.));
#4973=DIRECTION('',(3.81512705631469E-15,-1.,0.));
#4974=DIRECTION('center_axis',(0.,0.,1.));
#4975=DIRECTION('ref_axis',(1.,0.,0.));
#4976=DIRECTION('center_axis',(0.989868403496816,-0.141987829614602,0.));
#4977=DIRECTION('ref_axis',(-0.141987829614602,-0.989868403496816,0.));
#4978=DIRECTION('center_axis',(0.,0.,1.));
#4979=DIRECTION('ref_axis',(0.654985561056655,-0.755641392994917,0.));
#4980=DIRECTION('center_axis',(0.,0.,-1.));
#4981=DIRECTION('ref_axis',(0.654985561056655,-0.755641392994917,0.));
#4982=DIRECTION('center_axis',(0.,0.,-1.));
#4983=DIRECTION('ref_axis',(-1.,0.,0.));
#4984=DIRECTION('center_axis',(0.884278712876206,-0.466959482133087,0.));
#4985=DIRECTION('ref_axis',(-0.466959482133087,-0.884278712876206,0.));
#4986=DIRECTION('center_axis',(0.,0.,1.));
#4987=DIRECTION('ref_axis',(-0.309016994374947,-0.951056516295154,0.));
#4988=DIRECTION('center_axis',(0.,0.,-1.));
#4989=DIRECTION('ref_axis',(-0.309016994374947,-0.951056516295154,0.));
#4990=DIRECTION('center_axis',(0.,0.,1.));
#4991=DIRECTION('ref_axis',(-0.974049316789196,-0.226335875332437,0.));
#4992=DIRECTION('center_axis',(-0.587785252292474,-0.809016994374947,0.));
#4993=DIRECTION('ref_axis',(-0.809016994374947,0.587785252292474,0.));
#4994=DIRECTION('center_axis',(0.,0.,1.));
#4995=DIRECTION('ref_axis',(-0.974049316789196,-0.226335875332437,0.));
#4996=DIRECTION('center_axis',(0.587785252292473,0.809016994374947,0.));
#4997=DIRECTION('ref_axis',(-0.572061402817685,0.415626937777453,-0.707106781186548));
#4998=DIRECTION('center_axis',(-0.587785252292474,-0.809016994374947,0.));
#4999=DIRECTION('ref_axis',(-0.809016994374947,0.587785252292474,0.));
#5000=DIRECTION('',(-0.587785252292473,-0.809016994374947,0.));
#5001=DIRECTION('center_axis',(0.,0.,1.));
#5002=DIRECTION('ref_axis',(1.,0.,0.));
#5003=DIRECTION('center_axis',(0.,0.,1.));
#5004=DIRECTION('ref_axis',(-0.295563576044572,0.955323072324617,0.));
#5005=DIRECTION('center_axis',(0.,0.,-1.));
#5006=DIRECTION('ref_axis',(0.654985561056655,-0.755641392994917,0.));
#5007=DIRECTION('',(0.,0.,-1.));
#5008=DIRECTION('',(0.,0.,1.));
#5009=DIRECTION('center_axis',(1.,3.81512705631469E-15,0.));
#5010=DIRECTION('ref_axis',(3.81512705631469E-15,-1.,0.));
#5011=DIRECTION('',(0.,0.,-1.));
#5012=DIRECTION('center_axis',(0.,0.,-1.));
#5013=DIRECTION('ref_axis',(0.800640769025435,0.59914468951528,0.));
#5014=DIRECTION('center_axis',(0.,0.,-1.));
#5015=DIRECTION('ref_axis',(1.,0.,0.));
#5016=DIRECTION('center_axis',(0.,0.,1.));
#5017=DIRECTION('ref_axis',(1.,0.,0.));
#5018=DIRECTION('center_axis',(0.0282239876197529,0.999601623909665,0.));
#5019=DIRECTION('ref_axis',(0.999601623909665,-0.0282239876197529,0.));
#5020=DIRECTION('center_axis',(0.,0.,1.));
#5021=DIRECTION('ref_axis',(0.817232065185428,0.576308729443481,0.));
#5022=DIRECTION('center_axis',(0.951056516295154,-0.309016994374947,0.));
#5023=DIRECTION('ref_axis',(0.,0.,-1.));
#5024=DIRECTION('center_axis',(0.951056516295154,-0.309016994374948,0.));
#5025=DIRECTION('ref_axis',(0.21850801222441,0.672498511963961,-0.707106781186545));
#5026=DIRECTION('center_axis',(0.951056516295154,-0.309016994374946,0.));
#5027=DIRECTION('ref_axis',(0.,0.,-1.));
#5028=DIRECTION('',(0.951056516295154,-0.309016994374948,0.));
#5029=DIRECTION('',(-0.951056516295154,0.309016994374948,0.));
#5030=DIRECTION('center_axis',(0.,0.,1.));
#5031=DIRECTION('ref_axis',(1.,0.,0.));
#5032=DIRECTION('center_axis',(0.17084770828574,0.985297447765654,0.));
#5033=DIRECTION('ref_axis',(0.,0.,-1.));
#5034=DIRECTION('center_axis',(0.,0.,-1.));
#5035=DIRECTION('ref_axis',(-0.51625600135345,0.856434318010755,0.));
#5036=DIRECTION('center_axis',(0.,0.,1.));
#5037=DIRECTION('ref_axis',(-0.51625600135345,0.856434318010755,0.));
#5038=DIRECTION('center_axis',(0.,0.,-1.));
#5039=DIRECTION('ref_axis',(-1.,0.,0.));
#5040=DIRECTION('center_axis',(-0.170847708285741,0.985297447765653,0.));
#5041=DIRECTION('ref_axis',(0.,0.,-1.));
#5042=DIRECTION('center_axis',(0.,0.,-1.));
#5043=DIRECTION('ref_axis',(-1.,-1.22464679914735E-16,0.));
#5044=DIRECTION('center_axis',(0.,0.,1.));
#5045=DIRECTION('ref_axis',(-1.,-1.22464679914735E-16,0.));
#5046=DIRECTION('center_axis',(0.,0.,1.));
#5047=DIRECTION('ref_axis',(1.,0.,0.));
#5048=DIRECTION('center_axis',(-0.951056516295152,-0.309016994374952,0.));
#5049=DIRECTION('ref_axis',(0.,0.,-1.));
#5050=DIRECTION('center_axis',(0.,0.,-1.));
#5051=DIRECTION('ref_axis',(-0.51625600135345,-0.856434318010755,0.));
#5052=DIRECTION('center_axis',(0.,0.,1.));
#5053=DIRECTION('ref_axis',(-0.51625600135345,-0.856434318010755,0.));
#5054=DIRECTION('center_axis',(-0.951056516295153,-0.309016994374949,0.));
#5055=DIRECTION('ref_axis',(0.218508012224411,-0.672498511963958,-0.707106781186547));
#5056=DIRECTION('center_axis',(-0.951056516295154,-0.309016994374947,0.));
#5057=DIRECTION('ref_axis',(0.,0.,-1.));
#5058=DIRECTION('',(0.951056516295153,0.309016994374949,0.));
#5059=DIRECTION('center_axis',(0.,0.,1.));
#5060=DIRECTION('ref_axis',(1.,0.,0.));
#5061=DIRECTION('center_axis',(0.0282239876197513,-0.999601623909665,0.));
#5062=DIRECTION('ref_axis',(0.,0.,-1.));
#5063=DIRECTION('center_axis',(0.,0.,1.));
#5064=DIRECTION('ref_axis',(0.817232065185429,-0.576308729443481,0.));
#5065=DIRECTION('center_axis',(0.,0.,1.));
#5066=DIRECTION('ref_axis',(-1.,-1.22464679914735E-16,0.));
#5067=DIRECTION('center_axis',(0.,0.,-1.));
#5068=DIRECTION('ref_axis',(-1.,-1.22464679914735E-16,0.));
#5069=DIRECTION('center_axis',(0.,0.,-1.));
#5070=DIRECTION('ref_axis',(1.,0.,0.));
#5071=DIRECTION('center_axis',(0.,0.,1.));
#5072=DIRECTION('ref_axis',(1.,0.,0.));
#5073=DIRECTION('center_axis',(0.,1.,0.));
#5074=DIRECTION('ref_axis',(1.,0.,0.));
#5075=DIRECTION('center_axis',(0.,0.,1.));
#5076=DIRECTION('ref_axis',(0.654985561056653,0.755641392994919,0.));
#5077=DIRECTION('center_axis',(0.989868403496815,0.141987829614604,0.));
#5078=DIRECTION('ref_axis',(0.,0.,-1.));
#5079=DIRECTION('center_axis',(0.,0.,-1.));
#5080=DIRECTION('ref_axis',(-1.,0.,0.));
#5081=DIRECTION('center_axis',(0.884278712876206,0.466959482133087,0.));
#5082=DIRECTION('ref_axis',(0.,0.,-1.));
#5083=DIRECTION('center_axis',(0.,0.,-1.));
#5084=DIRECTION('ref_axis',(-0.309016994374945,0.951056516295154,0.));
#5085=DIRECTION('center_axis',(0.,0.,1.));
#5086=DIRECTION('ref_axis',(-0.309016994374945,0.951056516295154,0.));
#5087=DIRECTION('center_axis',(0.,0.,1.));
#5088=DIRECTION('ref_axis',(-0.974049316789194,0.226335875332445,0.));
#5089=DIRECTION('center_axis',(-0.587785252292464,0.809016994374954,0.));
#5090=DIRECTION('ref_axis',(0.,0.,-1.));
#5091=DIRECTION('center_axis',(0.,0.,-1.));
#5092=DIRECTION('ref_axis',(-0.974049316789194,0.226335875332446,0.));
#5093=DIRECTION('center_axis',(0.,0.,1.));
#5094=DIRECTION('ref_axis',(-0.974049316789194,0.226335875332446,0.));
#5095=DIRECTION('center_axis',(-0.587785252292461,0.809016994374956,0.));
#5096=DIRECTION('ref_axis',(-0.57206140281769,-0.415626937777446,-0.707106781186547));
#5097=DIRECTION('center_axis',(-0.587785252292462,0.809016994374955,0.));
#5098=DIRECTION('ref_axis',(0.,0.,-1.));
#5099=DIRECTION('',(-0.587785252292461,0.809016994374956,0.));
#5100=DIRECTION('',(0.587785252292461,-0.809016994374956,0.));
#5101=DIRECTION('center_axis',(0.,0.,1.));
#5102=DIRECTION('ref_axis',(1.,0.,0.));
#5103=DIRECTION('center_axis',(-0.941955946294974,-0.335736496734478,0.));
#5104=DIRECTION('ref_axis',(0.,0.,-1.));
#5105=DIRECTION('center_axis',(0.,0.,-1.));
#5106=DIRECTION('ref_axis',(-0.295563576044579,-0.955323072324614,0.));
#5107=DIRECTION('center_axis',(0.,0.,1.));
#5108=DIRECTION('ref_axis',(-0.295563576044579,-0.955323072324614,0.));
#5109=DIRECTION('center_axis',(0.,0.,1.));
#5110=DIRECTION('ref_axis',(1.,0.,0.));
#5111=DIRECTION('center_axis',(-0.959399329942036,-0.282051282051282,0.));
#5112=DIRECTION('ref_axis',(0.,0.,-1.));
#5113=DIRECTION('center_axis',(0.,0.,-1.));
#5114=DIRECTION('ref_axis',(-0.309016994374946,0.951056516295154,0.));
#5115=DIRECTION('center_axis',(0.,0.,1.));
#5116=DIRECTION('ref_axis',(1.,0.,0.));
#5117=DIRECTION('center_axis',(0.,-1.,0.));
#5118=DIRECTION('ref_axis',(0.,0.,-1.));
#5119=DIRECTION('center_axis',(0.,0.,1.));
#5120=DIRECTION('ref_axis',(0.800640769025435,-0.599144689515278,0.));
#5121=DIRECTION('center_axis',(-4.99751417610276E-17,-1.,0.));
#5122=DIRECTION('ref_axis',(0.707106781186549,0.,-0.707106781186546));
#5123=DIRECTION('',(4.99751417610276E-17,1.,0.));
#5124=DIRECTION('center_axis',(0.,0.,-1.));
#5125=DIRECTION('ref_axis',(1.,0.,0.));
#5126=DIRECTION('center_axis',(0.,0.,1.));
#5127=DIRECTION('ref_axis',(1.,0.,0.));
#5128=DIRECTION('center_axis',(0.587785252292476,0.809016994374945,0.));
#5129=DIRECTION('ref_axis',(0.809016994374945,-0.587785252292476,0.));
#5130=DIRECTION('center_axis',(0.,0.,1.));
#5131=DIRECTION('ref_axis',(0.974049316789196,0.226335875332435,0.));
#5132=DIRECTION('center_axis',(0.884278712876202,-0.466959482133094,0.));
#5133=DIRECTION('ref_axis',(0.,0.,-1.));
#5134=DIRECTION('center_axis',(0.,0.,-1.));
#5135=DIRECTION('ref_axis',(-1.,0.,0.));
#5136=DIRECTION('center_axis',(0.989868403496816,-0.141987829614602,0.));
#5137=DIRECTION('ref_axis',(0.,0.,-1.));
#5138=DIRECTION('center_axis',(0.,0.,-1.));
#5139=DIRECTION('ref_axis',(0.309016994374947,0.951056516295154,0.));
#5140=DIRECTION('center_axis',(0.,0.,1.));
#5141=DIRECTION('ref_axis',(0.309016994374947,0.951056516295154,0.));
#5142=DIRECTION('center_axis',(0.,0.,1.));
#5143=DIRECTION('ref_axis',(1.,0.,0.));
#5144=DIRECTION('center_axis',(0.,1.,0.));
#5145=DIRECTION('ref_axis',(0.,0.,-1.));
#5146=DIRECTION('center_axis',(0.,0.,-1.));
#5147=DIRECTION('ref_axis',(-0.654985561056655,0.755641392994917,0.));
#5148=DIRECTION('center_axis',(0.,0.,1.));
#5149=DIRECTION('ref_axis',(-0.654985561056655,0.755641392994917,0.));
#5150=DIRECTION('center_axis',(-3.81512705631469E-15,1.,0.));
#5151=DIRECTION('ref_axis',(-0.707106781186548,0.,-0.707106781186547));
#5152=DIRECTION('center_axis',(-4.44089209850063E-15,1.,0.));
#5153=DIRECTION('ref_axis',(0.,0.,-1.));
#5154=DIRECTION('',(-3.81512705631469E-15,1.,0.));
#5155=DIRECTION('',(3.81512705631469E-15,-1.,0.));
#5156=DIRECTION('center_axis',(0.,0.,1.));
#5157=DIRECTION('ref_axis',(1.,0.,0.));
#5158=DIRECTION('center_axis',(-0.959399329942036,0.282051282051283,0.));
#5159=DIRECTION('ref_axis',(0.,0.,-1.));
#5160=DIRECTION('center_axis',(0.,0.,-1.));
#5161=DIRECTION('ref_axis',(-0.800640769025435,-0.59914468951528,0.));
#5162=DIRECTION('center_axis',(0.,0.,1.));
#5163=DIRECTION('ref_axis',(-0.800640769025435,-0.59914468951528,0.));
#5164=DIRECTION('center_axis',(0.,0.,1.));
#5165=DIRECTION('ref_axis',(1.,0.,0.));
#5166=DIRECTION('center_axis',(-0.941955946294973,0.33573649673448,0.));
#5167=DIRECTION('ref_axis',(0.,0.,-1.));
#5168=DIRECTION('center_axis',(0.,0.,-1.));
#5169=DIRECTION('ref_axis',(0.309016994374947,0.951056516295154,0.));
#5170=DIRECTION('center_axis',(0.,0.,1.));
#5171=DIRECTION('ref_axis',(1.,0.,0.));
#5172=DIRECTION('center_axis',(-0.587785252292475,-0.809016994374946,0.));
#5173=DIRECTION('ref_axis',(0.,0.,-1.));
#5174=DIRECTION('center_axis',(0.,0.,1.));
#5175=DIRECTION('ref_axis',(0.295563576044571,-0.955323072324617,0.));
#5176=DIRECTION('center_axis',(-0.587785252292473,-0.809016994374947,0.));
#5177=DIRECTION('ref_axis',(0.572061402817685,-0.415626937777453,-0.707106781186548));
#5178=DIRECTION('',(0.587785252292473,0.809016994374947,0.));
#5179=DIRECTION('center_axis',(0.,0.,-1.));
#5180=DIRECTION('ref_axis',(1.,0.,0.));
#5181=DIRECTION('center_axis',(0.,0.,-1.));
#5182=DIRECTION('ref_axis',(0.295563576044562,0.95532307232462,0.));
#5183=DIRECTION('',(0.,0.,-1.));
#5184=DIRECTION('center_axis',(0.809016994374938,0.587785252292486,0.));
#5185=DIRECTION('ref_axis',(0.587785252292486,-0.809016994374938,0.));
#5186=DIRECTION('center_axis',(0.309016994374948,0.951056516295154,0.));
#5187=DIRECTION('ref_axis',(0.951056516295154,-0.309016994374948,0.));
#5188=DIRECTION('',(0.,0.,-1.));
#5189=DIRECTION('center_axis',(0.,0.,-1.));
#5190=DIRECTION('ref_axis',(-0.295563576044579,-0.955323072324614,0.));
#5191=DIRECTION('',(0.,0.,-1.));
#5192=DIRECTION('center_axis',(0.,0.,-1.));
#5193=DIRECTION('ref_axis',(-0.516256001353447,-0.856434318010757,0.));
#5194=DIRECTION('',(0.,0.,-1.));
#5195=DIRECTION('center_axis',(0.,0.,-1.));
#5196=DIRECTION('ref_axis',(-0.51625600135345,0.856434318010755,0.));
#5197=DIRECTION('',(0.,0.,1.));
#5198=DIRECTION('center_axis',(0.,0.,-1.));
#5199=DIRECTION('ref_axis',(1.,0.,0.));
#5200=DIRECTION('center_axis',(0.,0.,-1.));
#5201=DIRECTION('ref_axis',(1.,0.,0.));
#5202=DIRECTION('',(0.,0.,-1.));
#5203=DIRECTION('center_axis',(0.,0.,-1.));
#5204=DIRECTION('ref_axis',(0.51625600135345,0.856434318010755,0.));
#5205=DIRECTION('center_axis',(0.,0.,-1.));
#5206=DIRECTION('ref_axis',(-0.974049316789194,0.226335875332447,0.));
#5207=DIRECTION('',(0.,0.,-1.));
#5208=DIRECTION('',(0.,0.,1.));
#5209=DIRECTION('center_axis',(-0.809016994374956,-0.587785252292461,0.));
#5210=DIRECTION('ref_axis',(-0.587785252292461,0.809016994374956,0.));
#5211=DIRECTION('center_axis',(0.,0.,1.));
#5212=DIRECTION('ref_axis',(1.,0.,0.));
#5213=DIRECTION('',(0.,0.,1.));
#5214=DIRECTION('center_axis',(0.,0.,1.));
#5215=DIRECTION('ref_axis',(1.,0.,0.));
#5216=DIRECTION('center_axis',(0.,0.,1.));
#5217=DIRECTION('ref_axis',(1.,0.,0.));
#5218=DIRECTION('',(0.,0.,1.));
#5219=DIRECTION('center_axis',(0.,0.,1.));
#5220=DIRECTION('ref_axis',(1.,0.,0.));
#5221=DIRECTION('center_axis',(0.,0.,1.));
#5222=DIRECTION('ref_axis',(1.,0.,0.));
#5223=DIRECTION('',(0.,0.,1.));
#5224=DIRECTION('center_axis',(0.,0.,1.));
#5225=DIRECTION('ref_axis',(1.,0.,0.));
#5226=DIRECTION('center_axis',(0.,0.,1.));
#5227=DIRECTION('ref_axis',(1.,0.,0.));
#5228=DIRECTION('',(0.,0.,1.));
#5229=DIRECTION('center_axis',(0.,0.,1.));
#5230=DIRECTION('ref_axis',(1.,0.,0.));
#5231=DIRECTION('center_axis',(0.,0.,-1.));
#5232=DIRECTION('ref_axis',(-0.800640769025435,-0.59914468951528,0.));
#5233=DIRECTION('',(0.,0.,-1.));
#5234=DIRECTION('center_axis',(-1.,-3.81512705631469E-15,0.));
#5235=DIRECTION('ref_axis',(-3.81512705631469E-15,1.,0.));
#5236=DIRECTION('',(0.,0.,1.));
#5237=DIRECTION('center_axis',(0.,0.,-1.));
#5238=DIRECTION('ref_axis',(-0.654985561056655,0.755641392994917,0.));
#5239=DIRECTION('',(0.,0.,-1.));
#5240=DIRECTION('center_axis',(0.,0.,-1.));
#5241=DIRECTION('ref_axis',(1.,0.,0.));
#5242=DIRECTION('center_axis',(-0.00573353500704405,-0.999983563153077,
0.));
#5243=DIRECTION('ref_axis',(0.999983563153077,-0.00573353500704405,0.));
#5244=DIRECTION('',(0.999983563153077,-0.00573353500704405,0.));
#5245=DIRECTION('',(0.,0.,1.));
#5246=DIRECTION('',(0.999983563153076,-0.00573353500704405,0.));
#5247=DIRECTION('',(0.,0.,1.));
#5248=DIRECTION('center_axis',(-0.868877936560968,-0.495026394606949,0.));
#5249=DIRECTION('ref_axis',(0.495026394606949,-0.868877936560968,0.));
#5250=DIRECTION('',(0.495026394606949,-0.868877936560968,0.));
#5251=DIRECTION('',(0.,0.,-1.));
#5252=DIRECTION('',(0.495026394606949,-0.868877936560968,0.));
#5253=DIRECTION('center_axis',(-0.863144401553922,0.504957168546127,0.));
#5254=DIRECTION('ref_axis',(-0.504957168546127,-0.863144401553922,0.));
#5255=DIRECTION('',(-0.504957168546127,-0.863144401553922,0.));
#5256=DIRECTION('',(0.,0.,1.));
#5257=DIRECTION('',(-0.504957168546127,-0.863144401553922,0.));
#5258=DIRECTION('',(0.,0.,1.));
#5259=DIRECTION('center_axis',(0.00573353500704404,0.999983563153077,0.));
#5260=DIRECTION('ref_axis',(-0.999983563153077,0.00573353500704404,0.));
#5261=DIRECTION('',(-0.999983563153077,0.00573353500704404,0.));
#5262=DIRECTION('',(0.,0.,1.));
#5263=DIRECTION('',(-0.999983563153077,0.00573353500704404,0.));
#5264=DIRECTION('center_axis',(0.868877936560968,0.495026394606949,0.));
#5265=DIRECTION('ref_axis',(-0.495026394606949,0.868877936560968,0.));
#5266=DIRECTION('',(-0.495026394606949,0.868877936560968,0.));
#5267=DIRECTION('',(0.,0.,1.));
#5268=DIRECTION('',(-0.495026394606949,0.868877936560968,0.));
#5269=DIRECTION('center_axis',(0.863144401553921,-0.504957168546129,0.));
#5270=DIRECTION('ref_axis',(0.504957168546129,0.863144401553921,0.));
#5271=DIRECTION('',(0.504957168546129,0.863144401553921,0.));
#5272=DIRECTION('',(0.504957168546129,0.863144401553921,0.));
#5273=DIRECTION('center_axis',(0.,0.,-1.));
#5274=DIRECTION('ref_axis',(1.,0.,0.));
#5275=DIRECTION('center_axis',(0.,0.,1.));
#5276=DIRECTION('ref_axis',(1.,0.,0.));
#5277=DIRECTION('center_axis',(0.,0.,1.));
#5278=DIRECTION('ref_axis',(1.,0.,0.));
#5279=DIRECTION('center_axis',(0.,0.,-1.));
#5280=DIRECTION('ref_axis',(-1.,0.,0.));
#5281=DIRECTION('center_axis',(0.999983563153077,-0.00573353500704423,0.));
#5282=DIRECTION('ref_axis',(0.00573353500704423,0.999983563153077,0.));
#5283=DIRECTION('',(0.00573353500704423,0.999983563153077,0.));
#5284=DIRECTION('',(0.,0.,1.));
#5285=DIRECTION('',(0.00573353500704423,0.999983563153076,0.));
#5286=DIRECTION('',(0.,0.,1.));
#5287=DIRECTION('center_axis',(0.495026394606949,-0.868877936560968,0.));
#5288=DIRECTION('ref_axis',(0.868877936560968,0.495026394606949,0.));
#5289=DIRECTION('',(0.868877936560968,0.495026394606949,0.));
#5290=DIRECTION('',(0.,0.,-1.));
#5291=DIRECTION('',(0.868877936560968,0.495026394606949,0.));
#5292=DIRECTION('center_axis',(-0.504957168546127,-0.863144401553922,0.));
#5293=DIRECTION('ref_axis',(0.863144401553922,-0.504957168546127,0.));
#5294=DIRECTION('',(0.863144401553922,-0.504957168546127,0.));
#5295=DIRECTION('',(0.,0.,1.));
#5296=DIRECTION('',(0.863144401553922,-0.504957168546127,0.));
#5297=DIRECTION('',(0.,0.,1.));
#5298=DIRECTION('center_axis',(-0.999983563153077,0.00573353500704422,0.));
#5299=DIRECTION('ref_axis',(-0.00573353500704422,-0.999983563153077,0.));
#5300=DIRECTION('',(-0.00573353500704422,-0.999983563153077,0.));
#5301=DIRECTION('',(0.,0.,1.));
#5302=DIRECTION('',(-0.00573353500704422,-0.999983563153077,0.));
#5303=DIRECTION('center_axis',(-0.495026394606949,0.868877936560968,0.));
#5304=DIRECTION('ref_axis',(-0.868877936560968,-0.495026394606949,0.));
#5305=DIRECTION('',(-0.868877936560968,-0.495026394606949,0.));
#5306=DIRECTION('',(0.,0.,1.));
#5307=DIRECTION('',(-0.868877936560968,-0.495026394606949,0.));
#5308=DIRECTION('center_axis',(0.504957168546129,0.863144401553921,0.));
#5309=DIRECTION('ref_axis',(-0.863144401553921,0.504957168546129,0.));
#5310=DIRECTION('',(-0.863144401553921,0.504957168546129,0.));
#5311=DIRECTION('',(-0.863144401553921,0.504957168546129,0.));
#5312=DIRECTION('center_axis',(0.,0.,-1.));
#5313=DIRECTION('ref_axis',(1.,0.,0.));
#5314=DIRECTION('center_axis',(0.,0.,1.));
#5315=DIRECTION('ref_axis',(1.,0.,0.));
#5316=DIRECTION('center_axis',(0.,0.,-1.));
#5317=DIRECTION('ref_axis',(-1.,0.,0.));
#5318=DIRECTION('center_axis',(0.504957168546127,0.863144401553922,0.));
#5319=DIRECTION('ref_axis',(-0.863144401553922,0.504957168546127,0.));
#5320=DIRECTION('',(-0.863144401553922,0.504957168546127,0.));
#5321=DIRECTION('',(0.,0.,1.));
#5322=DIRECTION('',(-0.863144401553922,0.504957168546127,0.));
#5323=DIRECTION('',(0.,0.,1.));
#5324=DIRECTION('center_axis',(0.999983563153077,-0.00573353500704422,0.));
#5325=DIRECTION('ref_axis',(0.00573353500704422,0.999983563153077,0.));
#5326=DIRECTION('',(0.00573353500704422,0.999983563153077,0.));
#5327=DIRECTION('',(0.,0.,1.));
#5328=DIRECTION('',(0.00573353500704422,0.999983563153077,0.));
#5329=DIRECTION('center_axis',(0.495026394606949,-0.868877936560968,0.));
#5330=DIRECTION('ref_axis',(0.868877936560968,0.495026394606949,0.));
#5331=DIRECTION('',(0.868877936560968,0.495026394606949,0.));
#5332=DIRECTION('',(0.,0.,1.));
#5333=DIRECTION('',(0.868877936560968,0.495026394606949,0.));
#5334=DIRECTION('center_axis',(-0.504957168546129,-0.863144401553921,0.));
#5335=DIRECTION('ref_axis',(0.863144401553921,-0.504957168546129,0.));
#5336=DIRECTION('',(0.863144401553921,-0.504957168546129,0.));
#5337=DIRECTION('',(0.,0.,1.));
#5338=DIRECTION('',(0.863144401553921,-0.504957168546129,0.));
#5339=DIRECTION('center_axis',(-0.999983563153077,0.00573353500704423,0.));
#5340=DIRECTION('ref_axis',(-0.00573353500704423,-0.999983563153077,0.));
#5341=DIRECTION('',(-0.00573353500704423,-0.999983563153077,0.));
#5342=DIRECTION('',(0.,0.,1.));
#5343=DIRECTION('',(-0.00573353500704423,-0.999983563153076,0.));
#5344=DIRECTION('center_axis',(-0.495026394606949,0.868877936560968,0.));
#5345=DIRECTION('ref_axis',(-0.868877936560968,-0.495026394606949,0.));
#5346=DIRECTION('',(-0.868877936560968,-0.495026394606949,0.));
#5347=DIRECTION('',(0.,0.,-1.));
#5348=DIRECTION('',(-0.868877936560968,-0.495026394606949,0.));
#5349=DIRECTION('center_axis',(0.,0.,-1.));
#5350=DIRECTION('ref_axis',(1.,0.,0.));
#5351=DIRECTION('center_axis',(0.,0.,1.));
#5352=DIRECTION('ref_axis',(1.,0.,0.));
#5353=DIRECTION('center_axis',(0.,0.,-1.));
#5354=DIRECTION('ref_axis',(-1.,0.,0.));
#5355=DIRECTION('center_axis',(0.00573353500704441,0.999983563153077,0.));
#5356=DIRECTION('ref_axis',(-0.999983563153077,0.00573353500704441,0.));
#5357=DIRECTION('',(-0.999983563153077,0.00573353500704441,0.));
#5358=DIRECTION('',(0.,0.,1.));
#5359=DIRECTION('',(-0.999983563153076,0.00573353500704441,0.));
#5360=DIRECTION('',(0.,0.,1.));
#5361=DIRECTION('center_axis',(0.868877936560968,0.495026394606949,0.));
#5362=DIRECTION('ref_axis',(-0.495026394606949,0.868877936560968,0.));
#5363=DIRECTION('',(-0.495026394606949,0.868877936560968,0.));
#5364=DIRECTION('',(0.,0.,-1.));
#5365=DIRECTION('',(-0.495026394606949,0.868877936560968,0.));
#5366=DIRECTION('center_axis',(0.863144401553922,-0.504957168546127,0.));
#5367=DIRECTION('ref_axis',(0.504957168546127,0.863144401553922,0.));
#5368=DIRECTION('',(0.504957168546127,0.863144401553922,0.));
#5369=DIRECTION('',(0.,0.,1.));
#5370=DIRECTION('',(0.504957168546127,0.863144401553922,0.));
#5371=DIRECTION('',(0.,0.,1.));
#5372=DIRECTION('center_axis',(-0.00573353500704439,-0.999983563153077,
0.));
#5373=DIRECTION('ref_axis',(0.999983563153077,-0.00573353500704439,0.));
#5374=DIRECTION('',(0.999983563153077,-0.00573353500704439,0.));
#5375=DIRECTION('',(0.,0.,1.));
#5376=DIRECTION('',(0.999983563153077,-0.00573353500704439,0.));
#5377=DIRECTION('center_axis',(-0.868877936560967,-0.49502639460695,0.));
#5378=DIRECTION('ref_axis',(0.49502639460695,-0.868877936560967,0.));
#5379=DIRECTION('',(0.49502639460695,-0.868877936560967,0.));
#5380=DIRECTION('',(0.,0.,1.));
#5381=DIRECTION('',(0.49502639460695,-0.868877936560967,0.));
#5382=DIRECTION('center_axis',(-0.86314440155392,0.50495716854613,0.));
#5383=DIRECTION('ref_axis',(-0.50495716854613,-0.86314440155392,0.));
#5384=DIRECTION('',(-0.50495716854613,-0.86314440155392,0.));
#5385=DIRECTION('',(-0.50495716854613,-0.86314440155392,0.));
#5386=DIRECTION('center_axis',(0.,0.,-1.));
#5387=DIRECTION('ref_axis',(1.,0.,0.));
#5388=DIRECTION('center_axis',(0.,0.,1.));
#5389=DIRECTION('ref_axis',(1.,0.,0.));
#5390=DIRECTION('center_axis',(0.,0.,-1.));
#5391=DIRECTION('ref_axis',(-1.,0.,0.));
#5392=DIRECTION('center_axis',(0.,0.,-1.));
#5393=DIRECTION('ref_axis',(1.,0.,0.));
#5394=DIRECTION('center_axis',(0.,0.,1.));
#5395=DIRECTION('ref_axis',(1.,0.,0.));
#5396=DIRECTION('center_axis',(0.,0.,1.));
#5397=DIRECTION('ref_axis',(1.,0.,0.));
#5398=DIRECTION('center_axis',(0.,0.,1.));
#5399=DIRECTION('ref_axis',(1.,0.,0.));
#5400=DIRECTION('center_axis',(0.,0.,1.));
#5401=DIRECTION('ref_axis',(1.,0.,0.));
#5402=DIRECTION('center_axis',(0.,0.,1.));
#5403=DIRECTION('ref_axis',(-1.,0.,0.));
#5404=DIRECTION('center_axis',(0.,0.,1.));
#5405=DIRECTION('ref_axis',(-1.,0.,0.));
#5406=DIRECTION('center_axis',(0.,0.,1.));
#5407=DIRECTION('ref_axis',(-1.,0.,0.));
#5408=DIRECTION('center_axis',(0.,0.,1.));
#5409=DIRECTION('ref_axis',(-1.,0.,0.));
#5410=DIRECTION('center_axis',(0.,0.,-1.));
#5411=DIRECTION('ref_axis',(1.,0.,0.));
#5412=DIRECTION('center_axis',(0.,0.,-1.));
#5413=DIRECTION('ref_axis',(-1.,0.,0.));
#5414=DIRECTION('center_axis',(0.,0.,-1.));
#5415=DIRECTION('ref_axis',(-1.,0.,0.));
#5416=DIRECTION('',(0.,0.,-1.));
#5417=DIRECTION('center_axis',(0.,0.,-1.));
#5418=DIRECTION('ref_axis',(-1.,0.,0.));
#5419=DIRECTION('center_axis',(0.,0.,-1.));
#5420=DIRECTION('ref_axis',(-1.,0.,0.));
#5421=DIRECTION('',(0.,0.,-1.));
#5422=DIRECTION('center_axis',(0.,0.,-1.));
#5423=DIRECTION('ref_axis',(-1.,0.,0.));
#5424=DIRECTION('center_axis',(0.,0.,-1.));
#5425=DIRECTION('ref_axis',(-1.,0.,0.));
#5426=DIRECTION('',(0.,0.,-1.));
#5427=DIRECTION('center_axis',(0.,0.,-1.));
#5428=DIRECTION('ref_axis',(-1.,0.,0.));
#5429=DIRECTION('center_axis',(0.,0.,-1.));
#5430=DIRECTION('ref_axis',(-1.,0.,0.));
#5431=DIRECTION('',(0.,0.,-1.));
#5432=DIRECTION('center_axis',(0.,0.,-1.));
#5433=DIRECTION('ref_axis',(-1.,0.,0.));
#5434=DIRECTION('center_axis',(0.,0.,-1.));
#5435=DIRECTION('ref_axis',(-1.,0.,0.));
#5436=DIRECTION('',(0.,0.,-1.));
#5437=DIRECTION('center_axis',(0.,0.,-1.));
#5438=DIRECTION('ref_axis',(-1.,0.,0.));
#5439=DIRECTION('center_axis',(0.,0.,-1.));
#5440=DIRECTION('ref_axis',(-1.,0.,0.));
#5441=DIRECTION('',(0.,0.,-1.));
#5442=DIRECTION('center_axis',(0.,0.,-1.));
#5443=DIRECTION('ref_axis',(-1.,0.,0.));
#5444=DIRECTION('center_axis',(0.,0.,-1.));
#5445=DIRECTION('ref_axis',(-1.,0.,0.));
#5446=DIRECTION('',(0.,0.,-1.));
#5447=DIRECTION('center_axis',(0.,0.,-1.));
#5448=DIRECTION('ref_axis',(-1.,0.,0.));
#5449=DIRECTION('center_axis',(0.,0.,-1.));
#5450=DIRECTION('ref_axis',(-1.,0.,0.));
#5451=DIRECTION('',(0.,0.,-1.));
#5452=DIRECTION('center_axis',(0.,0.,-1.));
#5453=DIRECTION('ref_axis',(1.,0.,0.));
#5454=DIRECTION('center_axis',(0.,0.,-1.));
#5455=DIRECTION('ref_axis',(-1.,-1.22464679914735E-16,0.));
#5456=DIRECTION('center_axis',(0.,0.,1.));
#5457=DIRECTION('ref_axis',(-0.243487625099948,-0.969904003715413,0.));
#5458=DIRECTION('center_axis',(0.,0.,-1.));
#5459=DIRECTION('ref_axis',(-0.243487625099948,-0.969904003715413,0.));
#5460=DIRECTION('',(0.,0.,1.));
#5461=DIRECTION('center_axis',(-0.707106781186548,-0.707106781186548,0.));
#5462=DIRECTION('ref_axis',(0.707106781186548,-0.707106781186548,0.));
#5463=DIRECTION('',(-0.707106781186548,0.707106781186548,0.));
#5464=DIRECTION('',(0.,0.,-1.));
#5465=DIRECTION('',(-0.707106781186548,0.707106781186548,0.));
#5466=DIRECTION('center_axis',(-0.707106781186548,-0.707106781186548,0.));
#5467=DIRECTION('ref_axis',(0.707106781186548,-0.707106781186548,0.));
#5468=DIRECTION('',(0.,0.,-1.));
#5469=DIRECTION('center_axis',(0.707106781186548,0.707106781186548,0.));
#5470=DIRECTION('ref_axis',(-0.707106781186547,0.707106781186547,0.));
#5471=DIRECTION('center_axis',(0.,0.,1.));
#5472=DIRECTION('ref_axis',(-0.990146116107369,0.140038097521682,0.));
#5473=DIRECTION('center_axis',(0.,0.,-1.));
#5474=DIRECTION('ref_axis',(-0.990146116107369,0.140038097521682,0.));
#5475=DIRECTION('',(0.,0.,1.));
#5476=DIRECTION('center_axis',(0.,0.,1.));
#5477=DIRECTION('ref_axis',(-0.990146116107369,0.140038097521682,0.));
#5478=DIRECTION('center_axis',(0.,0.,-1.));
#5479=DIRECTION('ref_axis',(1.,0.,0.));
#5480=DIRECTION('center_axis',(0.,0.,-1.));
#5481=DIRECTION('ref_axis',(1.,0.,0.));
#5482=DIRECTION('center_axis',(0.,0.,-1.));
#5483=DIRECTION('ref_axis',(1.,0.,0.));
#5484=DIRECTION('center_axis',(0.,0.,-1.));
#5485=DIRECTION('ref_axis',(1.,0.,0.));
#5486=DIRECTION('',(0.,0.,1.));
#5487=DIRECTION('center_axis',(0.,0.,-1.));
#5488=DIRECTION('ref_axis',(-1.,0.,0.));
#5489=DIRECTION('',(0.,0.,1.));
#5490=DIRECTION('center_axis',(0.,0.,-1.));
#5491=DIRECTION('ref_axis',(-1.,0.,0.));
#5492=DIRECTION('',(0.,0.,-1.));
#5493=DIRECTION('center_axis',(0.,0.,-1.));
#5494=DIRECTION('ref_axis',(-1.,0.,0.));
#5495=DIRECTION('',(0.,0.,-1.));
#5496=DIRECTION('center_axis',(0.,0.,-1.));
#5497=DIRECTION('ref_axis',(-1.,0.,0.));
#5498=DIRECTION('center_axis',(-1.,0.,0.));
#5499=DIRECTION('ref_axis',(0.,-0.707106781186547,-0.707106781186548));
#5500=DIRECTION('',(-1.,0.,0.));
#5501=DIRECTION('center_axis',(-0.707106781186547,0.707106781186548,0.));
#5502=DIRECTION('ref_axis',(0.707106781186548,0.707106781186547,0.));
#5503=DIRECTION('',(1.,0.,0.));
#5504=DIRECTION('center_axis',(-1.,0.,0.));
#5505=DIRECTION('ref_axis',(0.,0.707106781186547,0.707106781186548));
#5506=DIRECTION('',(-1.,0.,0.));
#5507=DIRECTION('center_axis',(-0.707106781186547,0.707106781186548,0.));
#5508=DIRECTION('ref_axis',(-0.707106781186548,-0.707106781186547,0.));
#5509=DIRECTION('',(-1.,0.,0.));
#5510=DIRECTION('center_axis',(-1.,0.,0.));
#5511=DIRECTION('ref_axis',(0.,0.707106781186547,0.707106781186548));
#5512=DIRECTION('',(-1.,0.,0.));
#5513=DIRECTION('center_axis',(-0.707106781186547,-0.707106781186548,0.));
#5514=DIRECTION('ref_axis',(0.707106781186548,-0.707106781186547,0.));
#5515=DIRECTION('',(-1.,0.,0.));
#5516=DIRECTION('center_axis',(0.,-1.,0.));
#5517=DIRECTION('ref_axis',(-1.,0.,0.));
#5518=DIRECTION('',(0.,0.,-1.));
#5519=DIRECTION('center_axis',(0.,-1.,0.));
#5520=DIRECTION('ref_axis',(-1.,0.,0.));
#5521=DIRECTION('',(0.,0.,-1.));
#5522=DIRECTION('',(1.,0.,0.));
#5523=DIRECTION('center_axis',(0.,0.,1.));
#5524=DIRECTION('ref_axis',(1.,0.,0.));
#5525=DIRECTION('center_axis',(0.,0.,1.));
#5526=DIRECTION('ref_axis',(1.,0.,0.));
#5527=DIRECTION('',(0.,-1.,0.));
#5528=DIRECTION('',(-1.,0.,0.));
#5529=DIRECTION('',(-1.,0.,0.));
#5530=DIRECTION('',(0.,1.,0.));
#5531=DIRECTION('center_axis',(0.,0.,-1.));
#5532=DIRECTION('ref_axis',(-1.,0.,0.));
#5533=DIRECTION('center_axis',(0.,0.,-1.));
#5534=DIRECTION('ref_axis',(-1.,0.,0.));
#5535=DIRECTION('center_axis',(0.,0.,-1.));
#5536=DIRECTION('ref_axis',(-1.,0.,0.));
#5537=DIRECTION('center_axis',(0.,0.,-1.));
#5538=DIRECTION('ref_axis',(-1.,0.,0.));
#5539=DIRECTION('center_axis',(0.,0.,1.));
#5540=DIRECTION('ref_axis',(1.,0.,0.));
#5541=DIRECTION('',(0.,0.,-1.));
#5542=DIRECTION('center_axis',(-1.,0.,0.));
#5543=DIRECTION('ref_axis',(0.,-0.707106781186547,-0.707106781186548));
#5544=DIRECTION('center_axis',(-0.707106781186547,-0.707106781186548,0.));
#5545=DIRECTION('ref_axis',(-0.707106781186548,0.707106781186547,0.));
#5546=DIRECTION('',(-1.,0.,0.));
#5547=DIRECTION('center_axis',(0.,0.,1.));
#5548=DIRECTION('ref_axis',(-1.,0.,0.));
#5549=DIRECTION('',(0.,-1.,0.));
#5550=DIRECTION('',(1.,0.,0.));
#5551=DIRECTION('',(1.,0.,0.));
#5552=DIRECTION('',(0.,1.,0.));
#5553=DIRECTION('center_axis',(0.,0.,-1.));
#5554=DIRECTION('ref_axis',(1.,0.,0.));
#5555=DIRECTION('center_axis',(0.,0.,-1.));
#5556=DIRECTION('ref_axis',(-1.,0.,0.));
#5557=DIRECTION('center_axis',(0.,0.,-1.));
#5558=DIRECTION('ref_axis',(1.,0.,0.));
#5559=DIRECTION('center_axis',(0.,0.,-1.));
#5560=DIRECTION('ref_axis',(-1.,0.,0.));
#5561=DIRECTION('center_axis',(0.,0.,-1.));
#5562=DIRECTION('ref_axis',(1.,0.,0.));
#5563=DIRECTION('center_axis',(0.,0.,-1.));
#5564=DIRECTION('ref_axis',(-1.,0.,0.));
#5565=DIRECTION('center_axis',(0.,0.,-1.));
#5566=DIRECTION('ref_axis',(1.,0.,0.));
#5567=DIRECTION('center_axis',(0.,0.,-1.));
#5568=DIRECTION('ref_axis',(-1.,0.,0.));
#5569=DIRECTION('center_axis',(0.,1.,0.));
#5570=DIRECTION('ref_axis',(-0.707106781186548,0.,-0.707106781186547));
#5571=DIRECTION('',(0.,-1.,0.));
#5572=DIRECTION('center_axis',(0.707106781186548,0.707106781186547,0.));
#5573=DIRECTION('ref_axis',(0.707106781186547,-0.707106781186548,0.));
#5574=DIRECTION('center_axis',(1.,0.,0.));
#5575=DIRECTION('ref_axis',(0.,0.707106781186549,-0.707106781186546));
#5576=DIRECTION('',(-1.,0.,0.));
#5577=DIRECTION('center_axis',(-1.,0.,0.));
#5578=DIRECTION('ref_axis',(0.,1.,0.));
#5579=DIRECTION('',(0.,0.,-1.));
#5580=DIRECTION('',(0.,1.,0.));
#5581=DIRECTION('center_axis',(0.,1.,0.));
#5582=DIRECTION('ref_axis',(1.,0.,0.));
#5583=DIRECTION('',(1.,0.,0.));
#5584=DIRECTION('center_axis',(1.,0.,0.));
#5585=DIRECTION('ref_axis',(0.,0.707106781186549,-0.707106781186546));
#5586=DIRECTION('',(-1.,0.,0.));
#5587=DIRECTION('center_axis',(0.707106781186548,-0.707106781186547,0.));
#5588=DIRECTION('ref_axis',(-0.707106781186547,-0.707106781186548,0.));
#5589=DIRECTION('center_axis',(0.,-1.,0.));
#5590=DIRECTION('ref_axis',(0.707106781186548,0.,-0.707106781186547));
#5591=DIRECTION('',(0.,1.,0.));
#5592=DIRECTION('center_axis',(1.,0.,0.));
#5593=DIRECTION('ref_axis',(0.,-0.707106781186548,0.707106781186547));
#5594=DIRECTION('center_axis',(0.707106781186548,0.707106781186548,1.57009245868378E-15));
#5595=DIRECTION('ref_axis',(-0.707106781186548,0.707106781186548,1.57009245868378E-15));
#5596=DIRECTION('center_axis',(0.,1.,0.));
#5597=DIRECTION('ref_axis',(0.707106781186548,0.,0.707106781186547));
#5598=DIRECTION('center_axis',(0.,-1.,0.));
#5599=DIRECTION('ref_axis',(-0.707106781186548,0.,0.707106781186547));
#5600=DIRECTION('',(0.,-1.,0.));
#5601=DIRECTION('center_axis',(0.707106781186548,-0.707106781186548,0.));
#5602=DIRECTION('ref_axis',(0.707106781186548,0.707106781186548,0.));
#5603=DIRECTION('center_axis',(1.,0.,0.));
#5604=DIRECTION('ref_axis',(0.,-0.707106781186548,0.707106781186547));
#5605=DIRECTION('',(1.,0.,0.));
#5606=DIRECTION('center_axis',(0.,1.,0.));
#5607=DIRECTION('ref_axis',(1.,0.,0.));
#5608=DIRECTION('',(0.,0.,-1.));
#5609=DIRECTION('center_axis',(1.,0.,0.));
#5610=DIRECTION('ref_axis',(0.,-1.,0.));
#5611=DIRECTION('center_axis',(0.,0.,-1.));
#5612=DIRECTION('ref_axis',(-1.,0.,0.));
#5613=DIRECTION('',(0.,0.,-1.));
#5614=DIRECTION('center_axis',(0.,0.,-1.));
#5615=DIRECTION('ref_axis',(-1.,0.,0.));
#5616=DIRECTION('',(0.,0.,-1.));
#5617=DIRECTION('center_axis',(0.,0.,-1.));
#5618=DIRECTION('ref_axis',(-1.,0.,0.));
#5619=DIRECTION('',(0.,0.,-1.));
#5620=DIRECTION('center_axis',(0.,0.,-1.));
#5621=DIRECTION('ref_axis',(-1.,0.,0.));
#5622=DIRECTION('',(0.,0.,-1.));
#5623=CARTESIAN_POINT('',(0.,0.,0.));
#5624=CARTESIAN_POINT('Origin',(12.5653016080877,22.762099979962,35.));
#5625=CARTESIAN_POINT('',(13.7735036857885,24.9507634395738,38.5));
#5626=CARTESIAN_POINT('',(14.3330685610541,20.9943330269957,38.5));
#5627=CARTESIAN_POINT('Origin',(12.5653016080877,22.762099979962,38.5));
#5628=CARTESIAN_POINT('',(14.3330685610541,20.9943330269957,41.));
#5629=CARTESIAN_POINT('',(14.3330685610541,20.9943330269957,35.));
#5630=CARTESIAN_POINT('',(13.7735036857885,24.9507634395738,41.));
#5631=CARTESIAN_POINT('Origin',(12.5653016080877,22.762099979962,41.));
#5632=CARTESIAN_POINT('',(13.7735036857885,24.9507634395738,35.));
#5633=CARTESIAN_POINT('Origin',(6.73946652169373,13.4007309876353,36.));
#5634=CARTESIAN_POINT('',(8.82300406200475,15.4842685279463,38.5));
#5635=CARTESIAN_POINT('',(1.70441714436147,8.36568161030306,38.5));
#5636=CARTESIAN_POINT('',(8.82300406200475,15.4842685279463,38.6250805792299));
#5637=CARTESIAN_POINT('',(8.82300406200475,15.4842685279463,36.));
#5638=CARTESIAN_POINT('',(9.33873553405842,16.,39.5));
#5639=CARTESIAN_POINT('Origin',(8.33873553405842,15.,39.5));
#5640=CARTESIAN_POINT('',(9.33873553405842,16.,40.));
#5641=CARTESIAN_POINT('',(9.33873553405842,16.,38.5));
#5642=CARTESIAN_POINT('',(10.3387355340584,17.,41.));
#5643=CARTESIAN_POINT('Origin',(10.3387355340584,17.,40.));
#5644=CARTESIAN_POINT('',(1.70441714436147,8.36568161030306,41.));
#5645=CARTESIAN_POINT('Origin',(5.64102354666528,18.6662490432858,36.));
#5646=CARTESIAN_POINT('',(8.25035640251291,15.,38.5));
#5647=CARTESIAN_POINT('Origin',(5.64102354666528,18.6662490432858,38.5));
#5648=CARTESIAN_POINT('Ctrl Pts',(8.25035640251226,14.9999999999995,38.5));
#5649=CARTESIAN_POINT('Ctrl Pts',(8.4490671413469,15.1414258697452,38.4999999999999));
#5650=CARTESIAN_POINT('Ctrl Pts',(8.65733137882049,15.3195701681044,38.5362034785625));
#5651=CARTESIAN_POINT('Ctrl Pts',(8.81653891984023,15.4778132696213,38.6215310632171));
#5652=CARTESIAN_POINT('Ctrl Pts',(8.81976695724387,15.4810314231855,38.6232888394192));
#5653=CARTESIAN_POINT('Ctrl Pts',(8.8230040620047,15.4842685279463,38.6250805792299));
#5654=CARTESIAN_POINT('Origin',(0.,0.,36.5));
#5655=CARTESIAN_POINT('',(5.03604745101725,-14.1293391944246,37.));
#5656=CARTESIAN_POINT('',(5.20391569938449,-14.6003171675721,36.5));
#5657=CARTESIAN_POINT('Origin',(5.03604745101725,-14.1293391944246,36.5));
#5658=CARTESIAN_POINT('',(4.37179487179487,-14.8706896141016,36.5));
#5659=CARTESIAN_POINT('Origin',(0.,0.,36.5));
#5660=CARTESIAN_POINT('',(4.23076923076923,-14.3909899491305,37.));
#5661=CARTESIAN_POINT('Origin',(4.23076923076923,-14.3909899491305,36.5));
#5662=CARTESIAN_POINT('Origin',(0.,0.,37.));
#5663=CARTESIAN_POINT('Origin',(5.5,-18.7082869338697,36.5));
#5664=CARTESIAN_POINT('',(1.5,-18.7082869338697,36.5));
#5665=CARTESIAN_POINT('',(0.999999999999997,-18.7082869338697,37.));
#5666=CARTESIAN_POINT('Origin',(0.999999999999997,-18.7082869338697,36.5));
#5667=CARTESIAN_POINT('Origin',(5.5,-18.7082869338697,37.));
#5668=CARTESIAN_POINT('Origin',(5.5,-18.7082869338697,36.5));
#5669=CARTESIAN_POINT('Origin',(0.999999999999998,-13.3038763148189,36.5));
#5670=CARTESIAN_POINT('',(1.5,-24.4002561461965,36.5));
#5671=CARTESIAN_POINT('',(0.999999999999996,-24.4002561461965,37.));
#5672=CARTESIAN_POINT('Origin',(0.999999999999996,-24.4002561461965,36.5));
#5673=CARTESIAN_POINT('',(0.999999999999998,-13.3038763148189,37.));
#5674=CARTESIAN_POINT('',(1.5,-13.3038763148189,36.5));
#5675=CARTESIAN_POINT('Origin',(3.49999999999999,-24.4002561461965,36.5));
#5676=CARTESIAN_POINT('',(3.7839756592292,-26.3799929531901,36.5));
#5677=CARTESIAN_POINT('',(3.8549695740365,-26.8749271549385,37.));
#5678=CARTESIAN_POINT('Origin',(3.8549695740365,-26.8749271549385,36.5));
#5679=CARTESIAN_POINT('Origin',(3.49999999999999,-24.4002561461965,37.));
#5680=CARTESIAN_POINT('Origin',(3.49999999999999,-24.4002561461965,36.5));
#5681=CARTESIAN_POINT('Origin',(0.,0.,36.5));
#5682=CARTESIAN_POINT('',(12.4444701988471,-23.5660276981507,36.5));
#5683=CARTESIAN_POINT('',(12.6779499399136,-24.0081670545888,37.));
#5684=CARTESIAN_POINT('Origin',(12.6779499399136,-24.0081670545888,36.5));
#5685=CARTESIAN_POINT('Origin',(0.,0.,37.));
#5686=CARTESIAN_POINT('Origin',(0.,0.,36.5));
#5687=CARTESIAN_POINT('Origin',(11.5105512345809,-21.7974702723983,36.5));
#5688=CARTESIAN_POINT('',(13.1285852233308,-20.6218997678133,36.5));
#5689=CARTESIAN_POINT('',(13.5330937205182,-20.3280071416671,37.));
#5690=CARTESIAN_POINT('Origin',(13.5330937205182,-20.3280071416671,36.5));
#5691=CARTESIAN_POINT('Origin',(11.5105512345809,-21.7974702723983,37.));
#5692=CARTESIAN_POINT('Origin',(11.5105512345809,-21.7974702723983,36.5));
#5693=CARTESIAN_POINT('Origin',(3.72493761692681,-6.82823840752532,36.5));
#5694=CARTESIAN_POINT('',(9.78292966382218,-16.016999943582,36.5));
#5695=CARTESIAN_POINT('',(10.1874381610096,-15.7231073174358,37.));
#5696=CARTESIAN_POINT('Origin',(10.1874381610096,-15.7231073174358,36.5));
#5697=CARTESIAN_POINT('',(3.72493761692681,-6.82823840752532,37.));
#5698=CARTESIAN_POINT('',(3.32042911973934,-7.12213103367157,36.5));
#5699=CARTESIAN_POINT('Origin',(6.54686168632242,-18.368140952752,36.5));
#5700=CARTESIAN_POINT('Origin',(6.54686168632242,-18.368140952752,36.5));
#5701=CARTESIAN_POINT('Origin',(6.54686168632242,-18.368140952752,37.));
#5702=CARTESIAN_POINT('Origin',(3.49999999999999,-24.4002561461965,37.));
#5703=CARTESIAN_POINT('',(1.5,-24.4002561461965,32.5));
#5704=CARTESIAN_POINT('',(1.5,-24.4002561461965,37.));
#5705=CARTESIAN_POINT('',(3.7839756592292,-26.3799929531901,32.5));
#5706=CARTESIAN_POINT('Origin',(3.49999999999999,-24.4002561461965,32.5));
#5707=CARTESIAN_POINT('',(3.7839756592292,-26.3799929531901,37.));
#5708=CARTESIAN_POINT('Origin',(1.5,-26.6077526296379,37.));
#5709=CARTESIAN_POINT('',(1.5,-18.7082869338697,32.5));
#5710=CARTESIAN_POINT('',(1.5,-18.7082869338697,37.));
#5711=CARTESIAN_POINT('',(1.5,-23.2964605194545,32.5));
#5712=CARTESIAN_POINT('Origin',(5.5,-18.7082869338697,37.));
#5713=CARTESIAN_POINT('',(4.37179487179487,-14.8706896141016,32.5));
#5714=CARTESIAN_POINT('',(4.37179487179487,-14.8706896141016,37.));
#5715=CARTESIAN_POINT('Origin',(5.5,-18.7082869338697,32.5));
#5716=CARTESIAN_POINT('Origin',(0.,0.,37.));
#5717=CARTESIAN_POINT('',(5.20391569938449,-14.6003171675721,32.5));
#5718=CARTESIAN_POINT('',(5.20391569938449,-14.6003171675721,37.));
#5719=CARTESIAN_POINT('Origin',(0.,0.,32.5));
#5720=CARTESIAN_POINT('Origin',(0.,0.,37.));
#5721=CARTESIAN_POINT('',(-28.5,3.49024337756996E-15,37.));
#5722=CARTESIAN_POINT('Origin',(0.,0.,37.));
#5723=CARTESIAN_POINT('',(-5.03604745101721,-14.1293391944246,37.));
#5724=CARTESIAN_POINT('',(-4.23076923076922,-14.3909899491305,37.));
#5725=CARTESIAN_POINT('Origin',(0.,0.,37.));
#5726=CARTESIAN_POINT('',(-10.1874381610096,-15.7231073174358,37.));
#5727=CARTESIAN_POINT('Origin',(-6.54686168632237,-18.368140952752,37.));
#5728=CARTESIAN_POINT('',(-13.5330937205181,-20.3280071416672,37.));
#5729=CARTESIAN_POINT('',(-7.01080530179875,-11.3508472820433,37.));
#5730=CARTESIAN_POINT('',(-12.6779499399135,-24.0081670545889,37.));
#5731=CARTESIAN_POINT('Origin',(-11.5105512345808,-21.7974702723984,37.));
#5732=CARTESIAN_POINT('',(-3.85496957403647,-26.8749271549385,37.));
#5733=CARTESIAN_POINT('Origin',(0.,0.,37.));
#5734=CARTESIAN_POINT('',(-0.999999999999964,-24.4002561461965,37.));
#5735=CARTESIAN_POINT('Origin',(-3.49999999999996,-24.4002561461965,37.));
#5736=CARTESIAN_POINT('',(-0.999999999999987,-18.7082869338697,37.));
#5737=CARTESIAN_POINT('',(-1.00000000000003,-7.71362431027076,37.));
#5738=CARTESIAN_POINT('Origin',(-5.49999999999999,-18.7082869338697,37.));
#5739=CARTESIAN_POINT('',(-4.23076923076923,14.3909899491305,37.));
#5740=CARTESIAN_POINT('',(-5.03604745101718,14.1293391944246,37.));
#5741=CARTESIAN_POINT('Origin',(0.,0.,37.));
#5742=CARTESIAN_POINT('',(-1.,18.7082869338697,37.));
#5743=CARTESIAN_POINT('Origin',(-5.5,18.7082869338697,37.));
#5744=CARTESIAN_POINT('',(-0.999999999999999,24.4002561461965,37.));
#5745=CARTESIAN_POINT('',(-1.,13.3038763148189,37.));
#5746=CARTESIAN_POINT('',(-3.85496957403651,26.8749271549385,37.));
#5747=CARTESIAN_POINT('Origin',(-3.5,24.4002561461965,37.));
#5748=CARTESIAN_POINT('',(-12.6779499399134,24.008167054589,37.));
#5749=CARTESIAN_POINT('Origin',(0.,0.,37.));
#5750=CARTESIAN_POINT('',(-13.533093720518,20.3280071416673,37.));
#5751=CARTESIAN_POINT('Origin',(-11.5105512345806,21.7974702723984,37.));
#5752=CARTESIAN_POINT('',(-10.1874381610096,15.7231073174359,37.));
#5753=CARTESIAN_POINT('',(-3.72493761692699,6.82823840752518,37.));
#5754=CARTESIAN_POINT('Origin',(-6.54686168632233,18.368140952752,37.));
#5755=CARTESIAN_POINT('',(5.03604745101721,14.1293391944246,37.));
#5756=CARTESIAN_POINT('',(4.23076923076922,14.3909899491305,37.));
#5757=CARTESIAN_POINT('Origin',(0.,0.,37.));
#5758=CARTESIAN_POINT('',(10.1874381610096,15.7231073174358,37.));
#5759=CARTESIAN_POINT('Origin',(6.54686168632237,18.368140952752,37.));
#5760=CARTESIAN_POINT('',(13.5330937205181,20.3280071416672,37.));
#5761=CARTESIAN_POINT('',(7.01080530179875,11.3508472820433,37.));
#5762=CARTESIAN_POINT('',(12.6779499399135,24.0081670545889,37.));
#5763=CARTESIAN_POINT('Origin',(11.5105512345808,21.7974702723984,37.));
#5764=CARTESIAN_POINT('',(3.85496957403648,26.8749271549385,37.));
#5765=CARTESIAN_POINT('Origin',(0.,0.,37.));
#5766=CARTESIAN_POINT('',(0.999999999999967,24.4002561461965,37.));
#5767=CARTESIAN_POINT('Origin',(3.49999999999997,24.4002561461965,37.));
#5768=CARTESIAN_POINT('',(0.999999999999989,18.7082869338697,37.));
#5769=CARTESIAN_POINT('',(1.00000000000003,7.71362431027076,37.));
#5770=CARTESIAN_POINT('Origin',(5.49999999999999,18.7082869338697,37.));
#5771=CARTESIAN_POINT('',(16.9,-18.5,37.));
#5772=CARTESIAN_POINT('Origin',(18.5,-18.5,37.));
#5773=CARTESIAN_POINT('',(16.9,18.5,37.));
#5774=CARTESIAN_POINT('Origin',(18.5,18.5,37.));
#5775=CARTESIAN_POINT('',(-20.1,18.5,37.));
#5776=CARTESIAN_POINT('Origin',(-18.5,18.5,37.));
#5777=CARTESIAN_POINT('',(-20.1,-18.5,37.));
#5778=CARTESIAN_POINT('Origin',(-18.5,-18.5,37.));
#5779=CARTESIAN_POINT('',(11.,1.34711147906209E-15,37.));
#5780=CARTESIAN_POINT('Origin',(0.,0.,37.));
#5781=CARTESIAN_POINT('',(14.994024358645,-0.423359814296283,37.));
#5782=CARTESIAN_POINT('',(14.994024358645,0.423359814296285,37.));
#5783=CARTESIAN_POINT('Origin',(0.,0.,37.));
#5784=CARTESIAN_POINT('',(18.1016551915512,-4.83012208191336,37.));
#5785=CARTESIAN_POINT('Origin',(19.4922316662385,-0.550367758585168,37.));
#5786=CARTESIAN_POINT('',(23.515039601486,-6.58903729998132,37.));
#5787=CARTESIAN_POINT('',(12.9617552555682,-3.16006735604624,37.));
#5788=CARTESIAN_POINT('',(26.7508257068375,-4.63851527995778,37.));
#5789=CARTESIAN_POINT('Origin',(24.2875820874234,-4.21139600924344,37.));
#5790=CARTESIAN_POINT('',(26.7508257068375,4.63851527995778,37.));
#5791=CARTESIAN_POINT('Origin',(0.,0.,37.));
#5792=CARTESIAN_POINT('',(23.515039601486,6.58903729998132,37.));
#5793=CARTESIAN_POINT('Origin',(24.2875820874234,4.21139600924344,37.));
#5794=CARTESIAN_POINT('',(18.1016551915512,4.83012208191336,37.));
#5795=CARTESIAN_POINT('',(7.64510965891066,1.43258448380224,37.));
#5796=CARTESIAN_POINT('Origin',(19.4922316662385,0.550367758585171,37.));
#5797=CARTESIAN_POINT('',(-18.1016551915512,-4.83012208191337,37.));
#5798=CARTESIAN_POINT('',(-23.515039601486,-6.58903729998134,37.));
#5799=CARTESIAN_POINT('',(-7.64510965891066,-1.43258448380223,37.));
#5800=CARTESIAN_POINT('',(-14.994024358645,-0.423359814296291,37.));
#5801=CARTESIAN_POINT('Origin',(-19.4922316662385,-0.550367758585178,37.));
#5802=CARTESIAN_POINT('',(-14.994024358645,0.423359814296284,37.));
#5803=CARTESIAN_POINT('Origin',(0.,0.,37.));
#5804=CARTESIAN_POINT('',(-18.1016551915512,4.83012208191336,37.));
#5805=CARTESIAN_POINT('Origin',(-19.4922316662385,0.550367758585169,37.));
#5806=CARTESIAN_POINT('',(-23.515039601486,6.58903729998133,37.));
#5807=CARTESIAN_POINT('',(-12.9617552555682,3.16006735604625,37.));
#5808=CARTESIAN_POINT('',(-26.7508257068375,4.63851527995779,37.));
#5809=CARTESIAN_POINT('Origin',(-24.2875820874234,4.21139600924345,37.));
#5810=CARTESIAN_POINT('',(-26.7508257068375,-4.63851527995779,37.));
#5811=CARTESIAN_POINT('Origin',(0.,0.,37.));
#5812=CARTESIAN_POINT('Origin',(-24.2875820874234,-4.21139600924345,37.));
#5813=CARTESIAN_POINT('Origin',(0.,0.,36.5));
#5814=CARTESIAN_POINT('',(-4.37179487179486,-14.8706896141016,36.5));
#5815=CARTESIAN_POINT('Origin',(-4.23076923076922,-14.3909899491305,36.5));
#5816=CARTESIAN_POINT('',(-5.20391569938445,-14.6003171675721,36.5));
#5817=CARTESIAN_POINT('Origin',(0.,0.,36.5));
#5818=CARTESIAN_POINT('Origin',(-5.03604745101721,-14.1293391944246,36.5));
#5819=CARTESIAN_POINT('Origin',(-6.54686168632237,-18.368140952752,36.5));
#5820=CARTESIAN_POINT('',(-9.78292966382216,-16.0169999435821,36.5));
#5821=CARTESIAN_POINT('Origin',(-10.1874381610096,-15.7231073174358,36.5));
#5822=CARTESIAN_POINT('Origin',(-6.54686168632237,-18.368140952752,36.5));
#5823=CARTESIAN_POINT('Origin',(-7.01080530179875,-11.3508472820433,36.5));
#5824=CARTESIAN_POINT('',(-13.1285852233307,-20.6218997678134,36.5));
#5825=CARTESIAN_POINT('Origin',(-13.5330937205181,-20.3280071416672,36.5));
#5826=CARTESIAN_POINT('',(-6.60629680461128,-11.6447399081896,36.5));
#5827=CARTESIAN_POINT('Origin',(-11.5105512345808,-21.7974702723984,36.5));
#5828=CARTESIAN_POINT('',(-12.4444701988469,-23.5660276981508,36.5));
#5829=CARTESIAN_POINT('Origin',(-12.6779499399135,-24.0081670545889,36.5));
#5830=CARTESIAN_POINT('Origin',(-11.5105512345808,-21.7974702723984,36.5));
#5831=CARTESIAN_POINT('Origin',(0.,0.,36.5));
#5832=CARTESIAN_POINT('',(-3.78397565922917,-26.3799929531901,36.5));
#5833=CARTESIAN_POINT('Origin',(-3.85496957403647,-26.8749271549385,36.5));
#5834=CARTESIAN_POINT('Origin',(0.,0.,36.5));
#5835=CARTESIAN_POINT('Origin',(-3.49999999999996,-24.4002561461965,36.5));
#5836=CARTESIAN_POINT('',(-1.49999999999997,-24.4002561461965,36.5));
#5837=CARTESIAN_POINT('Origin',(-0.999999999999964,-24.4002561461965,36.5));
#5838=CARTESIAN_POINT('Origin',(-3.49999999999996,-24.4002561461965,36.5));
#5839=CARTESIAN_POINT('Origin',(-1.00000000000003,-7.71362431027076,36.5));
#5840=CARTESIAN_POINT('',(-1.49999999999999,-18.7082869338697,36.5));
#5841=CARTESIAN_POINT('Origin',(-0.999999999999987,-18.7082869338697,36.5));
#5842=CARTESIAN_POINT('',(-1.50000000000003,-7.71362431027076,36.5));
#5843=CARTESIAN_POINT('Origin',(-5.49999999999999,-18.7082869338697,36.5));
#5844=CARTESIAN_POINT('Origin',(-5.49999999999999,-18.7082869338697,36.5));
#5845=CARTESIAN_POINT('Origin',(-11.5105512345808,-21.7974702723984,37.));
#5846=CARTESIAN_POINT('',(-13.1285852233307,-20.6218997678134,32.5));
#5847=CARTESIAN_POINT('',(-13.1285852233307,-20.6218997678134,37.));
#5848=CARTESIAN_POINT('',(-12.4444701988469,-23.5660276981508,32.5));
#5849=CARTESIAN_POINT('Origin',(-11.5105512345808,-21.7974702723984,32.5));
#5850=CARTESIAN_POINT('',(-12.4444701988469,-23.5660276981508,37.));
#5851=CARTESIAN_POINT('Origin',(-14.426119100785,-22.4078019379404,37.));
#5852=CARTESIAN_POINT('',(-9.78292966382216,-16.0169999435821,32.5));
#5853=CARTESIAN_POINT('',(-9.78292966382216,-16.0169999435821,37.));
#5854=CARTESIAN_POINT('',(-12.73363767136,-20.0783010977466,32.5));
#5855=CARTESIAN_POINT('Origin',(-6.54686168632237,-18.368140952752,37.));
#5856=CARTESIAN_POINT('',(-5.20391569938445,-14.6003171675721,32.5));
#5857=CARTESIAN_POINT('',(-5.20391569938445,-14.6003171675721,37.));
#5858=CARTESIAN_POINT('Origin',(-6.54686168632237,-18.368140952752,32.5));
#5859=CARTESIAN_POINT('Origin',(0.,0.,37.));
#5860=CARTESIAN_POINT('',(-4.37179487179486,-14.8706896141016,32.5));
#5861=CARTESIAN_POINT('',(-4.37179487179486,-14.8706896141016,37.));
#5862=CARTESIAN_POINT('Origin',(0.,0.,32.5));
#5863=CARTESIAN_POINT('Origin',(-7.64510965891066,-1.43258448380223,36.5));
#5864=CARTESIAN_POINT('',(-23.6695480986735,-6.11350904183376,36.5));
#5865=CARTESIAN_POINT('Origin',(-23.515039601486,-6.58903729998134,36.5));
#5866=CARTESIAN_POINT('',(-18.2561636887387,-4.35459382376579,36.5));
#5867=CARTESIAN_POINT('',(-7.79961815609814,-0.957056225654658,36.5));
#5868=CARTESIAN_POINT('Origin',(-18.1016551915512,-4.83012208191337,36.5));
#5869=CARTESIAN_POINT('Origin',(-19.4922316662385,-0.550367758585178,36.5));
#5870=CARTESIAN_POINT('',(-15.4938251705998,-0.437471808106167,36.5));
#5871=CARTESIAN_POINT('Origin',(-14.994024358645,-0.423359814296291,36.5));
#5872=CARTESIAN_POINT('Origin',(-19.4922316662385,-0.550367758585178,36.5));
#5873=CARTESIAN_POINT('Origin',(0.,0.,36.5));
#5874=CARTESIAN_POINT('',(-15.4938251705998,0.43747180810616,36.5));
#5875=CARTESIAN_POINT('Origin',(-14.994024358645,0.423359814296284,36.5));
#5876=CARTESIAN_POINT('Origin',(0.,0.,36.5));
#5877=CARTESIAN_POINT('Origin',(-19.4922316662385,0.550367758585169,36.5));
#5878=CARTESIAN_POINT('',(-18.2561636887387,4.35459382376579,36.5));
#5879=CARTESIAN_POINT('Origin',(-18.1016551915512,4.83012208191336,36.5));
#5880=CARTESIAN_POINT('Origin',(-19.4922316662385,0.550367758585169,36.5));
#5881=CARTESIAN_POINT('Origin',(-12.9617552555682,3.16006735604625,36.5));
#5882=CARTESIAN_POINT('',(-23.6695480986735,6.11350904183375,36.5));
#5883=CARTESIAN_POINT('Origin',(-23.515039601486,6.58903729998133,36.5));
#5884=CARTESIAN_POINT('',(-13.1162637527557,2.68453909789867,36.5));
#5885=CARTESIAN_POINT('Origin',(-24.2875820874234,4.21139600924345,36.5));
#5886=CARTESIAN_POINT('',(-26.2581769829547,4.55309142581492,36.5));
#5887=CARTESIAN_POINT('Origin',(-26.7508257068375,4.63851527995779,36.5));
#5888=CARTESIAN_POINT('Origin',(-24.2875820874234,4.21139600924345,36.5));
#5889=CARTESIAN_POINT('Origin',(0.,0.,36.5));
#5890=CARTESIAN_POINT('',(-26.2581769829547,-4.55309142581492,36.5));
#5891=CARTESIAN_POINT('Origin',(-26.7508257068375,-4.63851527995779,36.5));
#5892=CARTESIAN_POINT('Origin',(0.,0.,36.5));
#5893=CARTESIAN_POINT('Origin',(-24.2875820874234,-4.21139600924345,36.5));
#5894=CARTESIAN_POINT('Origin',(-24.2875820874234,-4.21139600924345,36.5));
#5895=CARTESIAN_POINT('Origin',(-19.4922316662385,0.550367758585169,37.));
#5896=CARTESIAN_POINT('',(-15.4938251705998,0.43747180810616,32.5));
#5897=CARTESIAN_POINT('',(-15.4938251705998,0.43747180810616,37.));
#5898=CARTESIAN_POINT('',(-18.2561636887387,4.35459382376579,32.5));
#5899=CARTESIAN_POINT('Origin',(-19.4922316662385,0.550367758585169,32.5));
#5900=CARTESIAN_POINT('',(-18.2561636887387,4.35459382376579,37.));
#5901=CARTESIAN_POINT('Origin',(0.,0.,37.));
#5902=CARTESIAN_POINT('',(-15.4938251705998,-0.437471808106167,32.5));
#5903=CARTESIAN_POINT('',(-15.4938251705998,-0.437471808106167,37.));
#5904=CARTESIAN_POINT('Origin',(0.,0.,32.5));
#5905=CARTESIAN_POINT('Origin',(-19.4922316662385,-0.550367758585178,37.));
#5906=CARTESIAN_POINT('',(-18.2561636887387,-4.35459382376579,32.5));
#5907=CARTESIAN_POINT('',(-18.2561636887387,-4.35459382376579,37.));
#5908=CARTESIAN_POINT('Origin',(-19.4922316662385,-0.550367758585178,32.5));
#5909=CARTESIAN_POINT('Origin',(-15.1357108206338,-3.34069722575206,37.));
#5910=CARTESIAN_POINT('',(-23.6695480986735,-6.11350904183376,32.5));
#5911=CARTESIAN_POINT('',(-23.6695480986735,-6.11350904183376,37.));
#5912=CARTESIAN_POINT('',(-17.2485007806686,-4.02718429777049,32.5));
#5913=CARTESIAN_POINT('Origin',(0.,0.,36.5));
#5914=CARTESIAN_POINT('',(-5.20391569938442,14.6003171675721,36.5));
#5915=CARTESIAN_POINT('Origin',(-5.03604745101718,14.1293391944246,36.5));
#5916=CARTESIAN_POINT('',(-4.37179487179487,14.8706896141016,36.5));
#5917=CARTESIAN_POINT('Origin',(0.,0.,36.5));
#5918=CARTESIAN_POINT('Origin',(-4.23076923076923,14.3909899491305,36.5));
#5919=CARTESIAN_POINT('Origin',(-5.5,18.7082869338697,36.5));
#5920=CARTESIAN_POINT('',(-1.5,18.7082869338697,36.5));
#5921=CARTESIAN_POINT('Origin',(-1.,18.7082869338697,36.5));
#5922=CARTESIAN_POINT('Origin',(-5.5,18.7082869338697,36.5));
#5923=CARTESIAN_POINT('Origin',(-1.,13.3038763148189,36.5));
#5924=CARTESIAN_POINT('',(-1.5,24.4002561461965,36.5));
#5925=CARTESIAN_POINT('Origin',(-0.999999999999999,24.4002561461965,36.5));
#5926=CARTESIAN_POINT('',(-1.5,13.3038763148189,36.5));
#5927=CARTESIAN_POINT('Origin',(-3.5,24.4002561461965,36.5));
#5928=CARTESIAN_POINT('',(-3.78397565922921,26.3799929531901,36.5));
#5929=CARTESIAN_POINT('Origin',(-3.85496957403651,26.8749271549385,36.5));
#5930=CARTESIAN_POINT('Origin',(-3.5,24.4002561461965,36.5));
#5931=CARTESIAN_POINT('Origin',(0.,0.,36.5));
#5932=CARTESIAN_POINT('',(-12.4444701988468,23.5660276981509,36.5));
#5933=CARTESIAN_POINT('Origin',(-12.6779499399134,24.008167054589,36.5));
#5934=CARTESIAN_POINT('Origin',(0.,0.,36.5));
#5935=CARTESIAN_POINT('Origin',(-11.5105512345806,21.7974702723984,36.5));
#5936=CARTESIAN_POINT('',(-13.1285852233306,20.6218997678135,36.5));
#5937=CARTESIAN_POINT('Origin',(-13.533093720518,20.3280071416673,36.5));
#5938=CARTESIAN_POINT('Origin',(-11.5105512345806,21.7974702723984,36.5));
#5939=CARTESIAN_POINT('Origin',(-3.72493761692699,6.82823840752518,36.5));
#5940=CARTESIAN_POINT('',(-9.78292966382215,16.0169999435821,36.5));
#5941=CARTESIAN_POINT('Origin',(-10.1874381610096,15.7231073174359,36.5));
#5942=CARTESIAN_POINT('',(-3.32042911973951,7.12213103367141,36.5));
#5943=CARTESIAN_POINT('Origin',(-6.54686168632233,18.368140952752,36.5));
#5944=CARTESIAN_POINT('Origin',(-6.54686168632233,18.368140952752,36.5));
#5945=CARTESIAN_POINT('Origin',(-3.5,24.4002561461965,37.));
#5946=CARTESIAN_POINT('',(-1.5,24.4002561461965,32.5));
#5947=CARTESIAN_POINT('',(-1.5,24.4002561461965,37.));
#5948=CARTESIAN_POINT('',(-3.78397565922921,26.3799929531901,32.5));
#5949=CARTESIAN_POINT('Origin',(-3.5,24.4002561461965,32.5));
#5950=CARTESIAN_POINT('',(-3.78397565922921,26.3799929531901,37.));
#5951=CARTESIAN_POINT('Origin',(-1.5,26.6077526296379,37.));
#5952=CARTESIAN_POINT('',(-1.5,18.7082869338697,32.5));
#5953=CARTESIAN_POINT('',(-1.5,18.7082869338697,37.));
#5954=CARTESIAN_POINT('',(-1.5,23.2964605194545,32.5));
#5955=CARTESIAN_POINT('Origin',(-5.5,18.7082869338697,37.));
#5956=CARTESIAN_POINT('',(-4.37179487179487,14.8706896141016,32.5));
#5957=CARTESIAN_POINT('',(-4.37179487179487,14.8706896141016,37.));
#5958=CARTESIAN_POINT('Origin',(-5.5,18.7082869338697,32.5));
#5959=CARTESIAN_POINT('Origin',(0.,0.,37.));
#5960=CARTESIAN_POINT('',(-5.20391569938442,14.6003171675721,32.5));
#5961=CARTESIAN_POINT('',(-5.20391569938442,14.6003171675721,37.));
#5962=CARTESIAN_POINT('Origin',(0.,0.,32.5));
#5963=CARTESIAN_POINT('Origin',(0.,0.,36.5));
#5964=CARTESIAN_POINT('',(15.4938251705998,0.437471808106162,36.5));
#5965=CARTESIAN_POINT('Origin',(14.994024358645,0.423359814296285,36.5));
#5966=CARTESIAN_POINT('',(15.4938251705998,-0.437471808106159,36.5));
#5967=CARTESIAN_POINT('Origin',(0.,0.,36.5));
#5968=CARTESIAN_POINT('Origin',(14.994024358645,-0.423359814296283,36.5));
#5969=CARTESIAN_POINT('Origin',(19.4922316662385,-0.550367758585168,36.5));
#5970=CARTESIAN_POINT('',(18.2561636887387,-4.35459382376578,36.5));
#5971=CARTESIAN_POINT('Origin',(18.1016551915512,-4.83012208191336,36.5));
#5972=CARTESIAN_POINT('Origin',(19.4922316662385,-0.550367758585168,36.5));
#5973=CARTESIAN_POINT('Origin',(12.9617552555682,-3.16006735604624,36.5));
#5974=CARTESIAN_POINT('',(23.6695480986735,-6.11350904183374,36.5));
#5975=CARTESIAN_POINT('Origin',(23.515039601486,-6.58903729998132,36.5));
#5976=CARTESIAN_POINT('',(13.1162637527557,-2.68453909789866,36.5));
#5977=CARTESIAN_POINT('Origin',(24.2875820874234,-4.21139600924344,36.5));
#5978=CARTESIAN_POINT('',(26.2581769829547,-4.55309142581491,36.5));
#5979=CARTESIAN_POINT('Origin',(26.7508257068375,-4.63851527995778,36.5));
#5980=CARTESIAN_POINT('Origin',(24.2875820874234,-4.21139600924344,36.5));
#5981=CARTESIAN_POINT('Origin',(0.,0.,36.5));
#5982=CARTESIAN_POINT('',(26.2581769829547,4.55309142581492,36.5));
#5983=CARTESIAN_POINT('Origin',(26.7508257068375,4.63851527995778,36.5));
#5984=CARTESIAN_POINT('Origin',(0.,0.,36.5));
#5985=CARTESIAN_POINT('Origin',(24.2875820874234,4.21139600924344,36.5));
#5986=CARTESIAN_POINT('',(23.6695480986735,6.11350904183375,36.5));
#5987=CARTESIAN_POINT('Origin',(23.515039601486,6.58903729998132,36.5));
#5988=CARTESIAN_POINT('Origin',(24.2875820874234,4.21139600924344,36.5));
#5989=CARTESIAN_POINT('Origin',(7.64510965891066,1.43258448380224,36.5));
#5990=CARTESIAN_POINT('',(18.2561636887387,4.35459382376579,36.5));
#5991=CARTESIAN_POINT('Origin',(18.1016551915512,4.83012208191336,36.5));
#5992=CARTESIAN_POINT('',(7.79961815609814,0.957056225654666,36.5));
#5993=CARTESIAN_POINT('Origin',(19.4922316662385,0.550367758585171,36.5));
#5994=CARTESIAN_POINT('Origin',(19.4922316662385,0.550367758585171,36.5));
#5995=CARTESIAN_POINT('Origin',(24.2875820874234,-4.21139600924344,37.));
#5996=CARTESIAN_POINT('',(23.6695480986735,-6.11350904183374,32.5));
#5997=CARTESIAN_POINT('',(23.6695480986735,-6.11350904183374,37.));
#5998=CARTESIAN_POINT('',(26.2581769829547,-4.55309142581491,32.5));
#5999=CARTESIAN_POINT('Origin',(24.2875820874234,-4.21139600924344,32.5));
#6000=CARTESIAN_POINT('',(26.2581769829547,-4.55309142581491,37.));
#6001=CARTESIAN_POINT('Origin',(25.769002013949,-6.79566297024006,37.));
#6002=CARTESIAN_POINT('',(18.2561636887387,-4.35459382376578,32.5));
#6003=CARTESIAN_POINT('',(18.2561636887387,-4.35459382376578,37.));
#6004=CARTESIAN_POINT('',(22.5651463773262,-5.75466717001449,32.5));
#6005=CARTESIAN_POINT('Origin',(19.4922316662385,-0.550367758585168,37.));
#6006=CARTESIAN_POINT('',(15.4938251705998,-0.437471808106159,32.5));
#6007=CARTESIAN_POINT('',(15.4938251705998,-0.437471808106159,37.));
#6008=CARTESIAN_POINT('Origin',(19.4922316662385,-0.550367758585168,32.5));
#6009=CARTESIAN_POINT('Origin',(0.,0.,37.));
#6010=CARTESIAN_POINT('',(15.4938251705998,0.437471808106162,32.5));
#6011=CARTESIAN_POINT('',(15.4938251705998,0.437471808106162,37.));
#6012=CARTESIAN_POINT('Origin',(0.,0.,32.5));
#6013=CARTESIAN_POINT('Origin',(0.,0.,36.5));
#6014=CARTESIAN_POINT('',(4.37179487179486,14.8706896141016,36.5));
#6015=CARTESIAN_POINT('Origin',(4.23076923076922,14.3909899491305,36.5));
#6016=CARTESIAN_POINT('',(5.20391569938445,14.6003171675721,36.5));
#6017=CARTESIAN_POINT('Origin',(0.,0.,36.5));
#6018=CARTESIAN_POINT('Origin',(5.03604745101721,14.1293391944246,36.5));
#6019=CARTESIAN_POINT('Origin',(6.54686168632237,18.368140952752,36.5));
#6020=CARTESIAN_POINT('',(9.78292966382216,16.0169999435821,36.5));
#6021=CARTESIAN_POINT('Origin',(10.1874381610096,15.7231073174358,36.5));
#6022=CARTESIAN_POINT('Origin',(6.54686168632237,18.368140952752,36.5));
#6023=CARTESIAN_POINT('Origin',(7.01080530179875,11.3508472820433,36.5));
#6024=CARTESIAN_POINT('',(13.1285852233307,20.6218997678134,36.5));
#6025=CARTESIAN_POINT('Origin',(13.5330937205181,20.3280071416672,36.5));
#6026=CARTESIAN_POINT('',(6.60629680461128,11.6447399081896,36.5));
#6027=CARTESIAN_POINT('Origin',(11.5105512345808,21.7974702723984,36.5));
#6028=CARTESIAN_POINT('',(12.4444701988469,23.5660276981508,36.5));
#6029=CARTESIAN_POINT('Origin',(12.6779499399135,24.0081670545889,36.5));
#6030=CARTESIAN_POINT('Origin',(11.5105512345808,21.7974702723984,36.5));
#6031=CARTESIAN_POINT('Origin',(0.,0.,36.5));
#6032=CARTESIAN_POINT('',(3.78397565922917,26.3799929531901,36.5));
#6033=CARTESIAN_POINT('Origin',(3.85496957403648,26.8749271549385,36.5));
#6034=CARTESIAN_POINT('Origin',(0.,0.,36.5));
#6035=CARTESIAN_POINT('Origin',(3.49999999999997,24.4002561461965,36.5));
#6036=CARTESIAN_POINT('',(1.49999999999997,24.4002561461965,36.5));
#6037=CARTESIAN_POINT('Origin',(0.999999999999967,24.4002561461965,36.5));
#6038=CARTESIAN_POINT('Origin',(3.49999999999997,24.4002561461965,36.5));
#6039=CARTESIAN_POINT('Origin',(1.00000000000003,7.71362431027076,36.5));
#6040=CARTESIAN_POINT('',(1.49999999999999,18.7082869338697,36.5));
#6041=CARTESIAN_POINT('Origin',(0.999999999999989,18.7082869338697,36.5));
#6042=CARTESIAN_POINT('',(1.50000000000003,7.71362431027076,36.5));
#6043=CARTESIAN_POINT('Origin',(5.49999999999999,18.7082869338697,36.5));
#6044=CARTESIAN_POINT('Origin',(5.49999999999999,18.7082869338697,36.5));
#6045=CARTESIAN_POINT('Origin',(11.5105512345808,21.7974702723984,37.));
#6046=CARTESIAN_POINT('',(13.1285852233307,20.6218997678134,32.5));
#6047=CARTESIAN_POINT('',(13.1285852233307,20.6218997678134,37.));
#6048=CARTESIAN_POINT('',(12.4444701988469,23.5660276981508,32.5));
#6049=CARTESIAN_POINT('Origin',(11.5105512345808,21.7974702723984,32.5));
#6050=CARTESIAN_POINT('',(12.4444701988469,23.5660276981508,37.));
#6051=CARTESIAN_POINT('Origin',(14.426119100785,22.4078019379404,37.));
#6052=CARTESIAN_POINT('',(9.78292966382216,16.0169999435821,32.5));
#6053=CARTESIAN_POINT('',(9.78292966382216,16.0169999435821,37.));
#6054=CARTESIAN_POINT('',(12.73363767136,20.0783010977466,32.5));
#6055=CARTESIAN_POINT('Origin',(6.54686168632237,18.368140952752,37.));
#6056=CARTESIAN_POINT('',(5.20391569938445,14.6003171675721,32.5));
#6057=CARTESIAN_POINT('',(5.20391569938445,14.6003171675721,37.));
#6058=CARTESIAN_POINT('Origin',(6.54686168632237,18.368140952752,32.5));
#6059=CARTESIAN_POINT('Origin',(0.,0.,37.));
#6060=CARTESIAN_POINT('',(4.37179487179486,14.8706896141016,32.5));
#6061=CARTESIAN_POINT('',(4.37179487179486,14.8706896141016,37.));
#6062=CARTESIAN_POINT('Origin',(0.,0.,32.5));
#6063=CARTESIAN_POINT('Origin',(19.4922316662385,-0.550367758585168,32.5));
#6064=CARTESIAN_POINT('',(15.9936259825546,-0.451583801916035,32.));
#6065=CARTESIAN_POINT('Origin',(15.9936259825546,-0.451583801916035,32.5));
#6066=CARTESIAN_POINT('',(18.4106721859262,-3.8790655656182,32.));
#6067=CARTESIAN_POINT('Origin',(19.4922316662385,-0.550367758585168,32.));
#6068=CARTESIAN_POINT('Origin',(18.4106721859262,-3.8790655656182,32.5));
#6069=CARTESIAN_POINT('Origin',(22.7196548745137,-5.27913891186691,32.5));
#6070=CARTESIAN_POINT('',(23.8240565958609,-5.63798078368617,32.));
#6071=CARTESIAN_POINT('Origin',(23.8240565958609,-5.63798078368617,32.5));
#6072=CARTESIAN_POINT('',(22.7196548745137,-5.27913891186691,32.));
#6073=CARTESIAN_POINT('Origin',(24.2875820874234,-4.21139600924344,32.5));
#6074=CARTESIAN_POINT('',(25.7655282590718,-4.46766757167205,32.));
#6075=CARTESIAN_POINT('Origin',(25.7655282590718,-4.46766757167205,32.5));
#6076=CARTESIAN_POINT('Origin',(24.2875820874234,-4.21139600924344,32.));
#6077=CARTESIAN_POINT('Origin',(0.,0.,32.5));
#6078=CARTESIAN_POINT('',(25.7655282590719,4.46766757167205,32.));
#6079=CARTESIAN_POINT('',(26.2581769829547,4.55309142581492,32.5));
#6080=CARTESIAN_POINT('Origin',(25.7655282590719,4.46766757167205,32.5));
#6081=CARTESIAN_POINT('Origin',(0.,0.,32.5));
#6082=CARTESIAN_POINT('Origin',(0.,0.,32.));
#6083=CARTESIAN_POINT('Origin',(24.2875820874234,4.21139600924344,32.5));
#6084=CARTESIAN_POINT('',(23.8240565958609,5.63798078368617,32.));
#6085=CARTESIAN_POINT('',(23.6695480986735,6.11350904183375,32.5));
#6086=CARTESIAN_POINT('Origin',(23.8240565958609,5.63798078368617,32.5));
#6087=CARTESIAN_POINT('Origin',(24.2875820874234,4.21139600924344,32.5));
#6088=CARTESIAN_POINT('Origin',(24.2875820874234,4.21139600924344,32.));
#6089=CARTESIAN_POINT('Origin',(17.4030092778561,3.55165603962291,32.5));
#6090=CARTESIAN_POINT('',(18.4106721859262,3.87906556561821,32.));
#6091=CARTESIAN_POINT('',(18.2561636887387,4.35459382376579,32.5));
#6092=CARTESIAN_POINT('Origin',(18.4106721859262,3.87906556561821,32.5));
#6093=CARTESIAN_POINT('',(17.2485007806686,4.02718429777049,32.5));
#6094=CARTESIAN_POINT('',(17.4030092778561,3.55165603962291,32.));
#6095=CARTESIAN_POINT('Origin',(19.4922316662385,0.550367758585171,32.5));
#6096=CARTESIAN_POINT('',(15.9936259825546,0.451583801916038,32.));
#6097=CARTESIAN_POINT('Origin',(15.9936259825546,0.451583801916038,32.5));
#6098=CARTESIAN_POINT('Origin',(19.4922316662385,0.550367758585171,32.5));
#6099=CARTESIAN_POINT('Origin',(19.4922316662385,0.550367758585171,32.));
#6100=CARTESIAN_POINT('Origin',(0.,0.,32.5));
#6101=CARTESIAN_POINT('Origin',(0.,0.,32.));
#6102=CARTESIAN_POINT('Origin',(15.1357108206339,3.34069722575206,37.));
#6103=CARTESIAN_POINT('',(23.6695480986735,6.11350904183375,37.));
#6104=CARTESIAN_POINT('',(18.2561636887387,4.35459382376579,37.));
#6105=CARTESIAN_POINT('Origin',(19.4922316662385,0.550367758585171,37.));
#6106=CARTESIAN_POINT('Origin',(20.8928554103169,2.22044604925031E-15,32.));
#6107=CARTESIAN_POINT('Origin',(11.5105512345809,-21.7974702723983,32.5));
#6108=CARTESIAN_POINT('',(12.4444701988471,-23.5660276981507,32.5));
#6109=CARTESIAN_POINT('',(12.2109904577805,-23.1238883417126,32.));
#6110=CARTESIAN_POINT('Origin',(12.2109904577805,-23.1238883417126,32.5));
#6111=CARTESIAN_POINT('',(12.7240767261433,-20.9157923939596,32.));
#6112=CARTESIAN_POINT('Origin',(11.5105512345809,-21.7974702723983,32.));
#6113=CARTESIAN_POINT('',(13.1285852233308,-20.6218997678133,32.5));
#6114=CARTESIAN_POINT('Origin',(12.7240767261433,-20.9157923939596,32.5));
#6115=CARTESIAN_POINT('Origin',(11.5105512345809,-21.7974702723983,32.5));
#6116=CARTESIAN_POINT('Origin',(9.04326148930067,-15.8495848493747,32.5));
#6117=CARTESIAN_POINT('',(9.37842116663471,-16.3108925697283,32.));
#6118=CARTESIAN_POINT('',(9.78292966382218,-16.016999943582,32.5));
#6119=CARTESIAN_POINT('Origin',(9.37842116663471,-16.3108925697283,32.5));
#6120=CARTESIAN_POINT('',(9.44776998648814,-15.5556922232285,32.5));
#6121=CARTESIAN_POINT('',(9.04326148930067,-15.8495848493747,32.));
#6122=CARTESIAN_POINT('Origin',(6.54686168632242,-18.368140952752,32.5));
#6123=CARTESIAN_POINT('',(5.37178394775173,-15.0712951407196,32.));
#6124=CARTESIAN_POINT('Origin',(5.37178394775173,-15.0712951407196,32.5));
#6125=CARTESIAN_POINT('Origin',(6.54686168632242,-18.368140952752,32.5));
#6126=CARTESIAN_POINT('Origin',(6.54686168632242,-18.368140952752,32.));
#6127=CARTESIAN_POINT('Origin',(0.,0.,32.5));
#6128=CARTESIAN_POINT('',(4.51282051282051,-15.3503892790726,32.));
#6129=CARTESIAN_POINT('Origin',(4.51282051282051,-15.3503892790726,32.5));
#6130=CARTESIAN_POINT('Origin',(0.,0.,32.));
#6131=CARTESIAN_POINT('Origin',(5.5,-18.7082869338697,32.5));
#6132=CARTESIAN_POINT('',(2.,-18.7082869338697,32.));
#6133=CARTESIAN_POINT('Origin',(2.,-18.7082869338697,32.5));
#6134=CARTESIAN_POINT('Origin',(5.5,-18.7082869338697,32.));
#6135=CARTESIAN_POINT('Origin',(2.,-23.2964605194545,32.5));
#6136=CARTESIAN_POINT('',(2.,-24.4002561461965,32.));
#6137=CARTESIAN_POINT('Origin',(2.,-24.4002561461965,32.5));
#6138=CARTESIAN_POINT('',(2.,-23.2964605194545,32.));
#6139=CARTESIAN_POINT('Origin',(3.49999999999999,-24.4002561461965,32.5));
#6140=CARTESIAN_POINT('',(3.7129817444219,-25.8850587514417,32.));
#6141=CARTESIAN_POINT('Origin',(3.7129817444219,-25.8850587514417,32.5));
#6142=CARTESIAN_POINT('Origin',(3.49999999999999,-24.4002561461965,32.));
#6143=CARTESIAN_POINT('Origin',(0.,0.,32.5));
#6144=CARTESIAN_POINT('Origin',(0.,0.,32.));
#6145=CARTESIAN_POINT('Origin',(0.,0.,32.5));
#6146=CARTESIAN_POINT('Origin',(0.,0.,37.));
#6147=CARTESIAN_POINT('',(12.4444701988471,-23.5660276981507,37.));
#6148=CARTESIAN_POINT('Origin',(11.5105512345809,-21.7974702723983,37.));
#6149=CARTESIAN_POINT('',(13.1285852233308,-20.6218997678133,37.));
#6150=CARTESIAN_POINT('Origin',(7.96305955039249,-19.9851684092711,32.));
#6151=CARTESIAN_POINT('Origin',(0.,0.,32.5));
#6152=CARTESIAN_POINT('',(-5.37178394775169,-15.0712951407196,32.));
#6153=CARTESIAN_POINT('Origin',(-5.37178394775169,-15.0712951407196,32.5));
#6154=CARTESIAN_POINT('',(-4.5128205128205,-15.3503892790726,32.));
#6155=CARTESIAN_POINT('Origin',(-4.5128205128205,-15.3503892790726,32.5));
#6156=CARTESIAN_POINT('Origin',(0.,0.,32.));
#6157=CARTESIAN_POINT('Origin',(-5.49999999999999,-18.7082869338697,32.5));
#6158=CARTESIAN_POINT('',(-1.49999999999999,-18.7082869338697,32.5));
#6159=CARTESIAN_POINT('',(-1.99999999999999,-18.7082869338697,32.));
#6160=CARTESIAN_POINT('Origin',(-1.99999999999999,-18.7082869338697,32.5));
#6161=CARTESIAN_POINT('Origin',(-5.49999999999999,-18.7082869338697,32.));
#6162=CARTESIAN_POINT('Origin',(-5.49999999999999,-18.7082869338697,32.5));
#6163=CARTESIAN_POINT('Origin',(-1.99999999999999,-17.7062085149063,32.5));
#6164=CARTESIAN_POINT('',(-1.49999999999997,-24.4002561461965,32.5));
#6165=CARTESIAN_POINT('',(-1.99999999999997,-24.4002561461965,32.));
#6166=CARTESIAN_POINT('Origin',(-1.99999999999997,-24.4002561461965,32.5));
#6167=CARTESIAN_POINT('',(-1.99999999999999,-17.7062085149063,32.));
#6168=CARTESIAN_POINT('',(-1.49999999999999,-17.7062085149063,32.5));
#6169=CARTESIAN_POINT('Origin',(-3.49999999999996,-24.4002561461965,32.5));
#6170=CARTESIAN_POINT('',(-3.78397565922917,-26.3799929531901,32.5));
#6171=CARTESIAN_POINT('',(-3.71298174442187,-25.8850587514417,32.));
#6172=CARTESIAN_POINT('Origin',(-3.71298174442187,-25.8850587514417,32.5));
#6173=CARTESIAN_POINT('Origin',(-3.49999999999996,-24.4002561461965,32.));
#6174=CARTESIAN_POINT('Origin',(-3.49999999999996,-24.4002561461965,32.5));
#6175=CARTESIAN_POINT('Origin',(0.,0.,32.5));
#6176=CARTESIAN_POINT('',(-12.2109904577804,-23.1238883417127,32.));
#6177=CARTESIAN_POINT('Origin',(-12.2109904577804,-23.1238883417127,32.5));
#6178=CARTESIAN_POINT('Origin',(0.,0.,32.));
#6179=CARTESIAN_POINT('Origin',(0.,0.,32.5));
#6180=CARTESIAN_POINT('Origin',(-11.5105512345808,-21.7974702723984,32.5));
#6181=CARTESIAN_POINT('',(-12.7240767261432,-20.9157923939597,32.));
#6182=CARTESIAN_POINT('Origin',(-12.7240767261432,-20.9157923939597,32.5));
#6183=CARTESIAN_POINT('Origin',(-11.5105512345808,-21.7974702723984,32.));
#6184=CARTESIAN_POINT('Origin',(-12.3291291741725,-20.3721937238929,32.5));
#6185=CARTESIAN_POINT('',(-9.37842116663469,-16.3108925697283,32.));
#6186=CARTESIAN_POINT('Origin',(-9.37842116663469,-16.3108925697283,32.5));
#6187=CARTESIAN_POINT('',(-12.3291291741725,-20.3721937238929,32.));
#6188=CARTESIAN_POINT('Origin',(-6.54686168632237,-18.368140952752,32.5));
#6189=CARTESIAN_POINT('Origin',(-6.54686168632237,-18.368140952752,32.));
#6190=CARTESIAN_POINT('Origin',(-3.49999999999996,-24.4002561461965,37.));
#6191=CARTESIAN_POINT('',(-3.78397565922917,-26.3799929531901,37.));
#6192=CARTESIAN_POINT('',(-1.49999999999997,-24.4002561461965,37.));
#6193=CARTESIAN_POINT('Origin',(-1.5,-15.4272486205415,37.));
#6194=CARTESIAN_POINT('',(-1.49999999999999,-18.7082869338697,37.));
#6195=CARTESIAN_POINT('Origin',(-5.49999999999999,-18.7082869338697,37.));
#6196=CARTESIAN_POINT('Origin',(-7.96305955039249,-19.9851684092711,32.));
#6197=CARTESIAN_POINT('Origin',(-19.4922316662385,0.550367758585169,32.5));
#6198=CARTESIAN_POINT('',(-15.9936259825546,0.451583801916037,32.));
#6199=CARTESIAN_POINT('Origin',(-15.9936259825546,0.451583801916037,32.5));
#6200=CARTESIAN_POINT('',(-18.4106721859262,3.87906556561821,32.));
#6201=CARTESIAN_POINT('Origin',(-19.4922316662385,0.550367758585169,32.));
#6202=CARTESIAN_POINT('Origin',(-18.4106721859262,3.87906556561821,32.5));
#6203=CARTESIAN_POINT('Origin',(-22.7196548745137,5.27913891186691,32.5));
#6204=CARTESIAN_POINT('',(-23.8240565958609,5.63798078368617,32.));
#6205=CARTESIAN_POINT('',(-23.6695480986735,6.11350904183375,32.5));
#6206=CARTESIAN_POINT('Origin',(-23.8240565958609,5.63798078368617,32.5));
#6207=CARTESIAN_POINT('',(-22.5651463773262,5.75466717001449,32.5));
#6208=CARTESIAN_POINT('',(-22.7196548745137,5.27913891186691,32.));
#6209=CARTESIAN_POINT('Origin',(-24.2875820874234,4.21139600924345,32.5));
#6210=CARTESIAN_POINT('',(-25.7655282590718,4.46766757167205,32.));
#6211=CARTESIAN_POINT('',(-26.2581769829547,4.55309142581492,32.5));
#6212=CARTESIAN_POINT('Origin',(-25.7655282590718,4.46766757167205,32.5));
#6213=CARTESIAN_POINT('Origin',(-24.2875820874234,4.21139600924345,32.5));
#6214=CARTESIAN_POINT('Origin',(-24.2875820874234,4.21139600924345,32.));
#6215=CARTESIAN_POINT('Origin',(0.,0.,32.5));
#6216=CARTESIAN_POINT('',(-25.7655282590719,-4.46766757167206,32.));
#6217=CARTESIAN_POINT('',(-26.2581769829547,-4.55309142581492,32.5));
#6218=CARTESIAN_POINT('Origin',(-25.7655282590719,-4.46766757167206,32.5));
#6219=CARTESIAN_POINT('Origin',(0.,0.,32.5));
#6220=CARTESIAN_POINT('Origin',(0.,0.,32.));
#6221=CARTESIAN_POINT('Origin',(-24.2875820874234,-4.21139600924345,32.5));
#6222=CARTESIAN_POINT('',(-23.8240565958609,-5.63798078368618,32.));
#6223=CARTESIAN_POINT('Origin',(-23.8240565958609,-5.63798078368618,32.5));
#6224=CARTESIAN_POINT('Origin',(-24.2875820874234,-4.21139600924345,32.5));
#6225=CARTESIAN_POINT('Origin',(-24.2875820874234,-4.21139600924345,32.));
#6226=CARTESIAN_POINT('Origin',(-17.4030092778561,-3.55165603962291,32.5));
#6227=CARTESIAN_POINT('',(-18.4106721859262,-3.87906556561821,32.));
#6228=CARTESIAN_POINT('Origin',(-18.4106721859262,-3.87906556561821,32.5));
#6229=CARTESIAN_POINT('',(-17.4030092778561,-3.55165603962291,32.));
#6230=CARTESIAN_POINT('Origin',(-19.4922316662385,-0.550367758585178,32.5));
#6231=CARTESIAN_POINT('',(-15.9936259825546,-0.451583801916043,32.));
#6232=CARTESIAN_POINT('Origin',(-15.9936259825546,-0.451583801916043,32.5));
#6233=CARTESIAN_POINT('Origin',(-19.4922316662385,-0.550367758585178,32.));
#6234=CARTESIAN_POINT('Origin',(0.,0.,32.5));
#6235=CARTESIAN_POINT('Origin',(0.,0.,32.));
#6236=CARTESIAN_POINT('Origin',(-20.8928554103169,4.44089209850063E-15,
32.));
#6237=CARTESIAN_POINT('Origin',(-3.5,24.4002561461965,32.5));
#6238=CARTESIAN_POINT('',(-2.,24.4002561461965,32.));
#6239=CARTESIAN_POINT('Origin',(-2.,24.4002561461965,32.5));
#6240=CARTESIAN_POINT('',(-3.7129817444219,25.8850587514417,32.));
#6241=CARTESIAN_POINT('Origin',(-3.5,24.4002561461965,32.));
#6242=CARTESIAN_POINT('Origin',(-3.7129817444219,25.8850587514417,32.5));
#6243=CARTESIAN_POINT('Origin',(0.,0.,32.5));
#6244=CARTESIAN_POINT('',(-12.2109904577803,23.1238883417128,32.));
#6245=CARTESIAN_POINT('',(-12.4444701988468,23.5660276981509,32.5));
#6246=CARTESIAN_POINT('Origin',(-12.2109904577803,23.1238883417128,32.5));
#6247=CARTESIAN_POINT('Origin',(0.,0.,32.5));
#6248=CARTESIAN_POINT('Origin',(0.,0.,32.));
#6249=CARTESIAN_POINT('Origin',(-11.5105512345806,21.7974702723984,32.5));
#6250=CARTESIAN_POINT('',(-12.7240767261431,20.9157923939598,32.));
#6251=CARTESIAN_POINT('',(-13.1285852233306,20.6218997678135,32.5));
#6252=CARTESIAN_POINT('Origin',(-12.7240767261431,20.9157923939598,32.5));
#6253=CARTESIAN_POINT('Origin',(-11.5105512345806,21.7974702723984,32.5));
#6254=CARTESIAN_POINT('Origin',(-11.5105512345806,21.7974702723984,32.));
#6255=CARTESIAN_POINT('Origin',(-9.04326148930063,15.8495848493748,32.5));
#6256=CARTESIAN_POINT('',(-9.37842116663468,16.3108925697284,32.));
#6257=CARTESIAN_POINT('',(-9.78292966382215,16.0169999435821,32.5));
#6258=CARTESIAN_POINT('Origin',(-9.37842116663468,16.3108925697284,32.5));
#6259=CARTESIAN_POINT('',(-9.44776998648811,15.5556922232286,32.5));
#6260=CARTESIAN_POINT('',(-9.04326148930063,15.8495848493748,32.));
#6261=CARTESIAN_POINT('Origin',(-6.54686168632233,18.368140952752,32.5));
#6262=CARTESIAN_POINT('',(-5.37178394775166,15.0712951407196,32.));
#6263=CARTESIAN_POINT('Origin',(-5.37178394775166,15.0712951407196,32.5));
#6264=CARTESIAN_POINT('Origin',(-6.54686168632233,18.368140952752,32.5));
#6265=CARTESIAN_POINT('Origin',(-6.54686168632233,18.368140952752,32.));
#6266=CARTESIAN_POINT('Origin',(0.,0.,32.5));
#6267=CARTESIAN_POINT('',(-4.51282051282051,15.3503892790726,32.));
#6268=CARTESIAN_POINT('Origin',(-4.51282051282051,15.3503892790726,32.5));
#6269=CARTESIAN_POINT('Origin',(0.,0.,32.));
#6270=CARTESIAN_POINT('Origin',(-5.5,18.7082869338697,32.5));
#6271=CARTESIAN_POINT('',(-2.,18.7082869338697,32.));
#6272=CARTESIAN_POINT('Origin',(-2.,18.7082869338697,32.5));
#6273=CARTESIAN_POINT('Origin',(-5.5,18.7082869338697,32.));
#6274=CARTESIAN_POINT('Origin',(-2.,23.2964605194545,32.5));
#6275=CARTESIAN_POINT('',(-2.,23.2964605194545,32.));
#6276=CARTESIAN_POINT('Origin',(-7.96305955039249,19.9851684092711,32.));
#6277=CARTESIAN_POINT('Origin',(11.5105512345808,21.7974702723984,32.5));
#6278=CARTESIAN_POINT('',(12.7240767261432,20.9157923939597,32.));
#6279=CARTESIAN_POINT('Origin',(12.7240767261432,20.9157923939597,32.5));
#6280=CARTESIAN_POINT('',(12.2109904577804,23.1238883417127,32.));
#6281=CARTESIAN_POINT('Origin',(11.5105512345808,21.7974702723984,32.));
#6282=CARTESIAN_POINT('Origin',(12.2109904577804,23.1238883417127,32.5));
#6283=CARTESIAN_POINT('Origin',(0.,0.,32.5));
#6284=CARTESIAN_POINT('',(3.71298174442187,25.8850587514417,32.));
#6285=CARTESIAN_POINT('',(3.78397565922917,26.3799929531901,32.5));
#6286=CARTESIAN_POINT('Origin',(3.71298174442187,25.8850587514417,32.5));
#6287=CARTESIAN_POINT('Origin',(0.,0.,32.5));
#6288=CARTESIAN_POINT('Origin',(0.,0.,32.));
#6289=CARTESIAN_POINT('Origin',(3.49999999999997,24.4002561461965,32.5));
#6290=CARTESIAN_POINT('',(1.99999999999997,24.4002561461965,32.));
#6291=CARTESIAN_POINT('',(1.49999999999997,24.4002561461965,32.5));
#6292=CARTESIAN_POINT('Origin',(1.99999999999997,24.4002561461965,32.5));
#6293=CARTESIAN_POINT('Origin',(3.49999999999997,24.4002561461965,32.5));
#6294=CARTESIAN_POINT('Origin',(3.49999999999997,24.4002561461965,32.));
#6295=CARTESIAN_POINT('Origin',(1.99999999999999,17.7062085149063,32.5));
#6296=CARTESIAN_POINT('',(1.99999999999999,18.7082869338697,32.));
#6297=CARTESIAN_POINT('',(1.49999999999999,18.7082869338697,32.5));
#6298=CARTESIAN_POINT('Origin',(1.99999999999999,18.7082869338697,32.5));
#6299=CARTESIAN_POINT('',(1.49999999999999,17.7062085149063,32.5));
#6300=CARTESIAN_POINT('',(1.99999999999999,17.7062085149063,32.));
#6301=CARTESIAN_POINT('Origin',(5.49999999999999,18.7082869338697,32.5));
#6302=CARTESIAN_POINT('',(4.51282051282051,15.3503892790726,32.));
#6303=CARTESIAN_POINT('Origin',(4.51282051282051,15.3503892790726,32.5));
#6304=CARTESIAN_POINT('Origin',(5.49999999999999,18.7082869338697,32.5));
#6305=CARTESIAN_POINT('Origin',(5.49999999999999,18.7082869338697,32.));
#6306=CARTESIAN_POINT('Origin',(0.,0.,32.5));
#6307=CARTESIAN_POINT('',(5.37178394775169,15.0712951407196,32.));
#6308=CARTESIAN_POINT('Origin',(5.37178394775169,15.0712951407196,32.5));
#6309=CARTESIAN_POINT('Origin',(0.,0.,32.));
#6310=CARTESIAN_POINT('Origin',(6.54686168632237,18.368140952752,32.5));
#6311=CARTESIAN_POINT('',(9.37842116663469,16.3108925697283,32.));
#6312=CARTESIAN_POINT('Origin',(9.37842116663469,16.3108925697283,32.5));
#6313=CARTESIAN_POINT('Origin',(6.54686168632237,18.368140952752,32.));
#6314=CARTESIAN_POINT('Origin',(12.3291291741725,20.3721937238929,32.5));
#6315=CARTESIAN_POINT('',(12.3291291741725,20.3721937238929,32.));
#6316=CARTESIAN_POINT('Origin',(7.96305955039249,19.9851684092711,32.));
#6317=CARTESIAN_POINT('Origin',(6.54686168632242,-18.368140952752,37.));
#6318=CARTESIAN_POINT('',(9.78292966382218,-16.016999943582,37.));
#6319=CARTESIAN_POINT('Origin',(7.85438373104128,-13.3625841889043,37.));
#6320=CARTESIAN_POINT('Origin',(-25.769002013949,6.79566297024007,37.));
#6321=CARTESIAN_POINT('',(-23.6695480986735,6.11350904183375,37.));
#6322=CARTESIAN_POINT('Origin',(-6.54686168632233,18.368140952752,37.));
#6323=CARTESIAN_POINT('',(-9.78292966382215,16.0169999435821,37.));
#6324=CARTESIAN_POINT('Origin',(-24.2875820874234,-4.21139600924345,37.));
#6325=CARTESIAN_POINT('',(-26.2581769829547,-4.55309142581492,37.));
#6326=CARTESIAN_POINT('Origin',(-24.2875820874234,4.21139600924345,37.));
#6327=CARTESIAN_POINT('',(-26.2581769829547,4.55309142581492,37.));
#6328=CARTESIAN_POINT('Origin',(0.,0.,37.));
#6329=CARTESIAN_POINT('Origin',(0.,0.,37.));
#6330=CARTESIAN_POINT('',(26.2581769829547,4.55309142581492,37.));
#6331=CARTESIAN_POINT('Origin',(24.2875820874234,4.21139600924344,37.));
#6332=CARTESIAN_POINT('Origin',(-11.5105512345806,21.7974702723984,37.));
#6333=CARTESIAN_POINT('',(-12.4444701988468,23.5660276981509,37.));
#6334=CARTESIAN_POINT('',(-13.1285852233306,20.6218997678135,37.));
#6335=CARTESIAN_POINT('Origin',(-7.85438373104128,13.3625841889043,37.));
#6336=CARTESIAN_POINT('Origin',(18.5,-18.5,35.));
#6337=CARTESIAN_POINT('',(16.9,-18.5,38.));
#6338=CARTESIAN_POINT('',(16.9,-18.5,35.));
#6339=CARTESIAN_POINT('Origin',(18.5,-18.5,38.));
#6340=CARTESIAN_POINT('Origin',(18.5,18.5,35.));
#6341=CARTESIAN_POINT('',(16.9,18.5,38.));
#6342=CARTESIAN_POINT('',(16.9,18.5,35.));
#6343=CARTESIAN_POINT('Origin',(18.5,18.5,38.));
#6344=CARTESIAN_POINT('Origin',(-18.5,18.5,35.));
#6345=CARTESIAN_POINT('',(-20.1,18.5,38.));
#6346=CARTESIAN_POINT('',(-20.1,18.5,35.));
#6347=CARTESIAN_POINT('Origin',(-18.5,18.5,38.));
#6348=CARTESIAN_POINT('Origin',(-18.5,-18.5,35.));
#6349=CARTESIAN_POINT('',(-20.1,-18.5,38.));
#6350=CARTESIAN_POINT('',(-20.1,-18.5,35.));
#6351=CARTESIAN_POINT('Origin',(-18.5,-18.5,38.));
#6352=CARTESIAN_POINT('Origin',(5.49999999999999,18.7082869338697,37.));
#6353=CARTESIAN_POINT('',(1.49999999999999,18.7082869338697,37.));
#6354=CARTESIAN_POINT('Origin',(1.5,15.4272486205415,37.));
#6355=CARTESIAN_POINT('',(1.49999999999997,24.4002561461965,37.));
#6356=CARTESIAN_POINT('Origin',(3.49999999999997,24.4002561461965,37.));
#6357=CARTESIAN_POINT('',(3.78397565922917,26.3799929531901,37.));
#6358=CARTESIAN_POINT('Origin',(0.,0.,37.));
#6359=CARTESIAN_POINT('Origin',(-33.5743011256596,-2.69101792396805,33.2));
#6360=CARTESIAN_POINT('',(-33.5743011256596,-2.69101792396805,33.2));
#6361=CARTESIAN_POINT('',(-30.4566609170528,-2.70889331705857,33.2));
#6362=CARTESIAN_POINT('',(-16.795416809876,-2.78722182586055,33.2));
#6363=CARTESIAN_POINT('',(-33.5743011256596,-2.69101792396805,35.7));
#6364=CARTESIAN_POINT('',(-33.5743011256596,-2.69101792396805,33.2));
#6365=CARTESIAN_POINT('',(-30.4566609170528,-2.70889331705857,35.7));
#6366=CARTESIAN_POINT('',(-30.4566609170528,-2.70889331705857,35.7));
#6367=CARTESIAN_POINT('',(-30.4566609170528,-2.70889331705857,33.2));
#6368=CARTESIAN_POINT('Origin',(-34.9994869391822,-0.189509878416909,33.2));
#6369=CARTESIAN_POINT('',(-34.9994869391822,-0.189509878416909,33.2));
#6370=CARTESIAN_POINT('',(-30.7519107622213,-7.64492087110467,33.2));
#6371=CARTESIAN_POINT('',(-34.9994869391822,-0.189509878416909,35.7));
#6372=CARTESIAN_POINT('',(-34.9994869391822,-0.189509878416909,36.));
#6373=CARTESIAN_POINT('',(-33.5743011256596,-2.69101792396805,35.7));
#6374=CARTESIAN_POINT('Origin',(-33.5433400366215,2.70889331705855,33.2));
#6375=CARTESIAN_POINT('',(-33.5433400366215,2.70889331705855,33.2));
#6376=CARTESIAN_POINT('',(-34.9993076401767,0.220147015127983,33.2));
#6377=CARTESIAN_POINT('',(-29.8572072649768,9.00975418886327,33.2));
#6378=CARTESIAN_POINT('',(-33.5433400366215,2.70889331705855,35.7));
#6379=CARTESIAN_POINT('',(-33.5433400366215,2.70889331705855,33.2));
#6380=CARTESIAN_POINT('',(-34.9993076401767,0.220147015127983,35.7));
#6381=CARTESIAN_POINT('',(-35.117640685444,0.0178753930905118,35.7));
#6382=CARTESIAN_POINT('',(-34.9993076401767,0.220147015127974,36.));
#6383=CARTESIAN_POINT('Origin',(-30.4256998280147,2.69101792396804,33.2));
#6384=CARTESIAN_POINT('',(-30.4256998280147,2.69101792396804,33.2));
#6385=CARTESIAN_POINT('',(-15.2056356165345,2.6037517186208,33.2));
#6386=CARTESIAN_POINT('',(-30.4256998280147,2.69101792396804,35.7));
#6387=CARTESIAN_POINT('',(-30.4256998280147,2.69101792396804,33.2));
#6388=CARTESIAN_POINT('',(-33.5433400366215,2.70889331705855,35.7));
#6389=CARTESIAN_POINT('Origin',(-28.8823602682304,-0.0178753930905279,33.2));
#6390=CARTESIAN_POINT('',(-28.8823602682304,-0.017875393090528,33.2));
#6391=CARTESIAN_POINT('',(-25.3473769980308,-6.22253236300271,33.2));
#6392=CARTESIAN_POINT('',(-28.8823602682304,-0.017875393090528,35.7));
#6393=CARTESIAN_POINT('',(-28.8823602682304,-0.017875393090528,33.2));
#6394=CARTESIAN_POINT('',(-30.4256998280147,2.69101792396804,35.7));
#6395=CARTESIAN_POINT('Origin',(-30.4566609170528,-2.70889331705857,33.2));
#6396=CARTESIAN_POINT('',(-25.9833778209968,4.93747651673019,33.2));
#6397=CARTESIAN_POINT('',(-28.8823602682304,-0.017875393090528,35.7));
#6398=CARTESIAN_POINT('Origin',(-31.9411801341152,-7.21644966006352E-15,
35.7));
#6399=CARTESIAN_POINT('',(-35.,-4.28626379701574E-15,35.7));
#6400=CARTESIAN_POINT('Origin',(0.,0.,35.7));
#6401=CARTESIAN_POINT('Origin',(0.,0.,35.7));
#6402=CARTESIAN_POINT('',(-30.4000004768372,-7.3013709513437E-15,35.7));
#6403=CARTESIAN_POINT('Origin',(-32.0000004768372,-7.10542746348012E-15,
35.7));
#6404=CARTESIAN_POINT('Origin',(2.69101792396805,-33.5743011256596,33.2));
#6405=CARTESIAN_POINT('',(2.69101792396805,-33.5743011256596,33.2));
#6406=CARTESIAN_POINT('',(2.70889331705856,-30.4566609170528,33.2));
#6407=CARTESIAN_POINT('',(2.78722182586055,-16.795416809876,33.2));
#6408=CARTESIAN_POINT('',(2.69101792396805,-33.5743011256596,35.7));
#6409=CARTESIAN_POINT('',(2.69101792396805,-33.5743011256596,33.2));
#6410=CARTESIAN_POINT('',(2.70889331705856,-30.4566609170528,35.7));
#6411=CARTESIAN_POINT('',(2.70889331705856,-30.4566609170528,35.7));
#6412=CARTESIAN_POINT('',(2.70889331705856,-30.4566609170528,33.2));
#6413=CARTESIAN_POINT('Origin',(0.189509878416913,-34.9994869391821,33.2));
#6414=CARTESIAN_POINT('',(0.189509878416912,-34.9994869391821,33.2));
#6415=CARTESIAN_POINT('',(7.64492087110467,-30.7519107622213,33.2));
#6416=CARTESIAN_POINT('',(0.189509878416912,-34.9994869391821,35.7));
#6417=CARTESIAN_POINT('',(0.189509878416898,-34.9994869391822,36.));
#6418=CARTESIAN_POINT('',(2.69101792396805,-33.5743011256596,35.7));
#6419=CARTESIAN_POINT('Origin',(-2.70889331705856,-33.5433400366215,33.2));
#6420=CARTESIAN_POINT('',(-2.70889331705856,-33.5433400366215,33.2));
#6421=CARTESIAN_POINT('',(-0.220147015127985,-34.9993076401767,33.2));
#6422=CARTESIAN_POINT('',(-9.00975418886327,-29.8572072649768,33.2));
#6423=CARTESIAN_POINT('',(-2.70889331705856,-33.5433400366215,35.7));
#6424=CARTESIAN_POINT('',(-2.70889331705856,-33.5433400366215,33.2));
#6425=CARTESIAN_POINT('',(-0.220147015127985,-34.9993076401767,35.7));
#6426=CARTESIAN_POINT('',(-0.0178753930905153,-35.117640685444,35.7));
#6427=CARTESIAN_POINT('',(-0.220147015127987,-34.9993076401767,36.));
#6428=CARTESIAN_POINT('Origin',(-2.69101792396804,-30.4256998280147,33.2));
#6429=CARTESIAN_POINT('',(-2.69101792396804,-30.4256998280147,33.2));
#6430=CARTESIAN_POINT('',(-2.6037517186208,-15.2056356165345,33.2));
#6431=CARTESIAN_POINT('',(-2.69101792396804,-30.4256998280147,35.7));
#6432=CARTESIAN_POINT('',(-2.69101792396804,-30.4256998280147,33.2));
#6433=CARTESIAN_POINT('',(-2.70889331705856,-33.5433400366215,35.7));
#6434=CARTESIAN_POINT('Origin',(0.0178753930905251,-28.8823602682304,33.2));
#6435=CARTESIAN_POINT('',(0.0178753930905251,-28.8823602682304,33.2));
#6436=CARTESIAN_POINT('',(6.22253236300271,-25.3473769980308,33.2));
#6437=CARTESIAN_POINT('',(0.0178753930905251,-28.8823602682304,35.7));
#6438=CARTESIAN_POINT('',(0.0178753930905251,-28.8823602682304,33.2));
#6439=CARTESIAN_POINT('',(-2.69101792396804,-30.4256998280147,35.7));
#6440=CARTESIAN_POINT('Origin',(2.70889331705856,-30.4566609170528,33.2));
#6441=CARTESIAN_POINT('',(-4.93747651673019,-25.9833778209968,33.2));
#6442=CARTESIAN_POINT('',(0.0178753930905251,-28.8823602682304,35.7));
#6443=CARTESIAN_POINT('Origin',(3.88578058618805E-15,-31.9411801341152,
35.7));
#6444=CARTESIAN_POINT('Origin',(0.,0.,35.7));
#6445=CARTESIAN_POINT('',(1.6,-32.0000004768372,35.7));
#6446=CARTESIAN_POINT('Origin',(-3.91886981566724E-15,-32.0000004768372,
35.7));
#6447=CARTESIAN_POINT('Origin',(2.70889331705856,33.5433400366215,33.2));
#6448=CARTESIAN_POINT('',(2.70889331705856,33.5433400366215,33.2));
#6449=CARTESIAN_POINT('',(0.220147015127989,34.9993076401767,33.2));
#6450=CARTESIAN_POINT('',(9.00975418886327,29.8572072649768,33.2));
#6451=CARTESIAN_POINT('',(2.70889331705856,33.5433400366215,35.7));
#6452=CARTESIAN_POINT('',(2.70889331705856,33.5433400366215,33.2));
#6453=CARTESIAN_POINT('',(0.220147015127989,34.9993076401767,35.7));
#6454=CARTESIAN_POINT('',(0.0178753930905196,35.117640685444,35.7));
#6455=CARTESIAN_POINT('',(0.220147015127981,34.9993076401767,36.));
#6456=CARTESIAN_POINT('Origin',(2.69101792396804,30.4256998280147,33.2));
#6457=CARTESIAN_POINT('',(2.69101792396804,30.4256998280147,33.2));
#6458=CARTESIAN_POINT('',(2.6037517186208,15.2056356165345,33.2));
#6459=CARTESIAN_POINT('',(2.69101792396804,30.4256998280147,35.7));
#6460=CARTESIAN_POINT('',(2.69101792396804,30.4256998280147,33.2));
#6461=CARTESIAN_POINT('',(2.70889331705856,33.5433400366215,35.7));
#6462=CARTESIAN_POINT('Origin',(-0.0178753930905218,28.8823602682304,33.2));
#6463=CARTESIAN_POINT('',(-0.0178753930905215,28.8823602682304,33.2));
#6464=CARTESIAN_POINT('',(-6.22253236300271,25.3473769980308,33.2));
#6465=CARTESIAN_POINT('',(-0.0178753930905215,28.8823602682304,35.7));
#6466=CARTESIAN_POINT('',(-0.0178753930905215,28.8823602682304,33.2));
#6467=CARTESIAN_POINT('',(2.69101792396804,30.4256998280147,35.7));
#6468=CARTESIAN_POINT('Origin',(-2.70889331705856,30.4566609170528,33.2));
#6469=CARTESIAN_POINT('',(-2.70889331705856,30.4566609170528,33.2));
#6470=CARTESIAN_POINT('',(4.93747651673019,25.9833778209968,33.2));
#6471=CARTESIAN_POINT('',(-2.70889331705856,30.4566609170528,35.7));
#6472=CARTESIAN_POINT('',(-2.70889331705856,30.4566609170528,33.2));
#6473=CARTESIAN_POINT('',(-0.0178753930905215,28.8823602682304,35.7));
#6474=CARTESIAN_POINT('Origin',(-2.69101792396805,33.5743011256596,33.2));
#6475=CARTESIAN_POINT('',(-2.69101792396805,33.5743011256596,33.2));
#6476=CARTESIAN_POINT('',(-2.78722182586055,16.795416809876,33.2));
#6477=CARTESIAN_POINT('',(-2.69101792396805,33.5743011256596,35.7));
#6478=CARTESIAN_POINT('',(-2.69101792396805,33.5743011256596,33.2));
#6479=CARTESIAN_POINT('',(-2.70889331705856,30.4566609170528,35.7));
#6480=CARTESIAN_POINT('Origin',(-0.189509878416908,34.9994869391821,33.2));
#6481=CARTESIAN_POINT('',(-0.189509878416908,34.9994869391821,33.2));
#6482=CARTESIAN_POINT('',(-7.64492087110466,30.7519107622213,33.2));
#6483=CARTESIAN_POINT('',(-0.189509878416908,34.9994869391821,35.7));
#6484=CARTESIAN_POINT('',(-0.189509878416896,34.9994869391822,36.));
#6485=CARTESIAN_POINT('',(-2.69101792396805,33.5743011256596,35.7));
#6486=CARTESIAN_POINT('Origin',(-5.55111512312578E-16,31.9411801341152,
35.7));
#6487=CARTESIAN_POINT('Origin',(0.,0.,35.7));
#6488=CARTESIAN_POINT('',(1.6,32.0000004768372,35.7));
#6489=CARTESIAN_POINT('Origin',(0.,32.0000004768372,35.7));
#6490=CARTESIAN_POINT('Origin',(33.5743011256596,2.69101792396804,33.2));
#6491=CARTESIAN_POINT('',(33.5743011256596,2.69101792396804,33.2));
#6492=CARTESIAN_POINT('',(30.4566609170528,2.70889331705856,33.2));
#6493=CARTESIAN_POINT('',(16.795416809876,2.78722182586054,33.2));
#6494=CARTESIAN_POINT('',(33.5743011256596,2.69101792396804,35.7));
#6495=CARTESIAN_POINT('',(33.5743011256596,2.69101792396804,33.2));
#6496=CARTESIAN_POINT('',(30.4566609170528,2.70889331705856,35.7));
#6497=CARTESIAN_POINT('',(30.4566609170528,2.70889331705856,35.7));
#6498=CARTESIAN_POINT('',(30.4566609170528,2.70889331705856,33.2));
#6499=CARTESIAN_POINT('Origin',(34.9994869391821,0.189509878416917,33.2));
#6500=CARTESIAN_POINT('',(34.9994869391821,0.189509878416917,33.2));
#6501=CARTESIAN_POINT('',(30.7519107622213,7.64492087110467,33.2));
#6502=CARTESIAN_POINT('',(34.9994869391821,0.189509878416917,35.7));
#6503=CARTESIAN_POINT('',(34.9994869391822,0.189509878416911,36.));
#6504=CARTESIAN_POINT('',(33.5743011256596,2.69101792396804,35.7));
#6505=CARTESIAN_POINT('Origin',(33.5433400366215,-2.70889331705857,33.2));
#6506=CARTESIAN_POINT('',(33.5433400366215,-2.70889331705857,33.2));
#6507=CARTESIAN_POINT('',(34.9993076401767,-0.22014701512801,33.2));
#6508=CARTESIAN_POINT('',(29.8572072649768,-9.00975418886328,33.2));
#6509=CARTESIAN_POINT('',(33.5433400366215,-2.70889331705857,35.7));
#6510=CARTESIAN_POINT('',(33.5433400366215,-2.70889331705857,33.2));
#6511=CARTESIAN_POINT('',(34.9993076401767,-0.22014701512801,35.7));
#6512=CARTESIAN_POINT('',(35.117640685444,-0.0178753930905274,35.7));
#6513=CARTESIAN_POINT('',(34.9993076401767,-0.220147015128014,36.));
#6514=CARTESIAN_POINT('Origin',(30.4256998280147,-2.69101792396805,33.2));
#6515=CARTESIAN_POINT('',(30.4256998280147,-2.69101792396805,33.2));
#6516=CARTESIAN_POINT('',(15.2056356165345,-2.60375171862081,33.2));
#6517=CARTESIAN_POINT('',(30.4256998280147,-2.69101792396805,35.7));
#6518=CARTESIAN_POINT('',(30.4256998280147,-2.69101792396805,33.2));
#6519=CARTESIAN_POINT('',(33.5433400366215,-2.70889331705857,35.7));
#6520=CARTESIAN_POINT('Origin',(28.8823602682304,0.0178753930905151,33.2));
#6521=CARTESIAN_POINT('',(28.8823602682304,0.0178753930905151,33.2));
#6522=CARTESIAN_POINT('',(25.3473769980308,6.22253236300271,33.2));
#6523=CARTESIAN_POINT('',(28.8823602682304,0.0178753930905151,35.7));
#6524=CARTESIAN_POINT('',(28.8823602682304,0.0178753930905151,33.2));
#6525=CARTESIAN_POINT('',(30.4256998280147,-2.69101792396805,35.7));
#6526=CARTESIAN_POINT('Origin',(30.4566609170528,2.70889331705856,33.2));
#6527=CARTESIAN_POINT('',(25.9833778209968,-4.9374765167302,33.2));
#6528=CARTESIAN_POINT('',(28.8823602682304,0.0178753930905151,35.7));
#6529=CARTESIAN_POINT('Origin',(31.9411801341152,-6.66133814775094E-15,
35.7));
#6530=CARTESIAN_POINT('Origin',(0.,0.,35.7));
#6531=CARTESIAN_POINT('',(33.6000004768372,-7.3013709513437E-15,35.7));
#6532=CARTESIAN_POINT('Origin',(32.0000004768372,-7.10542746348012E-15,
35.7));
#6533=CARTESIAN_POINT('Origin',(0.,0.,33.2));
#6534=CARTESIAN_POINT('Origin',(0.,0.,33.2));
#6535=CARTESIAN_POINT('Origin',(0.,0.,33.2));
#6536=CARTESIAN_POINT('Origin',(0.,0.,33.2));
#6537=CARTESIAN_POINT('Origin',(0.,0.,33.2));
#6538=CARTESIAN_POINT('',(-21.0274173351443,-22.6274173351443,33.2));
#6539=CARTESIAN_POINT('Origin',(-22.6274173351443,-22.6274173351443,33.2));
#6540=CARTESIAN_POINT('',(24.2274173351443,22.6274173351443,33.2));
#6541=CARTESIAN_POINT('Origin',(22.6274173351443,22.6274173351443,33.2));
#6542=CARTESIAN_POINT('',(24.2274173351443,-22.6274173351443,33.2));
#6543=CARTESIAN_POINT('Origin',(22.6274173351443,-22.6274173351443,33.2));
#6544=CARTESIAN_POINT('',(-21.0274173351443,22.6274173351443,33.2));
#6545=CARTESIAN_POINT('Origin',(-22.6274173351443,22.6274173351443,33.2));
#6546=CARTESIAN_POINT('',(-28.5,3.49024337756996E-15,33.2));
#6547=CARTESIAN_POINT('Origin',(0.,0.,33.2));
#6548=CARTESIAN_POINT('Origin',(-22.6274173351443,-22.6274173351443,41.));
#6549=CARTESIAN_POINT('',(-21.0274173351443,-22.6274173351443,41.));
#6550=CARTESIAN_POINT('Origin',(-22.6274173351443,-22.6274173351443,41.));
#6551=CARTESIAN_POINT('',(-21.0274173351443,-22.6274173351443,41.));
#6552=CARTESIAN_POINT('Origin',(22.6274173351443,22.6274173351443,41.));
#6553=CARTESIAN_POINT('',(24.2274173351443,22.6274173351443,41.));
#6554=CARTESIAN_POINT('Origin',(22.6274173351443,22.6274173351443,41.));
#6555=CARTESIAN_POINT('',(24.2274173351443,22.6274173351443,41.));
#6556=CARTESIAN_POINT('Origin',(32.0000004768372,-7.10542746348012E-15,
41.));
#6557=CARTESIAN_POINT('',(33.6000004768372,-6.90948397561654E-15,41.));
#6558=CARTESIAN_POINT('Origin',(32.0000004768372,-7.10542746348012E-15,
41.));
#6559=CARTESIAN_POINT('',(33.6000004768372,-7.3013709513437E-15,41.));
#6560=CARTESIAN_POINT('Origin',(-32.0000004768372,-7.10542746348012E-15,
41.));
#6561=CARTESIAN_POINT('',(-30.4000004768372,-6.90948397561654E-15,41.));
#6562=CARTESIAN_POINT('Origin',(-32.0000004768372,-7.10542746348012E-15,
41.));
#6563=CARTESIAN_POINT('',(-30.4000004768372,-7.3013709513437E-15,41.));
#6564=CARTESIAN_POINT('Origin',(-3.91886981566724E-15,-32.0000004768372,
41.));
#6565=CARTESIAN_POINT('',(1.6,-32.0000004768372,41.));
#6566=CARTESIAN_POINT('Origin',(-3.91886981566724E-15,-32.0000004768372,
41.));
#6567=CARTESIAN_POINT('',(1.6,-32.0000004768372,41.));
#6568=CARTESIAN_POINT('Origin',(0.,32.0000004768372,41.));
#6569=CARTESIAN_POINT('',(1.6,32.0000004768372,41.));
#6570=CARTESIAN_POINT('Origin',(0.,32.0000004768372,41.));
#6571=CARTESIAN_POINT('',(1.6,32.0000004768372,41.));
#6572=CARTESIAN_POINT('Origin',(22.6274173351443,-22.6274173351443,41.));
#6573=CARTESIAN_POINT('',(24.2274173351443,-22.6274173351443,41.));
#6574=CARTESIAN_POINT('Origin',(22.6274173351443,-22.6274173351443,41.));
#6575=CARTESIAN_POINT('',(24.2274173351443,-22.6274173351443,41.));
#6576=CARTESIAN_POINT('Origin',(-22.6274173351443,22.6274173351443,41.));
#6577=CARTESIAN_POINT('',(-21.0274173351443,22.6274173351443,41.));
#6578=CARTESIAN_POINT('Origin',(-22.6274173351443,22.6274173351443,41.));
#6579=CARTESIAN_POINT('',(-21.0274173351443,22.6274173351443,41.));
#6580=CARTESIAN_POINT('Origin',(0.,0.,37.));
#6581=CARTESIAN_POINT('Origin',(0.,0.,37.));
#6582=CARTESIAN_POINT('Origin',(-5.64102354666528,18.6662490432858,36.));
#6583=CARTESIAN_POINT('',(-8.25035640251291,15.,38.5));
#6584=CARTESIAN_POINT('',(-8.82300406200475,15.4842685279463,38.5));
#6585=CARTESIAN_POINT('Origin',(-5.64102354666528,18.6662490432858,38.5));
#6586=CARTESIAN_POINT('',(-8.82300406200474,15.4842685279463,38.6250805792299));
#6587=CARTESIAN_POINT('',(-8.82300406200475,15.4842685279463,36.));
#6588=CARTESIAN_POINT('Ctrl Pts',(-8.8230040620047,15.4842685279463,38.6250805792299));
#6589=CARTESIAN_POINT('Ctrl Pts',(-8.81976695724387,15.4810314231855,38.6232888394192));
#6590=CARTESIAN_POINT('Ctrl Pts',(-8.81653891984023,15.4778132696213,38.6215310632171));
#6591=CARTESIAN_POINT('Ctrl Pts',(-8.65733137882049,15.3195701681044,38.5362034785625));
#6592=CARTESIAN_POINT('Ctrl Pts',(-8.4490671413469,15.1414258697452,38.4999999999999));
#6593=CARTESIAN_POINT('Ctrl Pts',(-8.25035640251226,14.9999999999995,38.5));
#6594=CARTESIAN_POINT('Origin',(-16.9031733638193,23.5644378297609,36.));
#6595=CARTESIAN_POINT('',(-14.3330685610541,20.9943330269957,38.5));
#6596=CARTESIAN_POINT('',(-6.78627056542427,13.4475350313659,38.5));
#6597=CARTESIAN_POINT('',(-14.3330685610541,20.9943330269957,41.));
#6598=CARTESIAN_POINT('',(-14.3330685610541,20.9943330269957,35.));
#6599=CARTESIAN_POINT('',(-10.3387355340584,17.,41.));
#6600=CARTESIAN_POINT('',(-6.78627056542427,13.4475350313659,41.));
#6601=CARTESIAN_POINT('',(-9.33873553405842,16.,40.));
#6602=CARTESIAN_POINT('Origin',(-10.3387355340584,17.,40.));
#6603=CARTESIAN_POINT('',(-9.33873553405842,16.,39.5));
#6604=CARTESIAN_POINT('',(-9.33873553405842,16.,38.5));
#6605=CARTESIAN_POINT('Origin',(-8.33873553405841,15.,39.5));
#6606=CARTESIAN_POINT('Origin',(-12.5653016080877,22.762099979962,35.));
#6607=CARTESIAN_POINT('',(-13.7735036857885,24.9507634395738,38.5));
#6608=CARTESIAN_POINT('Origin',(-12.5653016080877,22.762099979962,38.5));
#6609=CARTESIAN_POINT('',(-13.7735036857885,24.9507634395738,41.));
#6610=CARTESIAN_POINT('',(-13.7735036857885,24.9507634395738,35.));
#6611=CARTESIAN_POINT('Origin',(-12.5653016080877,22.762099979962,41.));
#6612=CARTESIAN_POINT('Origin',(0.,0.,35.));
#6613=CARTESIAN_POINT('Origin',(0.,0.,38.5));
#6614=CARTESIAN_POINT('Origin',(0.,0.,41.));
#6615=CARTESIAN_POINT('Origin',(0.,0.,35.));
#6616=CARTESIAN_POINT('',(-28.5,3.49024337756996E-15,35.));
#6617=CARTESIAN_POINT('Origin',(0.,0.,41.));
#6618=CARTESIAN_POINT('',(6.32455532033677,9.,40.));
#6619=CARTESIAN_POINT('',(7.54983443527075,8.,41.));
#6620=CARTESIAN_POINT('Ctrl Pts',(6.32455532033677,9.,40.));
#6621=CARTESIAN_POINT('Ctrl Pts',(6.32455532033677,9.,40.0636141948612));
#6622=CARTESIAN_POINT('Ctrl Pts',(6.33332679039848,8.99385318622859,40.1269251086493));
#6623=CARTESIAN_POINT('Ctrl Pts',(6.36636826554596,8.97049333563908,40.2490306953163));
#6624=CARTESIAN_POINT('Ctrl Pts',(6.39063577330599,8.95327440327098,40.3078249160115));
#6625=CARTESIAN_POINT('Ctrl Pts',(6.4800777600942,8.88898109837039,40.4729329855617));
#6626=CARTESIAN_POINT('Ctrl Pts',(6.56232085136671,8.8287371085247,40.567992400685));
#6627=CARTESIAN_POINT('Ctrl Pts',(6.77377653693951,8.66846196417848,40.7592085268876));
#6628=CARTESIAN_POINT('Ctrl Pts',(6.92796355995496,8.54668397777618,40.8499469559282));
#6629=CARTESIAN_POINT('Ctrl Pts',(7.24328883671156,8.28113838609412,40.9706875856193));
#6630=CARTESIAN_POINT('Ctrl Pts',(7.40450569929249,8.13715098691538,41.));
#6631=CARTESIAN_POINT('Ctrl Pts',(7.54983443527075,8.,41.));
#6632=CARTESIAN_POINT('',(6.32455532033677,9.,39.5));
#6633=CARTESIAN_POINT('',(6.32455532033677,9.,41.));
#6634=CARTESIAN_POINT('',(4.58257569495585,10.,38.5));
#6635=CARTESIAN_POINT('Ctrl Pts',(4.58257569495585,9.99999999999999,38.5));
#6636=CARTESIAN_POINT('Ctrl Pts',(4.83107256343283,9.88612442902447,38.5));
#6637=CARTESIAN_POINT('Ctrl Pts',(5.09824165258936,9.75141078445137,38.5196704763089));
#6638=CARTESIAN_POINT('Ctrl Pts',(5.5989382877849,9.47280158753554,38.6369213875957));
#6639=CARTESIAN_POINT('Ctrl Pts',(5.83293515409569,9.3287959350436,38.7322245129751));
#6640=CARTESIAN_POINT('Ctrl Pts',(6.10108438165804,9.1534868604982,38.9604417252712));
#6641=CARTESIAN_POINT('Ctrl Pts',(6.18045369933975,9.09981335175488,39.0504106691359));
#6642=CARTESIAN_POINT('Ctrl Pts',(6.26435552122359,9.04206848103705,39.2076234739907));
#6643=CARTESIAN_POINT('Ctrl Pts',(6.28667102511033,9.02652158009485,39.2637087228973));
#6644=CARTESIAN_POINT('Ctrl Pts',(6.31676559657314,9.00548845216958,39.3798989287215));
#6645=CARTESIAN_POINT('Ctrl Pts',(6.32455532033677,9.,39.4400007224796));
#6646=CARTESIAN_POINT('Ctrl Pts',(6.32455532033677,9.,39.5));
#6647=CARTESIAN_POINT('',(-4.58257569495585,10.,38.5));
#6648=CARTESIAN_POINT('Origin',(0.,0.,38.5));
#6649=CARTESIAN_POINT('',(-6.32455532033677,9.,39.5));
#6650=CARTESIAN_POINT('Ctrl Pts',(-6.32455532033677,9.,39.5));
#6651=CARTESIAN_POINT('Ctrl Pts',(-6.32455532033677,9.,39.4400007224796));
#6652=CARTESIAN_POINT('Ctrl Pts',(-6.31676559657314,9.00548845216958,39.3798989287215));
#6653=CARTESIAN_POINT('Ctrl Pts',(-6.28667102511034,9.02652158009485,39.2637087228973));
#6654=CARTESIAN_POINT('Ctrl Pts',(-6.26435552122359,9.04206848103705,39.2076234739907));
#6655=CARTESIAN_POINT('Ctrl Pts',(-6.18045369933975,9.09981335175488,39.0504106691359));
#6656=CARTESIAN_POINT('Ctrl Pts',(-6.10108438165804,9.1534868604982,38.9604417252712));
#6657=CARTESIAN_POINT('Ctrl Pts',(-5.83293515409569,9.3287959350436,38.7322245129751));
#6658=CARTESIAN_POINT('Ctrl Pts',(-5.5989382877849,9.47280158753554,38.6369213875957));
#6659=CARTESIAN_POINT('Ctrl Pts',(-5.09824165258936,9.75141078445137,38.5196704763089));
#6660=CARTESIAN_POINT('Ctrl Pts',(-4.83107256343283,9.88612442902447,38.5));
#6661=CARTESIAN_POINT('Ctrl Pts',(-4.58257569495585,9.99999999999999,38.5));
#6662=CARTESIAN_POINT('',(-6.32455532033677,9.,40.));
#6663=CARTESIAN_POINT('',(-6.32455532033677,9.,41.));
#6664=CARTESIAN_POINT('',(-7.54983443527075,8.,41.));
#6665=CARTESIAN_POINT('Ctrl Pts',(-7.54983443527075,8.,41.));
#6666=CARTESIAN_POINT('Ctrl Pts',(-7.40450569929249,8.13715098691538,41.));
#6667=CARTESIAN_POINT('Ctrl Pts',(-7.24328883671156,8.28113838609412,40.9706875856193));
#6668=CARTESIAN_POINT('Ctrl Pts',(-6.92796355995496,8.54668397777618,40.8499469559282));
#6669=CARTESIAN_POINT('Ctrl Pts',(-6.77377653693951,8.66846196417848,40.7592085268876));
#6670=CARTESIAN_POINT('Ctrl Pts',(-6.56232085136671,8.8287371085247,40.567992400685));
#6671=CARTESIAN_POINT('Ctrl Pts',(-6.4800777600942,8.88898109837039,40.4729329855617));
#6672=CARTESIAN_POINT('Ctrl Pts',(-6.39063577330599,8.95327440327098,40.3078249160115));
#6673=CARTESIAN_POINT('Ctrl Pts',(-6.36636826554596,8.97049333563908,40.2490306953163));
#6674=CARTESIAN_POINT('Ctrl Pts',(-6.33332679039848,8.99385318622858,40.1269251086493));
#6675=CARTESIAN_POINT('Ctrl Pts',(-6.32455532033677,9.,40.0636141948612));
#6676=CARTESIAN_POINT('Ctrl Pts',(-6.32455532033677,9.,40.));
#6677=CARTESIAN_POINT('',(11.,-1.34711147906209E-15,41.));
#6678=CARTESIAN_POINT('Origin',(0.,0.,41.));
#6679=CARTESIAN_POINT('',(11.,-1.34711147906209E-15,41.));
#6680=CARTESIAN_POINT('Origin',(0.,0.,41.));
#6681=CARTESIAN_POINT('Origin',(6.25,10.,39.5));
#6682=CARTESIAN_POINT('',(-11.5,10.,38.5));
#6683=CARTESIAN_POINT('',(6.25,10.,38.5));
#6684=CARTESIAN_POINT('',(-12.5,9.,39.5));
#6685=CARTESIAN_POINT('Origin',(-11.5,10.,39.5));
#6686=CARTESIAN_POINT('',(6.25,9.,39.5));
#6687=CARTESIAN_POINT('Origin',(6.25,8.,40.));
#6688=CARTESIAN_POINT('',(-12.5,9.,40.));
#6689=CARTESIAN_POINT('',(6.25,9.,40.));
#6690=CARTESIAN_POINT('',(-13.5,8.,41.));
#6691=CARTESIAN_POINT('Origin',(-13.5,8.,40.));
#6692=CARTESIAN_POINT('',(6.25,8.,41.));
#6693=CARTESIAN_POINT('Origin',(6.25,8.,40.));
#6694=CARTESIAN_POINT('',(13.5,8.,41.));
#6695=CARTESIAN_POINT('',(6.25,8.,41.));
#6696=CARTESIAN_POINT('',(12.5,9.,40.));
#6697=CARTESIAN_POINT('Origin',(13.5,8.,40.));
#6698=CARTESIAN_POINT('',(6.25,9.,40.));
#6699=CARTESIAN_POINT('Origin',(12.5,9.,41.));
#6700=CARTESIAN_POINT('',(-12.5,9.,41.));
#6701=CARTESIAN_POINT('Origin',(12.5,9.,41.));
#6702=CARTESIAN_POINT('',(12.5,9.,39.5));
#6703=CARTESIAN_POINT('',(12.5,9.,41.));
#6704=CARTESIAN_POINT('',(6.25,9.,39.5));
#6705=CARTESIAN_POINT('Origin',(0.,0.,41.));
#6706=CARTESIAN_POINT('',(-35.,-4.44089209850063E-15,41.));
#6707=CARTESIAN_POINT('Origin',(0.,0.,41.));
#6708=CARTESIAN_POINT('',(-13.5,17.,41.));
#6709=CARTESIAN_POINT('',(-13.5,4.5,41.));
#6710=CARTESIAN_POINT('',(-6.25,17.,41.));
#6711=CARTESIAN_POINT('',(13.5,17.,41.));
#6712=CARTESIAN_POINT('',(4.66936776702921,17.,41.));
#6713=CARTESIAN_POINT('',(13.5,8.,41.));
#6714=CARTESIAN_POINT('',(20.,-18.5,41.));
#6715=CARTESIAN_POINT('Origin',(18.5,-18.5,41.));
#6716=CARTESIAN_POINT('',(-17.,-18.5,41.));
#6717=CARTESIAN_POINT('Origin',(-18.5,-18.5,41.));
#6718=CARTESIAN_POINT('',(-17.,18.5,41.));
#6719=CARTESIAN_POINT('Origin',(-18.5,18.5,41.));
#6720=CARTESIAN_POINT('',(20.,18.5,41.));
#6721=CARTESIAN_POINT('Origin',(18.5,18.5,41.));
#6722=CARTESIAN_POINT('Origin',(0.,0.,36.));
#6723=CARTESIAN_POINT('',(-35.,-4.28626379701574E-15,36.));
#6724=CARTESIAN_POINT('Origin',(6.25,10.,39.5));
#6725=CARTESIAN_POINT('',(11.5,10.,38.5));
#6726=CARTESIAN_POINT('Origin',(11.5,10.,39.5));
#6727=CARTESIAN_POINT('',(6.25,10.,38.5));
#6728=CARTESIAN_POINT('Origin',(0.,12.5,38.5));
#6729=CARTESIAN_POINT('',(11.5,15.,38.5));
#6730=CARTESIAN_POINT('',(11.5,14.25,38.5));
#6731=CARTESIAN_POINT('',(4.66936776702921,15.,38.5));
#6732=CARTESIAN_POINT('',(-11.5,15.,38.5));
#6733=CARTESIAN_POINT('',(-6.25,15.,38.5));
#6734=CARTESIAN_POINT('',(-11.5,10.75,38.5));
#6735=CARTESIAN_POINT('Origin',(18.5,-18.5,38.));
#6736=CARTESIAN_POINT('',(20.,-18.5,38.));
#6737=CARTESIAN_POINT('Origin',(18.5,-18.5,38.));
#6738=CARTESIAN_POINT('Origin',(18.5,18.5,38.));
#6739=CARTESIAN_POINT('',(20.,18.5,38.));
#6740=CARTESIAN_POINT('Origin',(18.5,18.5,38.));
#6741=CARTESIAN_POINT('Origin',(-18.5,-18.5,38.));
#6742=CARTESIAN_POINT('',(-17.,-18.5,38.));
#6743=CARTESIAN_POINT('Origin',(-18.5,-18.5,38.));
#6744=CARTESIAN_POINT('Origin',(-18.5,18.5,38.));
#6745=CARTESIAN_POINT('',(-17.,18.5,38.));
#6746=CARTESIAN_POINT('Origin',(-18.5,18.5,38.));
#6747=CARTESIAN_POINT('Origin',(-11.5,10.75,39.5));
#6748=CARTESIAN_POINT('',(-12.5,16.,39.5));
#6749=CARTESIAN_POINT('',(-12.5,10.75,39.5));
#6750=CARTESIAN_POINT('Origin',(-11.5,15.,39.5));
#6751=CARTESIAN_POINT('Origin',(-6.25,15.,39.5));
#6752=CARTESIAN_POINT('',(-6.25,16.,39.5));
#6753=CARTESIAN_POINT('Origin',(-12.5,9.,41.));
#6754=CARTESIAN_POINT('',(-12.5,16.,40.));
#6755=CARTESIAN_POINT('',(-12.5,16.,41.));
#6756=CARTESIAN_POINT('',(-12.5,4.5,40.));
#6757=CARTESIAN_POINT('Origin',(-12.5,16.,41.));
#6758=CARTESIAN_POINT('',(-6.25,16.,40.));
#6759=CARTESIAN_POINT('Origin',(4.66936776702921,15.,39.5));
#6760=CARTESIAN_POINT('',(12.5,16.,39.5));
#6761=CARTESIAN_POINT('',(4.66936776702921,16.,39.5));
#6762=CARTESIAN_POINT('Origin',(11.5,15.,39.5));
#6763=CARTESIAN_POINT('Origin',(11.5,14.25,39.5));
#6764=CARTESIAN_POINT('',(12.5,14.25,39.5));
#6765=CARTESIAN_POINT('Origin',(-6.25,17.,40.));
#6766=CARTESIAN_POINT('Origin',(-13.5,17.,40.));
#6767=CARTESIAN_POINT('Origin',(-13.5,4.5,40.));
#6768=CARTESIAN_POINT('Origin',(13.5,8.,40.));
#6769=CARTESIAN_POINT('',(12.5,16.,40.));
#6770=CARTESIAN_POINT('',(12.5,8.,40.));
#6771=CARTESIAN_POINT('Origin',(13.5,17.,40.));
#6772=CARTESIAN_POINT('Origin',(4.66936776702921,17.,40.));
#6773=CARTESIAN_POINT('',(4.66936776702921,16.,40.));
#6774=CARTESIAN_POINT('Origin',(9.33873553405842,16.,41.));
#6775=CARTESIAN_POINT('',(12.5,16.,41.));
#6776=CARTESIAN_POINT('Origin',(12.5,16.,41.));
#6777=CARTESIAN_POINT('Origin',(18.5,18.5,41.));
#6778=CARTESIAN_POINT('',(20.,18.5,41.));
#6779=CARTESIAN_POINT('Origin',(18.5,-18.5,41.));
#6780=CARTESIAN_POINT('',(20.,-18.5,41.));
#6781=CARTESIAN_POINT('Origin',(-18.5,18.5,41.));
#6782=CARTESIAN_POINT('',(-17.,18.5,41.));
#6783=CARTESIAN_POINT('Origin',(-18.5,-18.5,41.));
#6784=CARTESIAN_POINT('',(-17.,-18.5,41.));
#6785=UNCERTAINTY_MEASURE_WITH_UNIT(LENGTH_MEASURE(0.01),#6789,
'DISTANCE_ACCURACY_VALUE',
'Maximum model space distance between geometric entities at asserted c
onnectivities');
#6786=UNCERTAINTY_MEASURE_WITH_UNIT(LENGTH_MEASURE(0.01),#6789,
'DISTANCE_ACCURACY_VALUE',
'Maximum model space distance between geometric entities at asserted c
onnectivities');
#6787=(
GEOMETRIC_REPRESENTATION_CONTEXT(3)
GLOBAL_UNCERTAINTY_ASSIGNED_CONTEXT((#6785))
GLOBAL_UNIT_ASSIGNED_CONTEXT((#6789,#6791,#6792))
REPRESENTATION_CONTEXT('','3D')
);
#6788=(
GEOMETRIC_REPRESENTATION_CONTEXT(3)
GLOBAL_UNCERTAINTY_ASSIGNED_CONTEXT((#6786))
GLOBAL_UNIT_ASSIGNED_CONTEXT((#6789,#6791,#6792))
REPRESENTATION_CONTEXT('','3D')
);
#6789=(
LENGTH_UNIT()
NAMED_UNIT(*)
SI_UNIT(.MILLI.,.METRE.)
);
#6790=(
LENGTH_UNIT()
NAMED_UNIT(*)
SI_UNIT($,.METRE.)
);
#6791=(
NAMED_UNIT(*)
PLANE_ANGLE_UNIT()
SI_UNIT($,.RADIAN.)
);
#6792=(
NAMED_UNIT(*)
SI_UNIT($,.STERADIAN.)
SOLID_ANGLE_UNIT()
);
#6793=SHAPE_DEFINITION_REPRESENTATION(#6794,#6795);
#6794=PRODUCT_DEFINITION_SHAPE('',$,#6797);
#6795=SHAPE_REPRESENTATION('',(#3773),#6787);
#6796=PRODUCT_DEFINITION_CONTEXT('part definition',#6801,'design');
#6797=PRODUCT_DEFINITION('5010-260KV','5010-260KV v6',#6798,#6796);
#6798=PRODUCT_DEFINITION_FORMATION('',$,#6803);
#6799=PRODUCT_RELATED_PRODUCT_CATEGORY('5010-260KV v6','5010-260KV v6',
(#6803));
#6800=APPLICATION_PROTOCOL_DEFINITION('international standard',
'automotive_design',2009,#6801);
#6801=APPLICATION_CONTEXT(
'Core Data for Automotive Mechanical Design Process');
#6802=PRODUCT_CONTEXT('part definition',#6801,'mechanical');
#6803=PRODUCT('5010-260KV','5010-260KV v6',$,(#6802));
#6804=PRESENTATION_STYLE_ASSIGNMENT((#6805));
#6805=SURFACE_STYLE_USAGE(.BOTH.,#6806);
#6806=SURFACE_SIDE_STYLE('',(#6807));
#6807=SURFACE_STYLE_FILL_AREA(#6808);
#6808=FILL_AREA_STYLE('Steel - Satin',(#6809));
#6809=FILL_AREA_STYLE_COLOUR('Steel - Satin',#6810);
#6810=COLOUR_RGB('Steel - Satin',0.627450980392157,0.627450980392157,0.627450980392157);
ENDSEC;
END-ISO-10303-21;
