ISO-10303-21;
HEADER;
/* Generated by software containing ST-Developer
 * from STEP Tools, Inc. (www.steptools.com) 
 */

FILE_DESCRIPTION(
/* description */ (''),
/* implementation_level */ '2;1');

FILE_NAME(
/* name */ 'NU80-holder.step',
/* time_stamp */ '2026-10-02T00:20:36+10:00',
/* author */ (''),
/* organization */ (''),
/* preprocessor_version */ 'ST-DEVELOPER v20.2',
/* originating_system */ 'Autodesk Translation Framework v15.15.0.0',
/* authorisation */ '');

FILE_SCHEMA (('AUTOMOTIVE_DESIGN { 1 0 10303 214 3 1 1 }'));
ENDSEC;

DATA;
#10=MECHANICAL_DESIGN_GEOMETRIC_PRESENTATION_REPRESENTATION('',(#13),#2812);
#11=SHAPE_REPRESENTATION_RELATIONSHIP('SRR','None',#2818,#12);
#12=ADVANCED_BREP_SHAPE_REPRESENTATION('',(#14),#2811);
#13=STYLED_ITEM('',(#2827),#14);
#14=MANIFOLD_SOLID_BREP('Body6',#1644);
#15=ELLIPSE('',#1716,3.45525332069938,3.);
#16=ELLIPSE('',#1718,3.23109888428071,3.);
#17=ELLIPSE('',#1725,3.45525332069938,3.);
#18=ELLIPSE('',#1727,3.2310988842807,3.);
#19=ELLIPSE('',#1734,3.45525332069938,3.);
#20=ELLIPSE('',#1736,3.2310988842807,3.);
#21=FACE_BOUND('',#295,.T.);
#22=FACE_BOUND('',#296,.T.);
#23=FACE_BOUND('',#297,.T.);
#24=FACE_BOUND('',#298,.T.);
#25=FACE_BOUND('',#299,.T.);
#26=FACE_BOUND('',#300,.T.);
#27=FACE_BOUND('',#301,.T.);
#28=FACE_BOUND('',#302,.T.);
#29=FACE_BOUND('',#303,.T.);
#30=FACE_BOUND('',#304,.T.);
#31=FACE_BOUND('',#305,.T.);
#32=FACE_BOUND('',#322,.T.);
#33=FACE_BOUND('',#325,.T.);
#34=FACE_BOUND('',#328,.T.);
#35=FACE_BOUND('',#333,.T.);
#36=FACE_BOUND('',#334,.T.);
#37=FACE_BOUND('',#352,.T.);
#38=FACE_BOUND('',#353,.T.);
#39=FACE_BOUND('',#354,.T.);
#40=FACE_BOUND('',#355,.T.);
#41=FACE_BOUND('',#356,.T.);
#42=FACE_BOUND('',#358,.T.);
#43=FACE_BOUND('',#361,.T.);
#44=FACE_BOUND('',#362,.T.);
#45=FACE_BOUND('',#363,.T.);
#46=FACE_BOUND('',#364,.T.);
#47=FACE_BOUND('',#365,.T.);
#48=FACE_BOUND('',#366,.T.);
#49=FACE_BOUND('',#367,.T.);
#50=FACE_BOUND('',#368,.T.);
#51=FACE_BOUND('',#369,.T.);
#52=FACE_BOUND('',#370,.T.);
#53=FACE_BOUND('',#371,.T.);
#54=FACE_BOUND('',#372,.T.);
#55=FACE_BOUND('',#373,.T.);
#56=FACE_BOUND('',#374,.T.);
#57=FACE_BOUND('',#375,.T.);
#58=FACE_BOUND('',#376,.T.);
#59=FACE_BOUND('',#377,.T.);
#60=FACE_BOUND('',#385,.T.);
#61=FACE_BOUND('',#392,.T.);
#62=FACE_BOUND('',#400,.T.);
#63=FACE_BOUND('',#408,.T.);
#64=FACE_BOUND('',#416,.T.);
#65=CIRCLE('',#1648,1.6);
#66=CIRCLE('',#1649,1.6);
#67=CIRCLE('',#1651,1.6);
#68=CIRCLE('',#1652,1.6);
#69=CIRCLE('',#1655,4.5);
#70=CIRCLE('',#1656,4.5);
#71=CIRCLE('',#1658,4.5);
#72=CIRCLE('',#1659,4.5);
#73=CIRCLE('',#1660,4.5);
#74=CIRCLE('',#1661,4.5);
#75=CIRCLE('',#1662,12.5);
#76=CIRCLE('',#1663,35.001177892073);
#77=CIRCLE('',#1664,35.);
#78=CIRCLE('',#1665,29.0011781281935);
#79=CIRCLE('',#1666,35.);
#80=CIRCLE('',#1667,29.0011781281935);
#81=CIRCLE('',#1668,35.);
#82=CIRCLE('',#1669,29.0011781281935);
#83=CIRCLE('',#1670,29.0011781281935);
#84=CIRCLE('',#1671,35.001177892073);
#85=CIRCLE('',#1672,28.9999999999999);
#86=CIRCLE('',#1673,35.001177892073);
#87=CIRCLE('',#1674,1.6);
#88=CIRCLE('',#1675,1.6);
#89=CIRCLE('',#1676,1.4);
#90=CIRCLE('',#1677,1.6);
#91=CIRCLE('',#1678,1.6);
#92=CIRCLE('',#1679,1.6);
#93=CIRCLE('',#1680,1.4);
#94=CIRCLE('',#1681,35.);
#95=CIRCLE('',#1682,28.9999999999999);
#96=CIRCLE('',#1683,1.6);
#97=CIRCLE('',#1684,1.6);
#98=CIRCLE('',#1685,1.6);
#99=CIRCLE('',#1687,4.5);
#100=CIRCLE('',#1690,4.5);
#101=CIRCLE('',#1693,4.5);
#102=CIRCLE('',#1696,4.5);
#103=CIRCLE('',#1699,1.6);
#104=CIRCLE('',#1701,1.6);
#105=CIRCLE('',#1703,1.6);
#106=CIRCLE('',#1705,35.001177892073);
#107=CIRCLE('',#1706,35.001177892073);
#108=CIRCLE('',#1710,12.5);
#109=CIRCLE('',#1712,3.);
#110=CIRCLE('',#1713,1.6);
#111=CIRCLE('',#1715,3.);
#112=CIRCLE('',#1717,3.);
#113=CIRCLE('',#1719,3.);
#114=CIRCLE('',#1721,3.);
#115=CIRCLE('',#1722,1.6);
#116=CIRCLE('',#1724,3.);
#117=CIRCLE('',#1726,3.);
#118=CIRCLE('',#1728,3.);
#119=CIRCLE('',#1730,3.);
#120=CIRCLE('',#1731,1.6);
#121=CIRCLE('',#1733,3.);
#122=CIRCLE('',#1735,3.);
#123=CIRCLE('',#1737,3.);
#124=CIRCLE('',#1744,1.6);
#125=CIRCLE('',#1746,1.6);
#126=CIRCLE('',#1748,1.6);
#127=CIRCLE('',#1752,1.6);
#128=CIRCLE('',#1754,1.6);
#129=CIRCLE('',#1756,1.4);
#130=CIRCLE('',#1758,1.4);
#131=CIRCLE('',#1759,1.4);
#132=CIRCLE('',#1761,1.6);
#133=CIRCLE('',#1763,1.6);
#134=CIRCLE('',#1765,1.6);
#135=CIRCLE('',#1767,1.4);
#136=CIRCLE('',#1771,1.6);
#137=CIRCLE('',#1773,29.0011781281935);
#138=CIRCLE('',#1774,29.0011781281935);
#139=CIRCLE('',#1775,29.0011781281935);
#140=CIRCLE('',#1776,29.0011781281935);
#141=CIRCLE('',#1778,1.6);
#142=CIRCLE('',#1779,1.6);
#143=CIRCLE('',#1780,1.6);
#144=CIRCLE('',#1781,1.6);
#145=CIRCLE('',#1783,28.9999999999999);
#146=CIRCLE('',#1785,1.6);
#147=CIRCLE('',#1787,28.9999999999999);
#148=CIRCLE('',#1790,35.);
#149=CIRCLE('',#1794,1.6);
#150=CIRCLE('',#1797,28.9999999999999);
#151=CIRCLE('',#1800,35.);
#152=CIRCLE('',#1803,35.);
#153=CIRCLE('',#1805,1.6);
#154=CIRCLE('',#1808,28.9999999999999);
#155=CIRCLE('',#1811,35.);
#156=CIRCLE('',#1814,28.9999999999999);
#157=CIRCLE('',#1816,1.6);
#158=CIRCLE('',#1818,28.9999999999999);
#159=CIRCLE('',#1821,35.);
#160=CIRCLE('',#1825,28.9999999999999);
#161=CIRCLE('',#1827,1.6);
#162=CIRCLE('',#1830,28.9999999999999);
#163=CIRCLE('',#1833,35.);
#164=CYLINDRICAL_SURFACE('',#1647,1.6);
#165=CYLINDRICAL_SURFACE('',#1650,1.6);
#166=CYLINDRICAL_SURFACE('',#1686,4.5);
#167=CYLINDRICAL_SURFACE('',#1689,4.5);
#168=CYLINDRICAL_SURFACE('',#1692,4.5);
#169=CYLINDRICAL_SURFACE('',#1695,4.5);
#170=CYLINDRICAL_SURFACE('',#1698,1.6);
#171=CYLINDRICAL_SURFACE('',#1700,1.6);
#172=CYLINDRICAL_SURFACE('',#1702,1.6);
#173=CYLINDRICAL_SURFACE('',#1704,35.001177892073);
#174=CYLINDRICAL_SURFACE('',#1709,12.5);
#175=CYLINDRICAL_SURFACE('',#1714,3.);
#176=CYLINDRICAL_SURFACE('',#1723,3.);
#177=CYLINDRICAL_SURFACE('',#1732,3.);
#178=CYLINDRICAL_SURFACE('',#1743,1.6);
#179=CYLINDRICAL_SURFACE('',#1745,1.6);
#180=CYLINDRICAL_SURFACE('',#1747,1.6);
#181=CYLINDRICAL_SURFACE('',#1751,1.6);
#182=CYLINDRICAL_SURFACE('',#1753,1.6);
#183=CYLINDRICAL_SURFACE('',#1755,1.4);
#184=CYLINDRICAL_SURFACE('',#1757,1.4);
#185=CYLINDRICAL_SURFACE('',#1760,1.6);
#186=CYLINDRICAL_SURFACE('',#1762,1.6);
#187=CYLINDRICAL_SURFACE('',#1764,1.6);
#188=CYLINDRICAL_SURFACE('',#1766,1.4);
#189=CYLINDRICAL_SURFACE('',#1772,29.0011781281935);
#190=CYLINDRICAL_SURFACE('',#1784,1.6);
#191=CYLINDRICAL_SURFACE('',#1786,28.9999999999999);
#192=CYLINDRICAL_SURFACE('',#1789,35.);
#193=CYLINDRICAL_SURFACE('',#1793,1.6);
#194=CYLINDRICAL_SURFACE('',#1796,28.9999999999999);
#195=CYLINDRICAL_SURFACE('',#1799,35.);
#196=CYLINDRICAL_SURFACE('',#1804,1.6);
#197=CYLINDRICAL_SURFACE('',#1807,28.9999999999999);
#198=CYLINDRICAL_SURFACE('',#1810,35.);
#199=CYLINDRICAL_SURFACE('',#1815,1.6);
#200=CYLINDRICAL_SURFACE('',#1817,28.9999999999999);
#201=CYLINDRICAL_SURFACE('',#1820,35.);
#202=CYLINDRICAL_SURFACE('',#1826,1.6);
#203=CYLINDRICAL_SURFACE('',#1829,28.9999999999999);
#204=CYLINDRICAL_SURFACE('',#1832,35.);
#205=FACE_OUTER_BOUND('',#289,.T.);
#206=FACE_OUTER_BOUND('',#290,.T.);
#207=FACE_OUTER_BOUND('',#291,.T.);
#208=FACE_OUTER_BOUND('',#292,.T.);
#209=FACE_OUTER_BOUND('',#293,.T.);
#210=FACE_OUTER_BOUND('',#294,.T.);
#211=FACE_OUTER_BOUND('',#306,.T.);
#212=FACE_OUTER_BOUND('',#307,.T.);
#213=FACE_OUTER_BOUND('',#308,.T.);
#214=FACE_OUTER_BOUND('',#309,.T.);
#215=FACE_OUTER_BOUND('',#310,.T.);
#216=FACE_OUTER_BOUND('',#311,.T.);
#217=FACE_OUTER_BOUND('',#312,.T.);
#218=FACE_OUTER_BOUND('',#313,.T.);
#219=FACE_OUTER_BOUND('',#314,.T.);
#220=FACE_OUTER_BOUND('',#315,.T.);
#221=FACE_OUTER_BOUND('',#316,.T.);
#222=FACE_OUTER_BOUND('',#317,.T.);
#223=FACE_OUTER_BOUND('',#318,.T.);
#224=FACE_OUTER_BOUND('',#319,.T.);
#225=FACE_OUTER_BOUND('',#320,.T.);
#226=FACE_OUTER_BOUND('',#321,.T.);
#227=FACE_OUTER_BOUND('',#323,.T.);
#228=FACE_OUTER_BOUND('',#324,.T.);
#229=FACE_OUTER_BOUND('',#326,.T.);
#230=FACE_OUTER_BOUND('',#327,.T.);
#231=FACE_OUTER_BOUND('',#329,.T.);
#232=FACE_OUTER_BOUND('',#330,.T.);
#233=FACE_OUTER_BOUND('',#331,.T.);
#234=FACE_OUTER_BOUND('',#332,.T.);
#235=FACE_OUTER_BOUND('',#335,.T.);
#236=FACE_OUTER_BOUND('',#336,.T.);
#237=FACE_OUTER_BOUND('',#337,.T.);
#238=FACE_OUTER_BOUND('',#338,.T.);
#239=FACE_OUTER_BOUND('',#339,.T.);
#240=FACE_OUTER_BOUND('',#340,.T.);
#241=FACE_OUTER_BOUND('',#341,.T.);
#242=FACE_OUTER_BOUND('',#342,.T.);
#243=FACE_OUTER_BOUND('',#343,.T.);
#244=FACE_OUTER_BOUND('',#344,.T.);
#245=FACE_OUTER_BOUND('',#345,.T.);
#246=FACE_OUTER_BOUND('',#346,.T.);
#247=FACE_OUTER_BOUND('',#347,.T.);
#248=FACE_OUTER_BOUND('',#348,.T.);
#249=FACE_OUTER_BOUND('',#349,.T.);
#250=FACE_OUTER_BOUND('',#350,.T.);
#251=FACE_OUTER_BOUND('',#351,.T.);
#252=FACE_OUTER_BOUND('',#357,.T.);
#253=FACE_OUTER_BOUND('',#359,.T.);
#254=FACE_OUTER_BOUND('',#360,.T.);
#255=FACE_OUTER_BOUND('',#378,.T.);
#256=FACE_OUTER_BOUND('',#379,.T.);
#257=FACE_OUTER_BOUND('',#380,.T.);
#258=FACE_OUTER_BOUND('',#381,.T.);
#259=FACE_OUTER_BOUND('',#382,.T.);
#260=FACE_OUTER_BOUND('',#383,.T.);
#261=FACE_OUTER_BOUND('',#384,.T.);
#262=FACE_OUTER_BOUND('',#386,.T.);
#263=FACE_OUTER_BOUND('',#387,.T.);
#264=FACE_OUTER_BOUND('',#388,.T.);
#265=FACE_OUTER_BOUND('',#389,.T.);
#266=FACE_OUTER_BOUND('',#390,.T.);
#267=FACE_OUTER_BOUND('',#391,.T.);
#268=FACE_OUTER_BOUND('',#393,.T.);
#269=FACE_OUTER_BOUND('',#394,.T.);
#270=FACE_OUTER_BOUND('',#395,.T.);
#271=FACE_OUTER_BOUND('',#396,.T.);
#272=FACE_OUTER_BOUND('',#397,.T.);
#273=FACE_OUTER_BOUND('',#398,.T.);
#274=FACE_OUTER_BOUND('',#399,.T.);
#275=FACE_OUTER_BOUND('',#401,.T.);
#276=FACE_OUTER_BOUND('',#402,.T.);
#277=FACE_OUTER_BOUND('',#403,.T.);
#278=FACE_OUTER_BOUND('',#404,.T.);
#279=FACE_OUTER_BOUND('',#405,.T.);
#280=FACE_OUTER_BOUND('',#406,.T.);
#281=FACE_OUTER_BOUND('',#407,.T.);
#282=FACE_OUTER_BOUND('',#409,.T.);
#283=FACE_OUTER_BOUND('',#410,.T.);
#284=FACE_OUTER_BOUND('',#411,.T.);
#285=FACE_OUTER_BOUND('',#412,.T.);
#286=FACE_OUTER_BOUND('',#413,.T.);
#287=FACE_OUTER_BOUND('',#414,.T.);
#288=FACE_OUTER_BOUND('',#415,.T.);
#289=EDGE_LOOP('',(#1053,#1054,#1055,#1056));
#290=EDGE_LOOP('',(#1057,#1058,#1059,#1060));
#291=EDGE_LOOP('',(#1061,#1062,#1063,#1064));
#292=EDGE_LOOP('',(#1065,#1066,#1067,#1068,#1069,#1070,#1071));
#293=EDGE_LOOP('',(#1072,#1073,#1074,#1075));
#294=EDGE_LOOP('',(#1076,#1077,#1078,#1079,#1080,#1081,#1082,#1083,#1084,
#1085,#1086,#1087,#1088,#1089,#1090,#1091,#1092,#1093,#1094,#1095,#1096,
#1097,#1098,#1099,#1100,#1101,#1102,#1103,#1104,#1105,#1106,#1107));
#295=EDGE_LOOP('',(#1108));
#296=EDGE_LOOP('',(#1109));
#297=EDGE_LOOP('',(#1110));
#298=EDGE_LOOP('',(#1111));
#299=EDGE_LOOP('',(#1112));
#300=EDGE_LOOP('',(#1113));
#301=EDGE_LOOP('',(#1114));
#302=EDGE_LOOP('',(#1115,#1116,#1117,#1118));
#303=EDGE_LOOP('',(#1119));
#304=EDGE_LOOP('',(#1120));
#305=EDGE_LOOP('',(#1121));
#306=EDGE_LOOP('',(#1122,#1123,#1124,#1125,#1126));
#307=EDGE_LOOP('',(#1127,#1128,#1129,#1130));
#308=EDGE_LOOP('',(#1131,#1132,#1133,#1134));
#309=EDGE_LOOP('',(#1135,#1136,#1137,#1138));
#310=EDGE_LOOP('',(#1139,#1140,#1141,#1142,#1143));
#311=EDGE_LOOP('',(#1144,#1145,#1146,#1147));
#312=EDGE_LOOP('',(#1148,#1149,#1150,#1151));
#313=EDGE_LOOP('',(#1152,#1153,#1154,#1155));
#314=EDGE_LOOP('',(#1156,#1157,#1158,#1159));
#315=EDGE_LOOP('',(#1160,#1161,#1162,#1163));
#316=EDGE_LOOP('',(#1164,#1165,#1166,#1167));
#317=EDGE_LOOP('',(#1168,#1169,#1170,#1171,#1172,#1173,#1174));
#318=EDGE_LOOP('',(#1175,#1176,#1177,#1178));
#319=EDGE_LOOP('',(#1179,#1180,#1181,#1182));
#320=EDGE_LOOP('',(#1183,#1184,#1185,#1186));
#321=EDGE_LOOP('',(#1187));
#322=EDGE_LOOP('',(#1188));
#323=EDGE_LOOP('',(#1189,#1190,#1191,#1192,#1193,#1194,#1195,#1196));
#324=EDGE_LOOP('',(#1197));
#325=EDGE_LOOP('',(#1198));
#326=EDGE_LOOP('',(#1199,#1200,#1201,#1202,#1203,#1204,#1205,#1206));
#327=EDGE_LOOP('',(#1207));
#328=EDGE_LOOP('',(#1208));
#329=EDGE_LOOP('',(#1209,#1210,#1211,#1212,#1213,#1214,#1215,#1216));
#330=EDGE_LOOP('',(#1217,#1218,#1219,#1220,#1221,#1222,#1223,#1224,#1225,
#1226));
#331=EDGE_LOOP('',(#1227,#1228,#1229,#1230));
#332=EDGE_LOOP('',(#1231,#1232,#1233,#1234,#1235));
#333=EDGE_LOOP('',(#1236));
#334=EDGE_LOOP('',(#1237));
#335=EDGE_LOOP('',(#1238,#1239,#1240,#1241,#1242));
#336=EDGE_LOOP('',(#1243,#1244,#1245,#1246,#1247));
#337=EDGE_LOOP('',(#1248,#1249,#1250,#1251));
#338=EDGE_LOOP('',(#1252,#1253,#1254,#1255));
#339=EDGE_LOOP('',(#1256,#1257,#1258,#1259));
#340=EDGE_LOOP('',(#1260,#1261,#1262,#1263));
#341=EDGE_LOOP('',(#1264,#1265,#1266,#1267,#1268,#1269,#1270,#1271,#1272,
#1273,#1274,#1275,#1276));
#342=EDGE_LOOP('',(#1277,#1278,#1279,#1280));
#343=EDGE_LOOP('',(#1281,#1282,#1283,#1284));
#344=EDGE_LOOP('',(#1285,#1286,#1287,#1288));
#345=EDGE_LOOP('',(#1289,#1290,#1291,#1292));
#346=EDGE_LOOP('',(#1293,#1294,#1295,#1296));
#347=EDGE_LOOP('',(#1297,#1298,#1299,#1300));
#348=EDGE_LOOP('',(#1301,#1302,#1303,#1304));
#349=EDGE_LOOP('',(#1305,#1306,#1307,#1308));
#350=EDGE_LOOP('',(#1309,#1310,#1311,#1312,#1313,#1314,#1315,#1316));
#351=EDGE_LOOP('',(#1317,#1318,#1319,#1320));
#352=EDGE_LOOP('',(#1321));
#353=EDGE_LOOP('',(#1322));
#354=EDGE_LOOP('',(#1323));
#355=EDGE_LOOP('',(#1324));
#356=EDGE_LOOP('',(#1325));
#357=EDGE_LOOP('',(#1326));
#358=EDGE_LOOP('',(#1327));
#359=EDGE_LOOP('',(#1328,#1329,#1330,#1331,#1332,#1333,#1334,#1335,#1336,
#1337));
#360=EDGE_LOOP('',(#1338,#1339,#1340,#1341,#1342,#1343,#1344,#1345));
#361=EDGE_LOOP('',(#1346));
#362=EDGE_LOOP('',(#1347));
#363=EDGE_LOOP('',(#1348));
#364=EDGE_LOOP('',(#1349,#1350,#1351,#1352,#1353,#1354,#1355,#1356));
#365=EDGE_LOOP('',(#1357));
#366=EDGE_LOOP('',(#1358));
#367=EDGE_LOOP('',(#1359));
#368=EDGE_LOOP('',(#1360));
#369=EDGE_LOOP('',(#1361));
#370=EDGE_LOOP('',(#1362));
#371=EDGE_LOOP('',(#1363));
#372=EDGE_LOOP('',(#1364));
#373=EDGE_LOOP('',(#1365));
#374=EDGE_LOOP('',(#1366));
#375=EDGE_LOOP('',(#1367));
#376=EDGE_LOOP('',(#1368));
#377=EDGE_LOOP('',(#1369));
#378=EDGE_LOOP('',(#1370,#1371,#1372,#1373));
#379=EDGE_LOOP('',(#1374,#1375,#1376,#1377));
#380=EDGE_LOOP('',(#1378,#1379,#1380,#1381));
#381=EDGE_LOOP('',(#1382,#1383,#1384,#1385,#1386));
#382=EDGE_LOOP('',(#1387,#1388,#1389,#1390));
#383=EDGE_LOOP('',(#1391,#1392,#1393,#1394,#1395));
#384=EDGE_LOOP('',(#1396,#1397,#1398,#1399));
#385=EDGE_LOOP('',(#1400));
#386=EDGE_LOOP('',(#1401,#1402,#1403,#1404));
#387=EDGE_LOOP('',(#1405,#1406,#1407,#1408));
#388=EDGE_LOOP('',(#1409,#1410,#1411,#1412));
#389=EDGE_LOOP('',(#1413,#1414,#1415,#1416));
#390=EDGE_LOOP('',(#1417,#1418,#1419,#1420));
#391=EDGE_LOOP('',(#1421,#1422,#1423,#1424));
#392=EDGE_LOOP('',(#1425));
#393=EDGE_LOOP('',(#1426,#1427,#1428,#1429));
#394=EDGE_LOOP('',(#1430,#1431,#1432,#1433));
#395=EDGE_LOOP('',(#1434,#1435,#1436,#1437,#1438));
#396=EDGE_LOOP('',(#1439,#1440,#1441,#1442));
#397=EDGE_LOOP('',(#1443,#1444,#1445,#1446,#1447));
#398=EDGE_LOOP('',(#1448,#1449,#1450,#1451));
#399=EDGE_LOOP('',(#1452,#1453,#1454,#1455));
#400=EDGE_LOOP('',(#1456));
#401=EDGE_LOOP('',(#1457,#1458,#1459,#1460));
#402=EDGE_LOOP('',(#1461,#1462,#1463,#1464));
#403=EDGE_LOOP('',(#1465,#1466,#1467,#1468));
#404=EDGE_LOOP('',(#1469,#1470,#1471,#1472,#1473));
#405=EDGE_LOOP('',(#1474,#1475,#1476,#1477));
#406=EDGE_LOOP('',(#1478,#1479,#1480,#1481,#1482));
#407=EDGE_LOOP('',(#1483,#1484,#1485,#1486));
#408=EDGE_LOOP('',(#1487));
#409=EDGE_LOOP('',(#1488,#1489,#1490));
#410=EDGE_LOOP('',(#1491,#1492,#1493,#1494));
#411=EDGE_LOOP('',(#1495,#1496,#1497,#1498));
#412=EDGE_LOOP('',(#1499,#1500,#1501,#1502));
#413=EDGE_LOOP('',(#1503,#1504,#1505,#1506,#1507));
#414=EDGE_LOOP('',(#1508,#1509,#1510,#1511));
#415=EDGE_LOOP('',(#1512,#1513,#1514,#1515));
#416=EDGE_LOOP('',(#1516));
#417=LINE('',#2346,#544);
#418=LINE('',#2348,#545);
#419=LINE('',#2350,#546);
#420=LINE('',#2351,#547);
#421=LINE('',#2356,#548);
#422=LINE('',#2362,#549);
#423=LINE('',#2366,#550);
#424=LINE('',#2368,#551);
#425=LINE('',#2370,#552);
#426=LINE('',#2372,#553);
#427=LINE('',#2374,#554);
#428=LINE('',#2375,#555);
#429=LINE('',#2381,#556);
#430=LINE('',#2384,#557);
#431=LINE('',#2387,#558);
#432=LINE('',#2391,#559);
#433=LINE('',#2395,#560);
#434=LINE('',#2399,#561);
#435=LINE('',#2401,#562);
#436=LINE('',#2403,#563);
#437=LINE('',#2407,#564);
#438=LINE('',#2413,#565);
#439=LINE('',#2417,#566);
#440=LINE('',#2421,#567);
#441=LINE('',#2425,#568);
#442=LINE('',#2429,#569);
#443=LINE('',#2434,#570);
#444=LINE('',#2438,#571);
#445=LINE('',#2442,#572);
#446=LINE('',#2445,#573);
#447=LINE('',#2462,#574);
#448=LINE('',#2466,#575);
#449=LINE('',#2478,#576);
#450=LINE('',#2479,#577);
#451=LINE('',#2482,#578);
#452=LINE('',#2483,#579);
#453=LINE('',#2487,#580);
#454=LINE('',#2490,#581);
#455=LINE('',#2491,#582);
#456=LINE('',#2496,#583);
#457=LINE('',#2497,#584);
#458=LINE('',#2499,#585);
#459=LINE('',#2503,#586);
#460=LINE('',#2505,#587);
#461=LINE('',#2508,#588);
#462=LINE('',#2512,#589);
#463=LINE('',#2516,#590);
#464=LINE('',#2520,#591);
#465=LINE('',#2523,#592);
#466=LINE('',#2527,#593);
#467=LINE('',#2528,#594);
#468=LINE('',#2531,#595);
#469=LINE('',#2532,#596);
#470=LINE('',#2542,#597);
#471=LINE('',#2559,#598);
#472=LINE('',#2576,#599);
#473=LINE('',#2588,#600);
#474=LINE('',#2590,#601);
#475=LINE('',#2591,#602);
#476=LINE('',#2592,#603);
#477=LINE('',#2593,#604);
#478=LINE('',#2594,#605);
#479=LINE('',#2597,#606);
#480=LINE('',#2598,#607);
#481=LINE('',#2600,#608);
#482=LINE('',#2602,#609);
#483=LINE('',#2604,#610);
#484=LINE('',#2607,#611);
#485=LINE('',#2611,#612);
#486=LINE('',#2615,#613);
#487=LINE('',#2619,#614);
#488=LINE('',#2620,#615);
#489=LINE('',#2622,#616);
#490=LINE('',#2625,#617);
#491=LINE('',#2629,#618);
#492=LINE('',#2633,#619);
#493=LINE('',#2639,#620);
#494=LINE('',#2643,#621);
#495=LINE('',#2647,#622);
#496=LINE('',#2651,#623);
#497=LINE('',#2655,#624);
#498=LINE('',#2659,#625);
#499=LINE('',#2660,#626);
#500=LINE('',#2662,#627);
#501=LINE('',#2669,#628);
#502=LINE('',#2684,#629);
#503=LINE('',#2687,#630);
#504=LINE('',#2690,#631);
#505=LINE('',#2696,#632);
#506=LINE('',#2697,#633);
#507=LINE('',#2700,#634);
#508=LINE('',#2701,#635);
#509=LINE('',#2705,#636);
#510=LINE('',#2707,#637);
#511=LINE('',#2711,#638);
#512=LINE('',#2716,#639);
#513=LINE('',#2717,#640);
#514=LINE('',#2718,#641);
#515=LINE('',#2722,#642);
#516=LINE('',#2725,#643);
#517=LINE('',#2726,#644);
#518=LINE('',#2732,#645);
#519=LINE('',#2735,#646);
#520=LINE('',#2738,#647);
#521=LINE('',#2743,#648);
#522=LINE('',#2744,#649);
#523=LINE('',#2745,#650);
#524=LINE('',#2749,#651);
#525=LINE('',#2752,#652);
#526=LINE('',#2753,#653);
#527=LINE('',#2759,#654);
#528=LINE('',#2762,#655);
#529=LINE('',#2765,#656);
#530=LINE('',#2771,#657);
#531=LINE('',#2772,#658);
#532=LINE('',#2775,#659);
#533=LINE('',#2776,#660);
#534=LINE('',#2780,#661);
#535=LINE('',#2782,#662);
#536=LINE('',#2786,#663);
#537=LINE('',#2790,#664);
#538=LINE('',#2795,#665);
#539=LINE('',#2796,#666);
#540=LINE('',#2797,#667);
#541=LINE('',#2801,#668);
#542=LINE('',#2804,#669);
#543=LINE('',#2805,#670);
#544=VECTOR('',#1839,10.);
#545=VECTOR('',#1840,10.);
#546=VECTOR('',#1841,10.);
#547=VECTOR('',#1842,10.);
#548=VECTOR('',#1847,1.6);
#549=VECTOR('',#1854,1.6);
#550=VECTOR('',#1859,10.);
#551=VECTOR('',#1860,10.);
#552=VECTOR('',#1861,10.);
#553=VECTOR('',#1862,10.);
#554=VECTOR('',#1863,10.);
#555=VECTOR('',#1864,10.);
#556=VECTOR('',#1869,10.);
#557=VECTOR('',#1872,10.);
#558=VECTOR('',#1875,10.);
#559=VECTOR('',#1878,10.);
#560=VECTOR('',#1881,10.);
#561=VECTOR('',#1884,10.);
#562=VECTOR('',#1887,10.);
#563=VECTOR('',#1888,10.);
#564=VECTOR('',#1891,10.);
#565=VECTOR('',#1896,10.);
#566=VECTOR('',#1899,10.);
#567=VECTOR('',#1902,10.);
#568=VECTOR('',#1905,10.);
#569=VECTOR('',#1908,10.);
#570=VECTOR('',#1913,10.);
#571=VECTOR('',#1916,10.);
#572=VECTOR('',#1919,10.);
#573=VECTOR('',#1922,10.);
#574=VECTOR('',#1937,10.);
#575=VECTOR('',#1940,10.);
#576=VECTOR('',#1953,10.);
#577=VECTOR('',#1954,10.);
#578=VECTOR('',#1957,10.);
#579=VECTOR('',#1958,10.);
#580=VECTOR('',#1963,10.);
#581=VECTOR('',#1966,10.);
#582=VECTOR('',#1967,10.);
#583=VECTOR('',#1972,10.);
#584=VECTOR('',#1973,10.);
#585=VECTOR('',#1976,10.);
#586=VECTOR('',#1981,10.);
#587=VECTOR('',#1984,10.);
#588=VECTOR('',#1987,1.6);
#589=VECTOR('',#1992,1.6);
#590=VECTOR('',#1997,1.6);
#591=VECTOR('',#2002,10.);
#592=VECTOR('',#2005,10.);
#593=VECTOR('',#2010,10.);
#594=VECTOR('',#2011,10.);
#595=VECTOR('',#2014,10.);
#596=VECTOR('',#2015,10.);
#597=VECTOR('',#2028,3.);
#598=VECTOR('',#2047,3.);
#599=VECTOR('',#2066,3.);
#600=VECTOR('',#2079,10.);
#601=VECTOR('',#2080,10.);
#602=VECTOR('',#2081,10.);
#603=VECTOR('',#2082,10.);
#604=VECTOR('',#2083,10.);
#605=VECTOR('',#2084,10.);
#606=VECTOR('',#2087,10.);
#607=VECTOR('',#2088,10.);
#608=VECTOR('',#2091,10.);
#609=VECTOR('',#2094,10.);
#610=VECTOR('',#2097,10.);
#611=VECTOR('',#2100,1.6);
#612=VECTOR('',#2105,1.6);
#613=VECTOR('',#2110,1.6);
#614=VECTOR('',#2115,10.);
#615=VECTOR('',#2116,10.);
#616=VECTOR('',#2119,10.);
#617=VECTOR('',#2122,1.6);
#618=VECTOR('',#2127,1.6);
#619=VECTOR('',#2132,1.4);
#620=VECTOR('',#2139,1.4);
#621=VECTOR('',#2144,1.6);
#622=VECTOR('',#2149,1.6);
#623=VECTOR('',#2154,1.6);
#624=VECTOR('',#2159,1.4);
#625=VECTOR('',#2164,10.);
#626=VECTOR('',#2165,10.);
#627=VECTOR('',#2168,10.);
#628=VECTOR('',#2177,29.0011781281935);
#629=VECTOR('',#2196,10.);
#630=VECTOR('',#2199,10.);
#631=VECTOR('',#2202,1.6);
#632=VECTOR('',#2209,10.);
#633=VECTOR('',#2210,10.);
#634=VECTOR('',#2213,10.);
#635=VECTOR('',#2214,10.);
#636=VECTOR('',#2219,10.);
#637=VECTOR('',#2222,10.);
#638=VECTOR('',#2227,1.6);
#639=VECTOR('',#2232,10.);
#640=VECTOR('',#2233,10.);
#641=VECTOR('',#2234,10.);
#642=VECTOR('',#2239,10.);
#643=VECTOR('',#2242,10.);
#644=VECTOR('',#2243,10.);
#645=VECTOR('',#2252,10.);
#646=VECTOR('',#2255,10.);
#647=VECTOR('',#2258,1.6);
#648=VECTOR('',#2263,10.);
#649=VECTOR('',#2264,10.);
#650=VECTOR('',#2265,10.);
#651=VECTOR('',#2270,10.);
#652=VECTOR('',#2273,10.);
#653=VECTOR('',#2274,10.);
#654=VECTOR('',#2283,10.);
#655=VECTOR('',#2286,10.);
#656=VECTOR('',#2289,1.6);
#657=VECTOR('',#2296,10.);
#658=VECTOR('',#2297,10.);
#659=VECTOR('',#2300,10.);
#660=VECTOR('',#2301,10.);
#661=VECTOR('',#2306,10.);
#662=VECTOR('',#2309,10.);
#663=VECTOR('',#2314,10.);
#664=VECTOR('',#2319,1.6);
#665=VECTOR('',#2324,10.);
#666=VECTOR('',#2325,10.);
#667=VECTOR('',#2326,10.);
#668=VECTOR('',#2331,10.);
#669=VECTOR('',#2334,10.);
#670=VECTOR('',#2335,10.);
#671=VERTEX_POINT('',#2344);
#672=VERTEX_POINT('',#2345);
#673=VERTEX_POINT('',#2347);
#674=VERTEX_POINT('',#2349);
#675=VERTEX_POINT('',#2353);
#676=VERTEX_POINT('',#2355);
#677=VERTEX_POINT('',#2359);
#678=VERTEX_POINT('',#2361);
#679=VERTEX_POINT('',#2365);
#680=VERTEX_POINT('',#2367);
#681=VERTEX_POINT('',#2369);
#682=VERTEX_POINT('',#2371);
#683=VERTEX_POINT('',#2373);
#684=VERTEX_POINT('',#2377);
#685=VERTEX_POINT('',#2378);
#686=VERTEX_POINT('',#2380);
#687=VERTEX_POINT('',#2382);
#688=VERTEX_POINT('',#2386);
#689=VERTEX_POINT('',#2388);
#690=VERTEX_POINT('',#2390);
#691=VERTEX_POINT('',#2392);
#692=VERTEX_POINT('',#2394);
#693=VERTEX_POINT('',#2396);
#694=VERTEX_POINT('',#2398);
#695=VERTEX_POINT('',#2402);
#696=VERTEX_POINT('',#2404);
#697=VERTEX_POINT('',#2406);
#698=VERTEX_POINT('',#2408);
#699=VERTEX_POINT('',#2410);
#700=VERTEX_POINT('',#2412);
#701=VERTEX_POINT('',#2414);
#702=VERTEX_POINT('',#2416);
#703=VERTEX_POINT('',#2418);
#704=VERTEX_POINT('',#2420);
#705=VERTEX_POINT('',#2422);
#706=VERTEX_POINT('',#2424);
#707=VERTEX_POINT('',#2426);
#708=VERTEX_POINT('',#2428);
#709=VERTEX_POINT('',#2430);
#710=VERTEX_POINT('',#2432);
#711=VERTEX_POINT('',#2435);
#712=VERTEX_POINT('',#2437);
#713=VERTEX_POINT('',#2439);
#714=VERTEX_POINT('',#2441);
#715=VERTEX_POINT('',#2443);
#716=VERTEX_POINT('',#2446);
#717=VERTEX_POINT('',#2448);
#718=VERTEX_POINT('',#2450);
#719=VERTEX_POINT('',#2452);
#720=VERTEX_POINT('',#2454);
#721=VERTEX_POINT('',#2456);
#722=VERTEX_POINT('',#2458);
#723=VERTEX_POINT('',#2460);
#724=VERTEX_POINT('',#2461);
#725=VERTEX_POINT('',#2463);
#726=VERTEX_POINT('',#2465);
#727=VERTEX_POINT('',#2468);
#728=VERTEX_POINT('',#2470);
#729=VERTEX_POINT('',#2472);
#730=VERTEX_POINT('',#2475);
#731=VERTEX_POINT('',#2476);
#732=VERTEX_POINT('',#2481);
#733=VERTEX_POINT('',#2485);
#734=VERTEX_POINT('',#2489);
#735=VERTEX_POINT('',#2493);
#736=VERTEX_POINT('',#2494);
#737=VERTEX_POINT('',#2501);
#738=VERTEX_POINT('',#2507);
#739=VERTEX_POINT('',#2511);
#740=VERTEX_POINT('',#2515);
#741=VERTEX_POINT('',#2519);
#742=VERTEX_POINT('',#2521);
#743=VERTEX_POINT('',#2526);
#744=VERTEX_POINT('',#2530);
#745=VERTEX_POINT('',#2536);
#746=VERTEX_POINT('',#2538);
#747=VERTEX_POINT('',#2541);
#748=VERTEX_POINT('',#2543);
#749=VERTEX_POINT('',#2545);
#750=VERTEX_POINT('',#2547);
#751=VERTEX_POINT('',#2549);
#752=VERTEX_POINT('',#2553);
#753=VERTEX_POINT('',#2555);
#754=VERTEX_POINT('',#2558);
#755=VERTEX_POINT('',#2560);
#756=VERTEX_POINT('',#2562);
#757=VERTEX_POINT('',#2564);
#758=VERTEX_POINT('',#2566);
#759=VERTEX_POINT('',#2570);
#760=VERTEX_POINT('',#2572);
#761=VERTEX_POINT('',#2575);
#762=VERTEX_POINT('',#2577);
#763=VERTEX_POINT('',#2579);
#764=VERTEX_POINT('',#2581);
#765=VERTEX_POINT('',#2583);
#766=VERTEX_POINT('',#2587);
#767=VERTEX_POINT('',#2589);
#768=VERTEX_POINT('',#2596);
#769=VERTEX_POINT('',#2606);
#770=VERTEX_POINT('',#2610);
#771=VERTEX_POINT('',#2614);
#772=VERTEX_POINT('',#2618);
#773=VERTEX_POINT('',#2624);
#774=VERTEX_POINT('',#2628);
#775=VERTEX_POINT('',#2632);
#776=VERTEX_POINT('',#2636);
#777=VERTEX_POINT('',#2638);
#778=VERTEX_POINT('',#2642);
#779=VERTEX_POINT('',#2646);
#780=VERTEX_POINT('',#2650);
#781=VERTEX_POINT('',#2654);
#782=VERTEX_POINT('',#2658);
#783=VERTEX_POINT('',#2664);
#784=VERTEX_POINT('',#2667);
#785=VERTEX_POINT('',#2674);
#786=VERTEX_POINT('',#2676);
#787=VERTEX_POINT('',#2678);
#788=VERTEX_POINT('',#2680);
#789=VERTEX_POINT('',#2683);
#790=VERTEX_POINT('',#2685);
#791=VERTEX_POINT('',#2689);
#792=VERTEX_POINT('',#2693);
#793=VERTEX_POINT('',#2694);
#794=VERTEX_POINT('',#2699);
#795=VERTEX_POINT('',#2703);
#796=VERTEX_POINT('',#2710);
#797=VERTEX_POINT('',#2714);
#798=VERTEX_POINT('',#2715);
#799=VERTEX_POINT('',#2720);
#800=VERTEX_POINT('',#2724);
#801=VERTEX_POINT('',#2731);
#802=VERTEX_POINT('',#2733);
#803=VERTEX_POINT('',#2737);
#804=VERTEX_POINT('',#2741);
#805=VERTEX_POINT('',#2742);
#806=VERTEX_POINT('',#2747);
#807=VERTEX_POINT('',#2751);
#808=VERTEX_POINT('',#2758);
#809=VERTEX_POINT('',#2760);
#810=VERTEX_POINT('',#2764);
#811=VERTEX_POINT('',#2768);
#812=VERTEX_POINT('',#2769);
#813=VERTEX_POINT('',#2774);
#814=VERTEX_POINT('',#2778);
#815=VERTEX_POINT('',#2785);
#816=VERTEX_POINT('',#2789);
#817=VERTEX_POINT('',#2793);
#818=VERTEX_POINT('',#2794);
#819=VERTEX_POINT('',#2799);
#820=VERTEX_POINT('',#2803);
#821=EDGE_CURVE('',#671,#672,#417,.T.);
#822=EDGE_CURVE('',#672,#673,#418,.T.);
#823=EDGE_CURVE('',#674,#673,#419,.T.);
#824=EDGE_CURVE('',#671,#674,#420,.T.);
#825=EDGE_CURVE('',#675,#675,#65,.T.);
#826=EDGE_CURVE('',#675,#676,#421,.T.);
#827=EDGE_CURVE('',#676,#676,#66,.T.);
#828=EDGE_CURVE('',#677,#677,#67,.T.);
#829=EDGE_CURVE('',#677,#678,#422,.T.);
#830=EDGE_CURVE('',#678,#678,#68,.T.);
#831=EDGE_CURVE('',#672,#679,#423,.T.);
#832=EDGE_CURVE('',#679,#680,#424,.T.);
#833=EDGE_CURVE('',#680,#681,#425,.T.);
#834=EDGE_CURVE('',#681,#682,#426,.T.);
#835=EDGE_CURVE('',#682,#683,#427,.T.);
#836=EDGE_CURVE('',#673,#683,#428,.T.);
#837=EDGE_CURVE('',#684,#685,#69,.T.);
#838=EDGE_CURVE('',#684,#686,#429,.T.);
#839=EDGE_CURVE('',#687,#686,#70,.T.);
#840=EDGE_CURVE('',#687,#685,#430,.T.);
#841=EDGE_CURVE('',#684,#688,#431,.T.);
#842=EDGE_CURVE('',#689,#684,#71,.T.);
#843=EDGE_CURVE('',#689,#690,#432,.T.);
#844=EDGE_CURVE('',#691,#690,#72,.T.);
#845=EDGE_CURVE('',#691,#692,#433,.T.);
#846=EDGE_CURVE('',#693,#692,#73,.T.);
#847=EDGE_CURVE('',#693,#694,#434,.T.);
#848=EDGE_CURVE('',#686,#694,#74,.T.);
#849=EDGE_CURVE('',#686,#671,#435,.T.);
#850=EDGE_CURVE('',#671,#695,#436,.T.);
#851=EDGE_CURVE('',#695,#696,#75,.T.);
#852=EDGE_CURVE('',#696,#697,#437,.T.);
#853=EDGE_CURVE('',#698,#697,#76,.T.);
#854=EDGE_CURVE('',#698,#699,#77,.T.);
#855=EDGE_CURVE('',#699,#700,#438,.T.);
#856=EDGE_CURVE('',#701,#700,#78,.T.);
#857=EDGE_CURVE('',#701,#702,#439,.T.);
#858=EDGE_CURVE('',#702,#703,#79,.T.);
#859=EDGE_CURVE('',#703,#704,#440,.T.);
#860=EDGE_CURVE('',#705,#704,#80,.T.);
#861=EDGE_CURVE('',#705,#706,#441,.T.);
#862=EDGE_CURVE('',#706,#707,#81,.T.);
#863=EDGE_CURVE('',#707,#708,#442,.T.);
#864=EDGE_CURVE('',#709,#708,#82,.T.);
#865=EDGE_CURVE('',#710,#709,#83,.T.);
#866=EDGE_CURVE('',#710,#698,#443,.T.);
#867=EDGE_CURVE('',#711,#698,#84,.T.);
#868=EDGE_CURVE('',#711,#712,#444,.T.);
#869=EDGE_CURVE('',#712,#713,#85,.T.);
#870=EDGE_CURVE('',#713,#714,#445,.T.);
#871=EDGE_CURVE('',#715,#714,#86,.T.);
#872=EDGE_CURVE('',#715,#688,#446,.T.);
#873=EDGE_CURVE('',#716,#716,#87,.T.);
#874=EDGE_CURVE('',#717,#717,#88,.T.);
#875=EDGE_CURVE('',#718,#718,#89,.T.);
#876=EDGE_CURVE('',#719,#719,#90,.T.);
#877=EDGE_CURVE('',#720,#720,#91,.T.);
#878=EDGE_CURVE('',#721,#721,#92,.T.);
#879=EDGE_CURVE('',#722,#722,#93,.T.);
#880=EDGE_CURVE('',#723,#724,#447,.T.);
#881=EDGE_CURVE('',#724,#725,#94,.T.);
#882=EDGE_CURVE('',#725,#726,#448,.T.);
#883=EDGE_CURVE('',#726,#723,#95,.T.);
#884=EDGE_CURVE('',#727,#727,#96,.T.);
#885=EDGE_CURVE('',#728,#728,#97,.T.);
#886=EDGE_CURVE('',#729,#729,#98,.T.);
#887=EDGE_CURVE('',#730,#731,#99,.T.);
#888=EDGE_CURVE('',#731,#689,#449,.T.);
#889=EDGE_CURVE('',#685,#730,#450,.T.);
#890=EDGE_CURVE('',#732,#731,#451,.T.);
#891=EDGE_CURVE('',#690,#732,#452,.T.);
#892=EDGE_CURVE('',#732,#733,#100,.T.);
#893=EDGE_CURVE('',#733,#691,#453,.T.);
#894=EDGE_CURVE('',#734,#733,#454,.T.);
#895=EDGE_CURVE('',#692,#734,#455,.T.);
#896=EDGE_CURVE('',#735,#736,#101,.T.);
#897=EDGE_CURVE('',#736,#687,#456,.T.);
#898=EDGE_CURVE('',#694,#735,#457,.T.);
#899=EDGE_CURVE('',#730,#736,#458,.T.);
#900=EDGE_CURVE('',#734,#737,#102,.T.);
#901=EDGE_CURVE('',#737,#693,#459,.T.);
#902=EDGE_CURVE('',#735,#737,#460,.T.);
#903=EDGE_CURVE('',#729,#738,#461,.T.);
#904=EDGE_CURVE('',#738,#738,#103,.T.);
#905=EDGE_CURVE('',#728,#739,#462,.T.);
#906=EDGE_CURVE('',#739,#739,#104,.T.);
#907=EDGE_CURVE('',#727,#740,#463,.T.);
#908=EDGE_CURVE('',#740,#740,#105,.T.);
#909=EDGE_CURVE('',#697,#741,#464,.T.);
#910=EDGE_CURVE('',#742,#741,#106,.T.);
#911=EDGE_CURVE('',#715,#742,#465,.T.);
#912=EDGE_CURVE('',#711,#714,#107,.T.);
#913=EDGE_CURVE('',#674,#743,#466,.T.);
#914=EDGE_CURVE('',#743,#695,#467,.T.);
#915=EDGE_CURVE('',#744,#741,#468,.T.);
#916=EDGE_CURVE('',#744,#696,#469,.T.);
#917=EDGE_CURVE('',#744,#743,#108,.T.);
#918=EDGE_CURVE('',#745,#745,#109,.T.);
#919=EDGE_CURVE('',#746,#746,#110,.T.);
#920=EDGE_CURVE('',#745,#747,#470,.T.);
#921=EDGE_CURVE('',#748,#747,#111,.T.);
#922=EDGE_CURVE('',#749,#748,#15,.T.);
#923=EDGE_CURVE('',#750,#749,#112,.T.);
#924=EDGE_CURVE('',#751,#750,#16,.T.);
#925=EDGE_CURVE('',#747,#751,#113,.T.);
#926=EDGE_CURVE('',#752,#752,#114,.T.);
#927=EDGE_CURVE('',#753,#753,#115,.T.);
#928=EDGE_CURVE('',#752,#754,#471,.T.);
#929=EDGE_CURVE('',#755,#754,#116,.T.);
#930=EDGE_CURVE('',#756,#755,#17,.T.);
#931=EDGE_CURVE('',#757,#756,#117,.T.);
#932=EDGE_CURVE('',#758,#757,#18,.T.);
#933=EDGE_CURVE('',#754,#758,#118,.T.);
#934=EDGE_CURVE('',#759,#759,#119,.T.);
#935=EDGE_CURVE('',#760,#760,#120,.T.);
#936=EDGE_CURVE('',#759,#761,#472,.T.);
#937=EDGE_CURVE('',#762,#761,#121,.T.);
#938=EDGE_CURVE('',#763,#762,#19,.T.);
#939=EDGE_CURVE('',#764,#763,#122,.T.);
#940=EDGE_CURVE('',#765,#764,#20,.T.);
#941=EDGE_CURVE('',#761,#765,#123,.T.);
#942=EDGE_CURVE('',#750,#766,#473,.T.);
#943=EDGE_CURVE('',#766,#767,#474,.T.);
#944=EDGE_CURVE('',#767,#681,#475,.T.);
#945=EDGE_CURVE('',#680,#765,#476,.T.);
#946=EDGE_CURVE('',#764,#758,#477,.T.);
#947=EDGE_CURVE('',#757,#751,#478,.T.);
#948=EDGE_CURVE('',#768,#749,#479,.T.);
#949=EDGE_CURVE('',#768,#766,#480,.T.);
#950=EDGE_CURVE('',#762,#679,#481,.T.);
#951=EDGE_CURVE('',#755,#763,#482,.T.);
#952=EDGE_CURVE('',#748,#756,#483,.T.);
#953=EDGE_CURVE('',#746,#769,#484,.T.);
#954=EDGE_CURVE('',#769,#769,#124,.T.);
#955=EDGE_CURVE('',#753,#770,#485,.T.);
#956=EDGE_CURVE('',#770,#770,#125,.T.);
#957=EDGE_CURVE('',#760,#771,#486,.T.);
#958=EDGE_CURVE('',#771,#771,#126,.T.);
#959=EDGE_CURVE('',#767,#772,#487,.T.);
#960=EDGE_CURVE('',#772,#682,#488,.T.);
#961=EDGE_CURVE('',#688,#768,#489,.T.);
#962=EDGE_CURVE('',#716,#773,#490,.T.);
#963=EDGE_CURVE('',#773,#773,#127,.T.);
#964=EDGE_CURVE('',#717,#774,#491,.T.);
#965=EDGE_CURVE('',#774,#774,#128,.T.);
#966=EDGE_CURVE('',#718,#775,#492,.T.);
#967=EDGE_CURVE('',#775,#775,#129,.T.);
#968=EDGE_CURVE('',#776,#776,#130,.T.);
#969=EDGE_CURVE('',#776,#777,#493,.T.);
#970=EDGE_CURVE('',#777,#777,#131,.T.);
#971=EDGE_CURVE('',#719,#778,#494,.T.);
#972=EDGE_CURVE('',#778,#778,#132,.T.);
#973=EDGE_CURVE('',#720,#779,#495,.T.);
#974=EDGE_CURVE('',#779,#779,#133,.T.);
#975=EDGE_CURVE('',#721,#780,#496,.T.);
#976=EDGE_CURVE('',#780,#780,#134,.T.);
#977=EDGE_CURVE('',#722,#781,#497,.T.);
#978=EDGE_CURVE('',#781,#781,#135,.T.);
#979=EDGE_CURVE('',#742,#782,#498,.T.);
#980=EDGE_CURVE('',#782,#772,#499,.T.);
#981=EDGE_CURVE('',#782,#683,#500,.T.);
#982=EDGE_CURVE('',#783,#783,#136,.T.);
#983=EDGE_CURVE('',#784,#784,#137,.T.);
#984=EDGE_CURVE('',#784,#709,#501,.T.);
#985=EDGE_CURVE('',#705,#708,#138,.T.);
#986=EDGE_CURVE('',#701,#704,#139,.T.);
#987=EDGE_CURVE('',#710,#700,#140,.T.);
#988=EDGE_CURVE('',#785,#785,#141,.T.);
#989=EDGE_CURVE('',#786,#786,#142,.T.);
#990=EDGE_CURVE('',#787,#787,#143,.T.);
#991=EDGE_CURVE('',#788,#788,#144,.T.);
#992=EDGE_CURVE('',#708,#789,#502,.T.);
#993=EDGE_CURVE('',#789,#790,#145,.T.);
#994=EDGE_CURVE('',#790,#705,#503,.T.);
#995=EDGE_CURVE('',#787,#791,#504,.T.);
#996=EDGE_CURVE('',#791,#791,#146,.T.);
#997=EDGE_CURVE('',#792,#793,#147,.T.);
#998=EDGE_CURVE('',#792,#790,#505,.T.);
#999=EDGE_CURVE('',#793,#789,#506,.T.);
#1000=EDGE_CURVE('',#793,#794,#507,.T.);
#1001=EDGE_CURVE('',#794,#707,#508,.T.);
#1002=EDGE_CURVE('',#795,#794,#148,.T.);
#1003=EDGE_CURVE('',#795,#706,#509,.T.);
#1004=EDGE_CURVE('',#792,#795,#510,.T.);
#1005=EDGE_CURVE('',#786,#796,#511,.T.);
#1006=EDGE_CURVE('',#796,#796,#149,.T.);
#1007=EDGE_CURVE('',#797,#798,#512,.T.);
#1008=EDGE_CURVE('',#798,#724,#513,.T.);
#1009=EDGE_CURVE('',#797,#723,#514,.T.);
#1010=EDGE_CURVE('',#797,#799,#150,.T.);
#1011=EDGE_CURVE('',#799,#726,#515,.T.);
#1012=EDGE_CURVE('',#799,#800,#516,.T.);
#1013=EDGE_CURVE('',#800,#725,#517,.T.);
#1014=EDGE_CURVE('',#798,#800,#151,.T.);
#1015=EDGE_CURVE('',#714,#801,#518,.T.);
#1016=EDGE_CURVE('',#801,#802,#152,.T.);
#1017=EDGE_CURVE('',#802,#711,#519,.T.);
#1018=EDGE_CURVE('',#783,#803,#520,.T.);
#1019=EDGE_CURVE('',#803,#803,#153,.T.);
#1020=EDGE_CURVE('',#804,#805,#521,.T.);
#1021=EDGE_CURVE('',#805,#801,#522,.T.);
#1022=EDGE_CURVE('',#804,#713,#523,.T.);
#1023=EDGE_CURVE('',#804,#806,#154,.T.);
#1024=EDGE_CURVE('',#806,#712,#524,.T.);
#1025=EDGE_CURVE('',#806,#807,#525,.T.);
#1026=EDGE_CURVE('',#807,#802,#526,.T.);
#1027=EDGE_CURVE('',#805,#807,#155,.T.);
#1028=EDGE_CURVE('',#704,#808,#527,.T.);
#1029=EDGE_CURVE('',#808,#809,#156,.T.);
#1030=EDGE_CURVE('',#809,#701,#528,.T.);
#1031=EDGE_CURVE('',#788,#810,#529,.T.);
#1032=EDGE_CURVE('',#810,#810,#157,.T.);
#1033=EDGE_CURVE('',#811,#812,#158,.T.);
#1034=EDGE_CURVE('',#811,#809,#530,.T.);
#1035=EDGE_CURVE('',#812,#808,#531,.T.);
#1036=EDGE_CURVE('',#812,#813,#532,.T.);
#1037=EDGE_CURVE('',#813,#703,#533,.T.);
#1038=EDGE_CURVE('',#814,#813,#159,.T.);
#1039=EDGE_CURVE('',#814,#702,#534,.T.);
#1040=EDGE_CURVE('',#811,#814,#535,.T.);
#1041=EDGE_CURVE('',#700,#815,#536,.T.);
#1042=EDGE_CURVE('',#815,#710,#160,.T.);
#1043=EDGE_CURVE('',#785,#816,#537,.T.);
#1044=EDGE_CURVE('',#816,#816,#161,.T.);
#1045=EDGE_CURVE('',#817,#818,#538,.T.);
#1046=EDGE_CURVE('',#818,#698,#539,.T.);
#1047=EDGE_CURVE('',#817,#710,#540,.T.);
#1048=EDGE_CURVE('',#817,#819,#162,.T.);
#1049=EDGE_CURVE('',#819,#815,#541,.T.);
#1050=EDGE_CURVE('',#819,#820,#542,.T.);
#1051=EDGE_CURVE('',#820,#699,#543,.T.);
#1052=EDGE_CURVE('',#818,#820,#163,.T.);
#1053=ORIENTED_EDGE('',*,*,#821,.T.);
#1054=ORIENTED_EDGE('',*,*,#822,.T.);
#1055=ORIENTED_EDGE('',*,*,#823,.F.);
#1056=ORIENTED_EDGE('',*,*,#824,.F.);
#1057=ORIENTED_EDGE('',*,*,#825,.F.);
#1058=ORIENTED_EDGE('',*,*,#826,.T.);
#1059=ORIENTED_EDGE('',*,*,#827,.F.);
#1060=ORIENTED_EDGE('',*,*,#826,.F.);
#1061=ORIENTED_EDGE('',*,*,#828,.F.);
#1062=ORIENTED_EDGE('',*,*,#829,.T.);
#1063=ORIENTED_EDGE('',*,*,#830,.F.);
#1064=ORIENTED_EDGE('',*,*,#829,.F.);
#1065=ORIENTED_EDGE('',*,*,#831,.T.);
#1066=ORIENTED_EDGE('',*,*,#832,.T.);
#1067=ORIENTED_EDGE('',*,*,#833,.T.);
#1068=ORIENTED_EDGE('',*,*,#834,.T.);
#1069=ORIENTED_EDGE('',*,*,#835,.T.);
#1070=ORIENTED_EDGE('',*,*,#836,.F.);
#1071=ORIENTED_EDGE('',*,*,#822,.F.);
#1072=ORIENTED_EDGE('',*,*,#837,.F.);
#1073=ORIENTED_EDGE('',*,*,#838,.T.);
#1074=ORIENTED_EDGE('',*,*,#839,.F.);
#1075=ORIENTED_EDGE('',*,*,#840,.T.);
#1076=ORIENTED_EDGE('',*,*,#841,.F.);
#1077=ORIENTED_EDGE('',*,*,#842,.F.);
#1078=ORIENTED_EDGE('',*,*,#843,.T.);
#1079=ORIENTED_EDGE('',*,*,#844,.F.);
#1080=ORIENTED_EDGE('',*,*,#845,.T.);
#1081=ORIENTED_EDGE('',*,*,#846,.F.);
#1082=ORIENTED_EDGE('',*,*,#847,.T.);
#1083=ORIENTED_EDGE('',*,*,#848,.F.);
#1084=ORIENTED_EDGE('',*,*,#849,.T.);
#1085=ORIENTED_EDGE('',*,*,#850,.T.);
#1086=ORIENTED_EDGE('',*,*,#851,.T.);
#1087=ORIENTED_EDGE('',*,*,#852,.T.);
#1088=ORIENTED_EDGE('',*,*,#853,.F.);
#1089=ORIENTED_EDGE('',*,*,#854,.T.);
#1090=ORIENTED_EDGE('',*,*,#855,.T.);
#1091=ORIENTED_EDGE('',*,*,#856,.F.);
#1092=ORIENTED_EDGE('',*,*,#857,.T.);
#1093=ORIENTED_EDGE('',*,*,#858,.T.);
#1094=ORIENTED_EDGE('',*,*,#859,.T.);
#1095=ORIENTED_EDGE('',*,*,#860,.F.);
#1096=ORIENTED_EDGE('',*,*,#861,.T.);
#1097=ORIENTED_EDGE('',*,*,#862,.T.);
#1098=ORIENTED_EDGE('',*,*,#863,.T.);
#1099=ORIENTED_EDGE('',*,*,#864,.F.);
#1100=ORIENTED_EDGE('',*,*,#865,.F.);
#1101=ORIENTED_EDGE('',*,*,#866,.T.);
#1102=ORIENTED_EDGE('',*,*,#867,.F.);
#1103=ORIENTED_EDGE('',*,*,#868,.T.);
#1104=ORIENTED_EDGE('',*,*,#869,.T.);
#1105=ORIENTED_EDGE('',*,*,#870,.T.);
#1106=ORIENTED_EDGE('',*,*,#871,.F.);
#1107=ORIENTED_EDGE('',*,*,#872,.T.);
#1108=ORIENTED_EDGE('',*,*,#873,.T.);
#1109=ORIENTED_EDGE('',*,*,#874,.T.);
#1110=ORIENTED_EDGE('',*,*,#875,.T.);
#1111=ORIENTED_EDGE('',*,*,#876,.T.);
#1112=ORIENTED_EDGE('',*,*,#877,.T.);
#1113=ORIENTED_EDGE('',*,*,#878,.T.);
#1114=ORIENTED_EDGE('',*,*,#879,.T.);
#1115=ORIENTED_EDGE('',*,*,#880,.T.);
#1116=ORIENTED_EDGE('',*,*,#881,.T.);
#1117=ORIENTED_EDGE('',*,*,#882,.T.);
#1118=ORIENTED_EDGE('',*,*,#883,.T.);
#1119=ORIENTED_EDGE('',*,*,#884,.T.);
#1120=ORIENTED_EDGE('',*,*,#885,.T.);
#1121=ORIENTED_EDGE('',*,*,#886,.T.);
#1122=ORIENTED_EDGE('',*,*,#887,.T.);
#1123=ORIENTED_EDGE('',*,*,#888,.T.);
#1124=ORIENTED_EDGE('',*,*,#842,.T.);
#1125=ORIENTED_EDGE('',*,*,#837,.T.);
#1126=ORIENTED_EDGE('',*,*,#889,.T.);
#1127=ORIENTED_EDGE('',*,*,#888,.F.);
#1128=ORIENTED_EDGE('',*,*,#890,.F.);
#1129=ORIENTED_EDGE('',*,*,#891,.F.);
#1130=ORIENTED_EDGE('',*,*,#843,.F.);
#1131=ORIENTED_EDGE('',*,*,#892,.T.);
#1132=ORIENTED_EDGE('',*,*,#893,.T.);
#1133=ORIENTED_EDGE('',*,*,#844,.T.);
#1134=ORIENTED_EDGE('',*,*,#891,.T.);
#1135=ORIENTED_EDGE('',*,*,#893,.F.);
#1136=ORIENTED_EDGE('',*,*,#894,.F.);
#1137=ORIENTED_EDGE('',*,*,#895,.F.);
#1138=ORIENTED_EDGE('',*,*,#845,.F.);
#1139=ORIENTED_EDGE('',*,*,#896,.T.);
#1140=ORIENTED_EDGE('',*,*,#897,.T.);
#1141=ORIENTED_EDGE('',*,*,#839,.T.);
#1142=ORIENTED_EDGE('',*,*,#848,.T.);
#1143=ORIENTED_EDGE('',*,*,#898,.T.);
#1144=ORIENTED_EDGE('',*,*,#889,.F.);
#1145=ORIENTED_EDGE('',*,*,#840,.F.);
#1146=ORIENTED_EDGE('',*,*,#897,.F.);
#1147=ORIENTED_EDGE('',*,*,#899,.F.);
#1148=ORIENTED_EDGE('',*,*,#900,.T.);
#1149=ORIENTED_EDGE('',*,*,#901,.T.);
#1150=ORIENTED_EDGE('',*,*,#846,.T.);
#1151=ORIENTED_EDGE('',*,*,#895,.T.);
#1152=ORIENTED_EDGE('',*,*,#898,.F.);
#1153=ORIENTED_EDGE('',*,*,#847,.F.);
#1154=ORIENTED_EDGE('',*,*,#901,.F.);
#1155=ORIENTED_EDGE('',*,*,#902,.F.);
#1156=ORIENTED_EDGE('',*,*,#886,.F.);
#1157=ORIENTED_EDGE('',*,*,#903,.T.);
#1158=ORIENTED_EDGE('',*,*,#904,.F.);
#1159=ORIENTED_EDGE('',*,*,#903,.F.);
#1160=ORIENTED_EDGE('',*,*,#885,.F.);
#1161=ORIENTED_EDGE('',*,*,#905,.T.);
#1162=ORIENTED_EDGE('',*,*,#906,.F.);
#1163=ORIENTED_EDGE('',*,*,#905,.F.);
#1164=ORIENTED_EDGE('',*,*,#884,.F.);
#1165=ORIENTED_EDGE('',*,*,#907,.T.);
#1166=ORIENTED_EDGE('',*,*,#908,.F.);
#1167=ORIENTED_EDGE('',*,*,#907,.F.);
#1168=ORIENTED_EDGE('',*,*,#909,.T.);
#1169=ORIENTED_EDGE('',*,*,#910,.F.);
#1170=ORIENTED_EDGE('',*,*,#911,.F.);
#1171=ORIENTED_EDGE('',*,*,#871,.T.);
#1172=ORIENTED_EDGE('',*,*,#912,.F.);
#1173=ORIENTED_EDGE('',*,*,#867,.T.);
#1174=ORIENTED_EDGE('',*,*,#853,.T.);
#1175=ORIENTED_EDGE('',*,*,#824,.T.);
#1176=ORIENTED_EDGE('',*,*,#913,.T.);
#1177=ORIENTED_EDGE('',*,*,#914,.T.);
#1178=ORIENTED_EDGE('',*,*,#850,.F.);
#1179=ORIENTED_EDGE('',*,*,#915,.T.);
#1180=ORIENTED_EDGE('',*,*,#909,.F.);
#1181=ORIENTED_EDGE('',*,*,#852,.F.);
#1182=ORIENTED_EDGE('',*,*,#916,.F.);
#1183=ORIENTED_EDGE('',*,*,#917,.F.);
#1184=ORIENTED_EDGE('',*,*,#916,.T.);
#1185=ORIENTED_EDGE('',*,*,#851,.F.);
#1186=ORIENTED_EDGE('',*,*,#914,.F.);
#1187=ORIENTED_EDGE('',*,*,#918,.F.);
#1188=ORIENTED_EDGE('',*,*,#919,.F.);
#1189=ORIENTED_EDGE('',*,*,#918,.T.);
#1190=ORIENTED_EDGE('',*,*,#920,.T.);
#1191=ORIENTED_EDGE('',*,*,#921,.F.);
#1192=ORIENTED_EDGE('',*,*,#922,.F.);
#1193=ORIENTED_EDGE('',*,*,#923,.F.);
#1194=ORIENTED_EDGE('',*,*,#924,.F.);
#1195=ORIENTED_EDGE('',*,*,#925,.F.);
#1196=ORIENTED_EDGE('',*,*,#920,.F.);
#1197=ORIENTED_EDGE('',*,*,#926,.F.);
#1198=ORIENTED_EDGE('',*,*,#927,.F.);
#1199=ORIENTED_EDGE('',*,*,#926,.T.);
#1200=ORIENTED_EDGE('',*,*,#928,.T.);
#1201=ORIENTED_EDGE('',*,*,#929,.F.);
#1202=ORIENTED_EDGE('',*,*,#930,.F.);
#1203=ORIENTED_EDGE('',*,*,#931,.F.);
#1204=ORIENTED_EDGE('',*,*,#932,.F.);
#1205=ORIENTED_EDGE('',*,*,#933,.F.);
#1206=ORIENTED_EDGE('',*,*,#928,.F.);
#1207=ORIENTED_EDGE('',*,*,#934,.F.);
#1208=ORIENTED_EDGE('',*,*,#935,.F.);
#1209=ORIENTED_EDGE('',*,*,#934,.T.);
#1210=ORIENTED_EDGE('',*,*,#936,.T.);
#1211=ORIENTED_EDGE('',*,*,#937,.F.);
#1212=ORIENTED_EDGE('',*,*,#938,.F.);
#1213=ORIENTED_EDGE('',*,*,#939,.F.);
#1214=ORIENTED_EDGE('',*,*,#940,.F.);
#1215=ORIENTED_EDGE('',*,*,#941,.F.);
#1216=ORIENTED_EDGE('',*,*,#936,.F.);
#1217=ORIENTED_EDGE('',*,*,#924,.T.);
#1218=ORIENTED_EDGE('',*,*,#942,.T.);
#1219=ORIENTED_EDGE('',*,*,#943,.T.);
#1220=ORIENTED_EDGE('',*,*,#944,.T.);
#1221=ORIENTED_EDGE('',*,*,#833,.F.);
#1222=ORIENTED_EDGE('',*,*,#945,.T.);
#1223=ORIENTED_EDGE('',*,*,#940,.T.);
#1224=ORIENTED_EDGE('',*,*,#946,.T.);
#1225=ORIENTED_EDGE('',*,*,#932,.T.);
#1226=ORIENTED_EDGE('',*,*,#947,.T.);
#1227=ORIENTED_EDGE('',*,*,#923,.T.);
#1228=ORIENTED_EDGE('',*,*,#948,.F.);
#1229=ORIENTED_EDGE('',*,*,#949,.T.);
#1230=ORIENTED_EDGE('',*,*,#942,.F.);
#1231=ORIENTED_EDGE('',*,*,#937,.T.);
#1232=ORIENTED_EDGE('',*,*,#941,.T.);
#1233=ORIENTED_EDGE('',*,*,#945,.F.);
#1234=ORIENTED_EDGE('',*,*,#832,.F.);
#1235=ORIENTED_EDGE('',*,*,#950,.F.);
#1236=ORIENTED_EDGE('',*,*,#827,.T.);
#1237=ORIENTED_EDGE('',*,*,#830,.T.);
#1238=ORIENTED_EDGE('',*,*,#929,.T.);
#1239=ORIENTED_EDGE('',*,*,#933,.T.);
#1240=ORIENTED_EDGE('',*,*,#946,.F.);
#1241=ORIENTED_EDGE('',*,*,#939,.T.);
#1242=ORIENTED_EDGE('',*,*,#951,.F.);
#1243=ORIENTED_EDGE('',*,*,#921,.T.);
#1244=ORIENTED_EDGE('',*,*,#925,.T.);
#1245=ORIENTED_EDGE('',*,*,#947,.F.);
#1246=ORIENTED_EDGE('',*,*,#931,.T.);
#1247=ORIENTED_EDGE('',*,*,#952,.F.);
#1248=ORIENTED_EDGE('',*,*,#919,.T.);
#1249=ORIENTED_EDGE('',*,*,#953,.T.);
#1250=ORIENTED_EDGE('',*,*,#954,.F.);
#1251=ORIENTED_EDGE('',*,*,#953,.F.);
#1252=ORIENTED_EDGE('',*,*,#927,.T.);
#1253=ORIENTED_EDGE('',*,*,#955,.T.);
#1254=ORIENTED_EDGE('',*,*,#956,.F.);
#1255=ORIENTED_EDGE('',*,*,#955,.F.);
#1256=ORIENTED_EDGE('',*,*,#935,.T.);
#1257=ORIENTED_EDGE('',*,*,#957,.T.);
#1258=ORIENTED_EDGE('',*,*,#958,.F.);
#1259=ORIENTED_EDGE('',*,*,#957,.F.);
#1260=ORIENTED_EDGE('',*,*,#944,.F.);
#1261=ORIENTED_EDGE('',*,*,#959,.T.);
#1262=ORIENTED_EDGE('',*,*,#960,.T.);
#1263=ORIENTED_EDGE('',*,*,#834,.F.);
#1264=ORIENTED_EDGE('',*,*,#922,.T.);
#1265=ORIENTED_EDGE('',*,*,#952,.T.);
#1266=ORIENTED_EDGE('',*,*,#930,.T.);
#1267=ORIENTED_EDGE('',*,*,#951,.T.);
#1268=ORIENTED_EDGE('',*,*,#938,.T.);
#1269=ORIENTED_EDGE('',*,*,#950,.T.);
#1270=ORIENTED_EDGE('',*,*,#831,.F.);
#1271=ORIENTED_EDGE('',*,*,#821,.F.);
#1272=ORIENTED_EDGE('',*,*,#849,.F.);
#1273=ORIENTED_EDGE('',*,*,#838,.F.);
#1274=ORIENTED_EDGE('',*,*,#841,.T.);
#1275=ORIENTED_EDGE('',*,*,#961,.T.);
#1276=ORIENTED_EDGE('',*,*,#948,.T.);
#1277=ORIENTED_EDGE('',*,*,#873,.F.);
#1278=ORIENTED_EDGE('',*,*,#962,.T.);
#1279=ORIENTED_EDGE('',*,*,#963,.F.);
#1280=ORIENTED_EDGE('',*,*,#962,.F.);
#1281=ORIENTED_EDGE('',*,*,#874,.F.);
#1282=ORIENTED_EDGE('',*,*,#964,.T.);
#1283=ORIENTED_EDGE('',*,*,#965,.F.);
#1284=ORIENTED_EDGE('',*,*,#964,.F.);
#1285=ORIENTED_EDGE('',*,*,#875,.F.);
#1286=ORIENTED_EDGE('',*,*,#966,.T.);
#1287=ORIENTED_EDGE('',*,*,#967,.F.);
#1288=ORIENTED_EDGE('',*,*,#966,.F.);
#1289=ORIENTED_EDGE('',*,*,#968,.F.);
#1290=ORIENTED_EDGE('',*,*,#969,.T.);
#1291=ORIENTED_EDGE('',*,*,#970,.F.);
#1292=ORIENTED_EDGE('',*,*,#969,.F.);
#1293=ORIENTED_EDGE('',*,*,#876,.F.);
#1294=ORIENTED_EDGE('',*,*,#971,.T.);
#1295=ORIENTED_EDGE('',*,*,#972,.F.);
#1296=ORIENTED_EDGE('',*,*,#971,.F.);
#1297=ORIENTED_EDGE('',*,*,#877,.F.);
#1298=ORIENTED_EDGE('',*,*,#973,.T.);
#1299=ORIENTED_EDGE('',*,*,#974,.F.);
#1300=ORIENTED_EDGE('',*,*,#973,.F.);
#1301=ORIENTED_EDGE('',*,*,#878,.F.);
#1302=ORIENTED_EDGE('',*,*,#975,.T.);
#1303=ORIENTED_EDGE('',*,*,#976,.F.);
#1304=ORIENTED_EDGE('',*,*,#975,.F.);
#1305=ORIENTED_EDGE('',*,*,#879,.F.);
#1306=ORIENTED_EDGE('',*,*,#977,.T.);
#1307=ORIENTED_EDGE('',*,*,#978,.F.);
#1308=ORIENTED_EDGE('',*,*,#977,.F.);
#1309=ORIENTED_EDGE('',*,*,#943,.F.);
#1310=ORIENTED_EDGE('',*,*,#949,.F.);
#1311=ORIENTED_EDGE('',*,*,#961,.F.);
#1312=ORIENTED_EDGE('',*,*,#872,.F.);
#1313=ORIENTED_EDGE('',*,*,#911,.T.);
#1314=ORIENTED_EDGE('',*,*,#979,.T.);
#1315=ORIENTED_EDGE('',*,*,#980,.T.);
#1316=ORIENTED_EDGE('',*,*,#959,.F.);
#1317=ORIENTED_EDGE('',*,*,#981,.T.);
#1318=ORIENTED_EDGE('',*,*,#835,.F.);
#1319=ORIENTED_EDGE('',*,*,#960,.F.);
#1320=ORIENTED_EDGE('',*,*,#980,.F.);
#1321=ORIENTED_EDGE('',*,*,#825,.T.);
#1322=ORIENTED_EDGE('',*,*,#828,.T.);
#1323=ORIENTED_EDGE('',*,*,#954,.T.);
#1324=ORIENTED_EDGE('',*,*,#956,.T.);
#1325=ORIENTED_EDGE('',*,*,#958,.T.);
#1326=ORIENTED_EDGE('',*,*,#982,.T.);
#1327=ORIENTED_EDGE('',*,*,#968,.T.);
#1328=ORIENTED_EDGE('',*,*,#983,.F.);
#1329=ORIENTED_EDGE('',*,*,#984,.T.);
#1330=ORIENTED_EDGE('',*,*,#864,.T.);
#1331=ORIENTED_EDGE('',*,*,#985,.F.);
#1332=ORIENTED_EDGE('',*,*,#860,.T.);
#1333=ORIENTED_EDGE('',*,*,#986,.F.);
#1334=ORIENTED_EDGE('',*,*,#856,.T.);
#1335=ORIENTED_EDGE('',*,*,#987,.F.);
#1336=ORIENTED_EDGE('',*,*,#865,.T.);
#1337=ORIENTED_EDGE('',*,*,#984,.F.);
#1338=ORIENTED_EDGE('',*,*,#979,.F.);
#1339=ORIENTED_EDGE('',*,*,#910,.T.);
#1340=ORIENTED_EDGE('',*,*,#915,.F.);
#1341=ORIENTED_EDGE('',*,*,#917,.T.);
#1342=ORIENTED_EDGE('',*,*,#913,.F.);
#1343=ORIENTED_EDGE('',*,*,#823,.T.);
#1344=ORIENTED_EDGE('',*,*,#836,.T.);
#1345=ORIENTED_EDGE('',*,*,#981,.F.);
#1346=ORIENTED_EDGE('',*,*,#904,.T.);
#1347=ORIENTED_EDGE('',*,*,#906,.T.);
#1348=ORIENTED_EDGE('',*,*,#908,.T.);
#1349=ORIENTED_EDGE('',*,*,#902,.T.);
#1350=ORIENTED_EDGE('',*,*,#900,.F.);
#1351=ORIENTED_EDGE('',*,*,#894,.T.);
#1352=ORIENTED_EDGE('',*,*,#892,.F.);
#1353=ORIENTED_EDGE('',*,*,#890,.T.);
#1354=ORIENTED_EDGE('',*,*,#887,.F.);
#1355=ORIENTED_EDGE('',*,*,#899,.T.);
#1356=ORIENTED_EDGE('',*,*,#896,.F.);
#1357=ORIENTED_EDGE('',*,*,#983,.T.);
#1358=ORIENTED_EDGE('',*,*,#988,.T.);
#1359=ORIENTED_EDGE('',*,*,#978,.T.);
#1360=ORIENTED_EDGE('',*,*,#976,.T.);
#1361=ORIENTED_EDGE('',*,*,#974,.T.);
#1362=ORIENTED_EDGE('',*,*,#972,.T.);
#1363=ORIENTED_EDGE('',*,*,#989,.T.);
#1364=ORIENTED_EDGE('',*,*,#990,.T.);
#1365=ORIENTED_EDGE('',*,*,#970,.T.);
#1366=ORIENTED_EDGE('',*,*,#967,.T.);
#1367=ORIENTED_EDGE('',*,*,#991,.T.);
#1368=ORIENTED_EDGE('',*,*,#965,.T.);
#1369=ORIENTED_EDGE('',*,*,#963,.T.);
#1370=ORIENTED_EDGE('',*,*,#985,.T.);
#1371=ORIENTED_EDGE('',*,*,#992,.T.);
#1372=ORIENTED_EDGE('',*,*,#993,.T.);
#1373=ORIENTED_EDGE('',*,*,#994,.T.);
#1374=ORIENTED_EDGE('',*,*,#990,.F.);
#1375=ORIENTED_EDGE('',*,*,#995,.T.);
#1376=ORIENTED_EDGE('',*,*,#996,.T.);
#1377=ORIENTED_EDGE('',*,*,#995,.F.);
#1378=ORIENTED_EDGE('',*,*,#997,.F.);
#1379=ORIENTED_EDGE('',*,*,#998,.T.);
#1380=ORIENTED_EDGE('',*,*,#993,.F.);
#1381=ORIENTED_EDGE('',*,*,#999,.F.);
#1382=ORIENTED_EDGE('',*,*,#1000,.F.);
#1383=ORIENTED_EDGE('',*,*,#999,.T.);
#1384=ORIENTED_EDGE('',*,*,#992,.F.);
#1385=ORIENTED_EDGE('',*,*,#863,.F.);
#1386=ORIENTED_EDGE('',*,*,#1001,.F.);
#1387=ORIENTED_EDGE('',*,*,#1002,.T.);
#1388=ORIENTED_EDGE('',*,*,#1001,.T.);
#1389=ORIENTED_EDGE('',*,*,#862,.F.);
#1390=ORIENTED_EDGE('',*,*,#1003,.F.);
#1391=ORIENTED_EDGE('',*,*,#1004,.T.);
#1392=ORIENTED_EDGE('',*,*,#1003,.T.);
#1393=ORIENTED_EDGE('',*,*,#861,.F.);
#1394=ORIENTED_EDGE('',*,*,#994,.F.);
#1395=ORIENTED_EDGE('',*,*,#998,.F.);
#1396=ORIENTED_EDGE('',*,*,#1004,.F.);
#1397=ORIENTED_EDGE('',*,*,#997,.T.);
#1398=ORIENTED_EDGE('',*,*,#1000,.T.);
#1399=ORIENTED_EDGE('',*,*,#1002,.F.);
#1400=ORIENTED_EDGE('',*,*,#996,.F.);
#1401=ORIENTED_EDGE('',*,*,#989,.F.);
#1402=ORIENTED_EDGE('',*,*,#1005,.T.);
#1403=ORIENTED_EDGE('',*,*,#1006,.T.);
#1404=ORIENTED_EDGE('',*,*,#1005,.F.);
#1405=ORIENTED_EDGE('',*,*,#1007,.T.);
#1406=ORIENTED_EDGE('',*,*,#1008,.T.);
#1407=ORIENTED_EDGE('',*,*,#880,.F.);
#1408=ORIENTED_EDGE('',*,*,#1009,.F.);
#1409=ORIENTED_EDGE('',*,*,#1010,.F.);
#1410=ORIENTED_EDGE('',*,*,#1009,.T.);
#1411=ORIENTED_EDGE('',*,*,#883,.F.);
#1412=ORIENTED_EDGE('',*,*,#1011,.F.);
#1413=ORIENTED_EDGE('',*,*,#1012,.F.);
#1414=ORIENTED_EDGE('',*,*,#1011,.T.);
#1415=ORIENTED_EDGE('',*,*,#882,.F.);
#1416=ORIENTED_EDGE('',*,*,#1013,.F.);
#1417=ORIENTED_EDGE('',*,*,#1014,.T.);
#1418=ORIENTED_EDGE('',*,*,#1013,.T.);
#1419=ORIENTED_EDGE('',*,*,#881,.F.);
#1420=ORIENTED_EDGE('',*,*,#1008,.F.);
#1421=ORIENTED_EDGE('',*,*,#1014,.F.);
#1422=ORIENTED_EDGE('',*,*,#1007,.F.);
#1423=ORIENTED_EDGE('',*,*,#1010,.T.);
#1424=ORIENTED_EDGE('',*,*,#1012,.T.);
#1425=ORIENTED_EDGE('',*,*,#1006,.F.);
#1426=ORIENTED_EDGE('',*,*,#912,.T.);
#1427=ORIENTED_EDGE('',*,*,#1015,.T.);
#1428=ORIENTED_EDGE('',*,*,#1016,.T.);
#1429=ORIENTED_EDGE('',*,*,#1017,.T.);
#1430=ORIENTED_EDGE('',*,*,#982,.F.);
#1431=ORIENTED_EDGE('',*,*,#1018,.T.);
#1432=ORIENTED_EDGE('',*,*,#1019,.T.);
#1433=ORIENTED_EDGE('',*,*,#1018,.F.);
#1434=ORIENTED_EDGE('',*,*,#1020,.T.);
#1435=ORIENTED_EDGE('',*,*,#1021,.T.);
#1436=ORIENTED_EDGE('',*,*,#1015,.F.);
#1437=ORIENTED_EDGE('',*,*,#870,.F.);
#1438=ORIENTED_EDGE('',*,*,#1022,.F.);
#1439=ORIENTED_EDGE('',*,*,#1023,.F.);
#1440=ORIENTED_EDGE('',*,*,#1022,.T.);
#1441=ORIENTED_EDGE('',*,*,#869,.F.);
#1442=ORIENTED_EDGE('',*,*,#1024,.F.);
#1443=ORIENTED_EDGE('',*,*,#1025,.F.);
#1444=ORIENTED_EDGE('',*,*,#1024,.T.);
#1445=ORIENTED_EDGE('',*,*,#868,.F.);
#1446=ORIENTED_EDGE('',*,*,#1017,.F.);
#1447=ORIENTED_EDGE('',*,*,#1026,.F.);
#1448=ORIENTED_EDGE('',*,*,#1027,.T.);
#1449=ORIENTED_EDGE('',*,*,#1026,.T.);
#1450=ORIENTED_EDGE('',*,*,#1016,.F.);
#1451=ORIENTED_EDGE('',*,*,#1021,.F.);
#1452=ORIENTED_EDGE('',*,*,#1027,.F.);
#1453=ORIENTED_EDGE('',*,*,#1020,.F.);
#1454=ORIENTED_EDGE('',*,*,#1023,.T.);
#1455=ORIENTED_EDGE('',*,*,#1025,.T.);
#1456=ORIENTED_EDGE('',*,*,#1019,.F.);
#1457=ORIENTED_EDGE('',*,*,#986,.T.);
#1458=ORIENTED_EDGE('',*,*,#1028,.T.);
#1459=ORIENTED_EDGE('',*,*,#1029,.T.);
#1460=ORIENTED_EDGE('',*,*,#1030,.T.);
#1461=ORIENTED_EDGE('',*,*,#991,.F.);
#1462=ORIENTED_EDGE('',*,*,#1031,.T.);
#1463=ORIENTED_EDGE('',*,*,#1032,.T.);
#1464=ORIENTED_EDGE('',*,*,#1031,.F.);
#1465=ORIENTED_EDGE('',*,*,#1033,.F.);
#1466=ORIENTED_EDGE('',*,*,#1034,.T.);
#1467=ORIENTED_EDGE('',*,*,#1029,.F.);
#1468=ORIENTED_EDGE('',*,*,#1035,.F.);
#1469=ORIENTED_EDGE('',*,*,#1036,.F.);
#1470=ORIENTED_EDGE('',*,*,#1035,.T.);
#1471=ORIENTED_EDGE('',*,*,#1028,.F.);
#1472=ORIENTED_EDGE('',*,*,#859,.F.);
#1473=ORIENTED_EDGE('',*,*,#1037,.F.);
#1474=ORIENTED_EDGE('',*,*,#1038,.T.);
#1475=ORIENTED_EDGE('',*,*,#1037,.T.);
#1476=ORIENTED_EDGE('',*,*,#858,.F.);
#1477=ORIENTED_EDGE('',*,*,#1039,.F.);
#1478=ORIENTED_EDGE('',*,*,#1040,.T.);
#1479=ORIENTED_EDGE('',*,*,#1039,.T.);
#1480=ORIENTED_EDGE('',*,*,#857,.F.);
#1481=ORIENTED_EDGE('',*,*,#1030,.F.);
#1482=ORIENTED_EDGE('',*,*,#1034,.F.);
#1483=ORIENTED_EDGE('',*,*,#1040,.F.);
#1484=ORIENTED_EDGE('',*,*,#1033,.T.);
#1485=ORIENTED_EDGE('',*,*,#1036,.T.);
#1486=ORIENTED_EDGE('',*,*,#1038,.F.);
#1487=ORIENTED_EDGE('',*,*,#1032,.F.);
#1488=ORIENTED_EDGE('',*,*,#987,.T.);
#1489=ORIENTED_EDGE('',*,*,#1041,.T.);
#1490=ORIENTED_EDGE('',*,*,#1042,.T.);
#1491=ORIENTED_EDGE('',*,*,#988,.F.);
#1492=ORIENTED_EDGE('',*,*,#1043,.T.);
#1493=ORIENTED_EDGE('',*,*,#1044,.T.);
#1494=ORIENTED_EDGE('',*,*,#1043,.F.);
#1495=ORIENTED_EDGE('',*,*,#1045,.T.);
#1496=ORIENTED_EDGE('',*,*,#1046,.T.);
#1497=ORIENTED_EDGE('',*,*,#866,.F.);
#1498=ORIENTED_EDGE('',*,*,#1047,.F.);
#1499=ORIENTED_EDGE('',*,*,#1048,.F.);
#1500=ORIENTED_EDGE('',*,*,#1047,.T.);
#1501=ORIENTED_EDGE('',*,*,#1042,.F.);
#1502=ORIENTED_EDGE('',*,*,#1049,.F.);
#1503=ORIENTED_EDGE('',*,*,#1050,.F.);
#1504=ORIENTED_EDGE('',*,*,#1049,.T.);
#1505=ORIENTED_EDGE('',*,*,#1041,.F.);
#1506=ORIENTED_EDGE('',*,*,#855,.F.);
#1507=ORIENTED_EDGE('',*,*,#1051,.F.);
#1508=ORIENTED_EDGE('',*,*,#1052,.T.);
#1509=ORIENTED_EDGE('',*,*,#1051,.T.);
#1510=ORIENTED_EDGE('',*,*,#854,.F.);
#1511=ORIENTED_EDGE('',*,*,#1046,.F.);
#1512=ORIENTED_EDGE('',*,*,#1052,.F.);
#1513=ORIENTED_EDGE('',*,*,#1045,.F.);
#1514=ORIENTED_EDGE('',*,*,#1048,.T.);
#1515=ORIENTED_EDGE('',*,*,#1050,.T.);
#1516=ORIENTED_EDGE('',*,*,#1044,.F.);
#1517=PLANE('',#1646);
#1518=PLANE('',#1653);
#1519=PLANE('',#1654);
#1520=PLANE('',#1657);
#1521=PLANE('',#1688);
#1522=PLANE('',#1691);
#1523=PLANE('',#1694);
#1524=PLANE('',#1697);
#1525=PLANE('',#1707);
#1526=PLANE('',#1708);
#1527=PLANE('',#1711);
#1528=PLANE('',#1720);
#1529=PLANE('',#1729);
#1530=PLANE('',#1738);
#1531=PLANE('',#1739);
#1532=PLANE('',#1740);
#1533=PLANE('',#1741);
#1534=PLANE('',#1742);
#1535=PLANE('',#1749);
#1536=PLANE('',#1750);
#1537=PLANE('',#1768);
#1538=PLANE('',#1769);
#1539=PLANE('',#1770);
#1540=PLANE('',#1777);
#1541=PLANE('',#1782);
#1542=PLANE('',#1788);
#1543=PLANE('',#1791);
#1544=PLANE('',#1792);
#1545=PLANE('',#1795);
#1546=PLANE('',#1798);
#1547=PLANE('',#1801);
#1548=PLANE('',#1802);
#1549=PLANE('',#1806);
#1550=PLANE('',#1809);
#1551=PLANE('',#1812);
#1552=PLANE('',#1813);
#1553=PLANE('',#1819);
#1554=PLANE('',#1822);
#1555=PLANE('',#1823);
#1556=PLANE('',#1824);
#1557=PLANE('',#1828);
#1558=PLANE('',#1831);
#1559=PLANE('',#1834);
#1560=ADVANCED_FACE('',(#205),#1517,.T.);
#1561=ADVANCED_FACE('',(#206),#164,.F.);
#1562=ADVANCED_FACE('',(#207),#165,.F.);
#1563=ADVANCED_FACE('',(#208),#1518,.T.);
#1564=ADVANCED_FACE('',(#209),#1519,.T.);
#1565=ADVANCED_FACE('',(#210,#21,#22,#23,#24,#25,#26,#27,#28,#29,#30,#31),
#1520,.F.);
#1566=ADVANCED_FACE('',(#211),#166,.F.);
#1567=ADVANCED_FACE('',(#212),#1521,.T.);
#1568=ADVANCED_FACE('',(#213),#167,.F.);
#1569=ADVANCED_FACE('',(#214),#1522,.T.);
#1570=ADVANCED_FACE('',(#215),#168,.F.);
#1571=ADVANCED_FACE('',(#216),#1523,.T.);
#1572=ADVANCED_FACE('',(#217),#169,.F.);
#1573=ADVANCED_FACE('',(#218),#1524,.T.);
#1574=ADVANCED_FACE('',(#219),#170,.F.);
#1575=ADVANCED_FACE('',(#220),#171,.F.);
#1576=ADVANCED_FACE('',(#221),#172,.F.);
#1577=ADVANCED_FACE('',(#222),#173,.T.);
#1578=ADVANCED_FACE('',(#223),#1525,.T.);
#1579=ADVANCED_FACE('',(#224),#1526,.T.);
#1580=ADVANCED_FACE('',(#225),#174,.T.);
#1581=ADVANCED_FACE('',(#226,#32),#1527,.T.);
#1582=ADVANCED_FACE('',(#227),#175,.F.);
#1583=ADVANCED_FACE('',(#228,#33),#1528,.T.);
#1584=ADVANCED_FACE('',(#229),#176,.F.);
#1585=ADVANCED_FACE('',(#230,#34),#1529,.T.);
#1586=ADVANCED_FACE('',(#231),#177,.F.);
#1587=ADVANCED_FACE('',(#232),#1530,.T.);
#1588=ADVANCED_FACE('',(#233),#1531,.T.);
#1589=ADVANCED_FACE('',(#234,#35,#36),#1532,.T.);
#1590=ADVANCED_FACE('',(#235),#1533,.T.);
#1591=ADVANCED_FACE('',(#236),#1534,.T.);
#1592=ADVANCED_FACE('',(#237),#178,.F.);
#1593=ADVANCED_FACE('',(#238),#179,.F.);
#1594=ADVANCED_FACE('',(#239),#180,.F.);
#1595=ADVANCED_FACE('',(#240),#1535,.T.);
#1596=ADVANCED_FACE('',(#241),#1536,.T.);
#1597=ADVANCED_FACE('',(#242),#181,.F.);
#1598=ADVANCED_FACE('',(#243),#182,.F.);
#1599=ADVANCED_FACE('',(#244),#183,.F.);
#1600=ADVANCED_FACE('',(#245),#184,.F.);
#1601=ADVANCED_FACE('',(#246),#185,.F.);
#1602=ADVANCED_FACE('',(#247),#186,.F.);
#1603=ADVANCED_FACE('',(#248),#187,.F.);
#1604=ADVANCED_FACE('',(#249),#188,.F.);
#1605=ADVANCED_FACE('',(#250),#1537,.T.);
#1606=ADVANCED_FACE('',(#251,#37,#38,#39,#40,#41),#1538,.T.);
#1607=ADVANCED_FACE('',(#252,#42),#1539,.F.);
#1608=ADVANCED_FACE('',(#253),#189,.F.);
#1609=ADVANCED_FACE('',(#254,#43,#44,#45,#46,#47,#48,#49,#50,#51,#52,#53,
#54,#55,#56,#57,#58,#59),#1540,.T.);
#1610=ADVANCED_FACE('',(#255),#1541,.T.);
#1611=ADVANCED_FACE('',(#256),#190,.F.);
#1612=ADVANCED_FACE('',(#257),#191,.F.);
#1613=ADVANCED_FACE('',(#258),#1542,.T.);
#1614=ADVANCED_FACE('',(#259),#192,.T.);
#1615=ADVANCED_FACE('',(#260),#1543,.T.);
#1616=ADVANCED_FACE('',(#261,#60),#1544,.F.);
#1617=ADVANCED_FACE('',(#262),#193,.F.);
#1618=ADVANCED_FACE('',(#263),#1545,.T.);
#1619=ADVANCED_FACE('',(#264),#194,.F.);
#1620=ADVANCED_FACE('',(#265),#1546,.T.);
#1621=ADVANCED_FACE('',(#266),#195,.T.);
#1622=ADVANCED_FACE('',(#267,#61),#1547,.F.);
#1623=ADVANCED_FACE('',(#268),#1548,.T.);
#1624=ADVANCED_FACE('',(#269),#196,.F.);
#1625=ADVANCED_FACE('',(#270),#1549,.T.);
#1626=ADVANCED_FACE('',(#271),#197,.F.);
#1627=ADVANCED_FACE('',(#272),#1550,.T.);
#1628=ADVANCED_FACE('',(#273),#198,.T.);
#1629=ADVANCED_FACE('',(#274,#62),#1551,.F.);
#1630=ADVANCED_FACE('',(#275),#1552,.T.);
#1631=ADVANCED_FACE('',(#276),#199,.F.);
#1632=ADVANCED_FACE('',(#277),#200,.F.);
#1633=ADVANCED_FACE('',(#278),#1553,.T.);
#1634=ADVANCED_FACE('',(#279),#201,.T.);
#1635=ADVANCED_FACE('',(#280),#1554,.T.);
#1636=ADVANCED_FACE('',(#281,#63),#1555,.F.);
#1637=ADVANCED_FACE('',(#282),#1556,.T.);
#1638=ADVANCED_FACE('',(#283),#202,.F.);
#1639=ADVANCED_FACE('',(#284),#1557,.T.);
#1640=ADVANCED_FACE('',(#285),#203,.F.);
#1641=ADVANCED_FACE('',(#286),#1558,.T.);
#1642=ADVANCED_FACE('',(#287),#204,.T.);
#1643=ADVANCED_FACE('',(#288,#64),#1559,.F.);
#1644=CLOSED_SHELL('',(#1560,#1561,#1562,#1563,#1564,#1565,#1566,#1567,
#1568,#1569,#1570,#1571,#1572,#1573,#1574,#1575,#1576,#1577,#1578,#1579,
#1580,#1581,#1582,#1583,#1584,#1585,#1586,#1587,#1588,#1589,#1590,#1591,
#1592,#1593,#1594,#1595,#1596,#1597,#1598,#1599,#1600,#1601,#1602,#1603,
#1604,#1605,#1606,#1607,#1608,#1609,#1610,#1611,#1612,#1613,#1614,#1615,
#1616,#1617,#1618,#1619,#1620,#1621,#1622,#1623,#1624,#1625,#1626,#1627,
#1628,#1629,#1630,#1631,#1632,#1633,#1634,#1635,#1636,#1637,#1638,#1639,
#1640,#1641,#1642,#1643));
#1645=AXIS2_PLACEMENT_3D('',#2342,#1835,#1836);
#1646=AXIS2_PLACEMENT_3D('',#2343,#1837,#1838);
#1647=AXIS2_PLACEMENT_3D('',#2352,#1843,#1844);
#1648=AXIS2_PLACEMENT_3D('',#2354,#1845,#1846);
#1649=AXIS2_PLACEMENT_3D('',#2357,#1848,#1849);
#1650=AXIS2_PLACEMENT_3D('',#2358,#1850,#1851);
#1651=AXIS2_PLACEMENT_3D('',#2360,#1852,#1853);
#1652=AXIS2_PLACEMENT_3D('',#2363,#1855,#1856);
#1653=AXIS2_PLACEMENT_3D('',#2364,#1857,#1858);
#1654=AXIS2_PLACEMENT_3D('',#2376,#1865,#1866);
#1655=AXIS2_PLACEMENT_3D('',#2379,#1867,#1868);
#1656=AXIS2_PLACEMENT_3D('',#2383,#1870,#1871);
#1657=AXIS2_PLACEMENT_3D('',#2385,#1873,#1874);
#1658=AXIS2_PLACEMENT_3D('',#2389,#1876,#1877);
#1659=AXIS2_PLACEMENT_3D('',#2393,#1879,#1880);
#1660=AXIS2_PLACEMENT_3D('',#2397,#1882,#1883);
#1661=AXIS2_PLACEMENT_3D('',#2400,#1885,#1886);
#1662=AXIS2_PLACEMENT_3D('',#2405,#1889,#1890);
#1663=AXIS2_PLACEMENT_3D('',#2409,#1892,#1893);
#1664=AXIS2_PLACEMENT_3D('',#2411,#1894,#1895);
#1665=AXIS2_PLACEMENT_3D('',#2415,#1897,#1898);
#1666=AXIS2_PLACEMENT_3D('',#2419,#1900,#1901);
#1667=AXIS2_PLACEMENT_3D('',#2423,#1903,#1904);
#1668=AXIS2_PLACEMENT_3D('',#2427,#1906,#1907);
#1669=AXIS2_PLACEMENT_3D('',#2431,#1909,#1910);
#1670=AXIS2_PLACEMENT_3D('',#2433,#1911,#1912);
#1671=AXIS2_PLACEMENT_3D('',#2436,#1914,#1915);
#1672=AXIS2_PLACEMENT_3D('',#2440,#1917,#1918);
#1673=AXIS2_PLACEMENT_3D('',#2444,#1920,#1921);
#1674=AXIS2_PLACEMENT_3D('',#2447,#1923,#1924);
#1675=AXIS2_PLACEMENT_3D('',#2449,#1925,#1926);
#1676=AXIS2_PLACEMENT_3D('',#2451,#1927,#1928);
#1677=AXIS2_PLACEMENT_3D('',#2453,#1929,#1930);
#1678=AXIS2_PLACEMENT_3D('',#2455,#1931,#1932);
#1679=AXIS2_PLACEMENT_3D('',#2457,#1933,#1934);
#1680=AXIS2_PLACEMENT_3D('',#2459,#1935,#1936);
#1681=AXIS2_PLACEMENT_3D('',#2464,#1938,#1939);
#1682=AXIS2_PLACEMENT_3D('',#2467,#1941,#1942);
#1683=AXIS2_PLACEMENT_3D('',#2469,#1943,#1944);
#1684=AXIS2_PLACEMENT_3D('',#2471,#1945,#1946);
#1685=AXIS2_PLACEMENT_3D('',#2473,#1947,#1948);
#1686=AXIS2_PLACEMENT_3D('',#2474,#1949,#1950);
#1687=AXIS2_PLACEMENT_3D('',#2477,#1951,#1952);
#1688=AXIS2_PLACEMENT_3D('',#2480,#1955,#1956);
#1689=AXIS2_PLACEMENT_3D('',#2484,#1959,#1960);
#1690=AXIS2_PLACEMENT_3D('',#2486,#1961,#1962);
#1691=AXIS2_PLACEMENT_3D('',#2488,#1964,#1965);
#1692=AXIS2_PLACEMENT_3D('',#2492,#1968,#1969);
#1693=AXIS2_PLACEMENT_3D('',#2495,#1970,#1971);
#1694=AXIS2_PLACEMENT_3D('',#2498,#1974,#1975);
#1695=AXIS2_PLACEMENT_3D('',#2500,#1977,#1978);
#1696=AXIS2_PLACEMENT_3D('',#2502,#1979,#1980);
#1697=AXIS2_PLACEMENT_3D('',#2504,#1982,#1983);
#1698=AXIS2_PLACEMENT_3D('',#2506,#1985,#1986);
#1699=AXIS2_PLACEMENT_3D('',#2509,#1988,#1989);
#1700=AXIS2_PLACEMENT_3D('',#2510,#1990,#1991);
#1701=AXIS2_PLACEMENT_3D('',#2513,#1993,#1994);
#1702=AXIS2_PLACEMENT_3D('',#2514,#1995,#1996);
#1703=AXIS2_PLACEMENT_3D('',#2517,#1998,#1999);
#1704=AXIS2_PLACEMENT_3D('',#2518,#2000,#2001);
#1705=AXIS2_PLACEMENT_3D('',#2522,#2003,#2004);
#1706=AXIS2_PLACEMENT_3D('',#2524,#2006,#2007);
#1707=AXIS2_PLACEMENT_3D('',#2525,#2008,#2009);
#1708=AXIS2_PLACEMENT_3D('',#2529,#2012,#2013);
#1709=AXIS2_PLACEMENT_3D('',#2533,#2016,#2017);
#1710=AXIS2_PLACEMENT_3D('',#2534,#2018,#2019);
#1711=AXIS2_PLACEMENT_3D('',#2535,#2020,#2021);
#1712=AXIS2_PLACEMENT_3D('',#2537,#2022,#2023);
#1713=AXIS2_PLACEMENT_3D('',#2539,#2024,#2025);
#1714=AXIS2_PLACEMENT_3D('',#2540,#2026,#2027);
#1715=AXIS2_PLACEMENT_3D('',#2544,#2029,#2030);
#1716=AXIS2_PLACEMENT_3D('',#2546,#2031,#2032);
#1717=AXIS2_PLACEMENT_3D('',#2548,#2033,#2034);
#1718=AXIS2_PLACEMENT_3D('',#2550,#2035,#2036);
#1719=AXIS2_PLACEMENT_3D('',#2551,#2037,#2038);
#1720=AXIS2_PLACEMENT_3D('',#2552,#2039,#2040);
#1721=AXIS2_PLACEMENT_3D('',#2554,#2041,#2042);
#1722=AXIS2_PLACEMENT_3D('',#2556,#2043,#2044);
#1723=AXIS2_PLACEMENT_3D('',#2557,#2045,#2046);
#1724=AXIS2_PLACEMENT_3D('',#2561,#2048,#2049);
#1725=AXIS2_PLACEMENT_3D('',#2563,#2050,#2051);
#1726=AXIS2_PLACEMENT_3D('',#2565,#2052,#2053);
#1727=AXIS2_PLACEMENT_3D('',#2567,#2054,#2055);
#1728=AXIS2_PLACEMENT_3D('',#2568,#2056,#2057);
#1729=AXIS2_PLACEMENT_3D('',#2569,#2058,#2059);
#1730=AXIS2_PLACEMENT_3D('',#2571,#2060,#2061);
#1731=AXIS2_PLACEMENT_3D('',#2573,#2062,#2063);
#1732=AXIS2_PLACEMENT_3D('',#2574,#2064,#2065);
#1733=AXIS2_PLACEMENT_3D('',#2578,#2067,#2068);
#1734=AXIS2_PLACEMENT_3D('',#2580,#2069,#2070);
#1735=AXIS2_PLACEMENT_3D('',#2582,#2071,#2072);
#1736=AXIS2_PLACEMENT_3D('',#2584,#2073,#2074);
#1737=AXIS2_PLACEMENT_3D('',#2585,#2075,#2076);
#1738=AXIS2_PLACEMENT_3D('',#2586,#2077,#2078);
#1739=AXIS2_PLACEMENT_3D('',#2595,#2085,#2086);
#1740=AXIS2_PLACEMENT_3D('',#2599,#2089,#2090);
#1741=AXIS2_PLACEMENT_3D('',#2601,#2092,#2093);
#1742=AXIS2_PLACEMENT_3D('',#2603,#2095,#2096);
#1743=AXIS2_PLACEMENT_3D('',#2605,#2098,#2099);
#1744=AXIS2_PLACEMENT_3D('',#2608,#2101,#2102);
#1745=AXIS2_PLACEMENT_3D('',#2609,#2103,#2104);
#1746=AXIS2_PLACEMENT_3D('',#2612,#2106,#2107);
#1747=AXIS2_PLACEMENT_3D('',#2613,#2108,#2109);
#1748=AXIS2_PLACEMENT_3D('',#2616,#2111,#2112);
#1749=AXIS2_PLACEMENT_3D('',#2617,#2113,#2114);
#1750=AXIS2_PLACEMENT_3D('',#2621,#2117,#2118);
#1751=AXIS2_PLACEMENT_3D('',#2623,#2120,#2121);
#1752=AXIS2_PLACEMENT_3D('',#2626,#2123,#2124);
#1753=AXIS2_PLACEMENT_3D('',#2627,#2125,#2126);
#1754=AXIS2_PLACEMENT_3D('',#2630,#2128,#2129);
#1755=AXIS2_PLACEMENT_3D('',#2631,#2130,#2131);
#1756=AXIS2_PLACEMENT_3D('',#2634,#2133,#2134);
#1757=AXIS2_PLACEMENT_3D('',#2635,#2135,#2136);
#1758=AXIS2_PLACEMENT_3D('',#2637,#2137,#2138);
#1759=AXIS2_PLACEMENT_3D('',#2640,#2140,#2141);
#1760=AXIS2_PLACEMENT_3D('',#2641,#2142,#2143);
#1761=AXIS2_PLACEMENT_3D('',#2644,#2145,#2146);
#1762=AXIS2_PLACEMENT_3D('',#2645,#2147,#2148);
#1763=AXIS2_PLACEMENT_3D('',#2648,#2150,#2151);
#1764=AXIS2_PLACEMENT_3D('',#2649,#2152,#2153);
#1765=AXIS2_PLACEMENT_3D('',#2652,#2155,#2156);
#1766=AXIS2_PLACEMENT_3D('',#2653,#2157,#2158);
#1767=AXIS2_PLACEMENT_3D('',#2656,#2160,#2161);
#1768=AXIS2_PLACEMENT_3D('',#2657,#2162,#2163);
#1769=AXIS2_PLACEMENT_3D('',#2661,#2166,#2167);
#1770=AXIS2_PLACEMENT_3D('',#2663,#2169,#2170);
#1771=AXIS2_PLACEMENT_3D('',#2665,#2171,#2172);
#1772=AXIS2_PLACEMENT_3D('',#2666,#2173,#2174);
#1773=AXIS2_PLACEMENT_3D('',#2668,#2175,#2176);
#1774=AXIS2_PLACEMENT_3D('',#2670,#2178,#2179);
#1775=AXIS2_PLACEMENT_3D('',#2671,#2180,#2181);
#1776=AXIS2_PLACEMENT_3D('',#2672,#2182,#2183);
#1777=AXIS2_PLACEMENT_3D('',#2673,#2184,#2185);
#1778=AXIS2_PLACEMENT_3D('',#2675,#2186,#2187);
#1779=AXIS2_PLACEMENT_3D('',#2677,#2188,#2189);
#1780=AXIS2_PLACEMENT_3D('',#2679,#2190,#2191);
#1781=AXIS2_PLACEMENT_3D('',#2681,#2192,#2193);
#1782=AXIS2_PLACEMENT_3D('',#2682,#2194,#2195);
#1783=AXIS2_PLACEMENT_3D('',#2686,#2197,#2198);
#1784=AXIS2_PLACEMENT_3D('',#2688,#2200,#2201);
#1785=AXIS2_PLACEMENT_3D('',#2691,#2203,#2204);
#1786=AXIS2_PLACEMENT_3D('',#2692,#2205,#2206);
#1787=AXIS2_PLACEMENT_3D('',#2695,#2207,#2208);
#1788=AXIS2_PLACEMENT_3D('',#2698,#2211,#2212);
#1789=AXIS2_PLACEMENT_3D('',#2702,#2215,#2216);
#1790=AXIS2_PLACEMENT_3D('',#2704,#2217,#2218);
#1791=AXIS2_PLACEMENT_3D('',#2706,#2220,#2221);
#1792=AXIS2_PLACEMENT_3D('',#2708,#2223,#2224);
#1793=AXIS2_PLACEMENT_3D('',#2709,#2225,#2226);
#1794=AXIS2_PLACEMENT_3D('',#2712,#2228,#2229);
#1795=AXIS2_PLACEMENT_3D('',#2713,#2230,#2231);
#1796=AXIS2_PLACEMENT_3D('',#2719,#2235,#2236);
#1797=AXIS2_PLACEMENT_3D('',#2721,#2237,#2238);
#1798=AXIS2_PLACEMENT_3D('',#2723,#2240,#2241);
#1799=AXIS2_PLACEMENT_3D('',#2727,#2244,#2245);
#1800=AXIS2_PLACEMENT_3D('',#2728,#2246,#2247);
#1801=AXIS2_PLACEMENT_3D('',#2729,#2248,#2249);
#1802=AXIS2_PLACEMENT_3D('',#2730,#2250,#2251);
#1803=AXIS2_PLACEMENT_3D('',#2734,#2253,#2254);
#1804=AXIS2_PLACEMENT_3D('',#2736,#2256,#2257);
#1805=AXIS2_PLACEMENT_3D('',#2739,#2259,#2260);
#1806=AXIS2_PLACEMENT_3D('',#2740,#2261,#2262);
#1807=AXIS2_PLACEMENT_3D('',#2746,#2266,#2267);
#1808=AXIS2_PLACEMENT_3D('',#2748,#2268,#2269);
#1809=AXIS2_PLACEMENT_3D('',#2750,#2271,#2272);
#1810=AXIS2_PLACEMENT_3D('',#2754,#2275,#2276);
#1811=AXIS2_PLACEMENT_3D('',#2755,#2277,#2278);
#1812=AXIS2_PLACEMENT_3D('',#2756,#2279,#2280);
#1813=AXIS2_PLACEMENT_3D('',#2757,#2281,#2282);
#1814=AXIS2_PLACEMENT_3D('',#2761,#2284,#2285);
#1815=AXIS2_PLACEMENT_3D('',#2763,#2287,#2288);
#1816=AXIS2_PLACEMENT_3D('',#2766,#2290,#2291);
#1817=AXIS2_PLACEMENT_3D('',#2767,#2292,#2293);
#1818=AXIS2_PLACEMENT_3D('',#2770,#2294,#2295);
#1819=AXIS2_PLACEMENT_3D('',#2773,#2298,#2299);
#1820=AXIS2_PLACEMENT_3D('',#2777,#2302,#2303);
#1821=AXIS2_PLACEMENT_3D('',#2779,#2304,#2305);
#1822=AXIS2_PLACEMENT_3D('',#2781,#2307,#2308);
#1823=AXIS2_PLACEMENT_3D('',#2783,#2310,#2311);
#1824=AXIS2_PLACEMENT_3D('',#2784,#2312,#2313);
#1825=AXIS2_PLACEMENT_3D('',#2787,#2315,#2316);
#1826=AXIS2_PLACEMENT_3D('',#2788,#2317,#2318);
#1827=AXIS2_PLACEMENT_3D('',#2791,#2320,#2321);
#1828=AXIS2_PLACEMENT_3D('',#2792,#2322,#2323);
#1829=AXIS2_PLACEMENT_3D('',#2798,#2327,#2328);
#1830=AXIS2_PLACEMENT_3D('',#2800,#2329,#2330);
#1831=AXIS2_PLACEMENT_3D('',#2802,#2332,#2333);
#1832=AXIS2_PLACEMENT_3D('',#2806,#2336,#2337);
#1833=AXIS2_PLACEMENT_3D('',#2807,#2338,#2339);
#1834=AXIS2_PLACEMENT_3D('',#2808,#2340,#2341);
#1835=DIRECTION('axis',(0.,0.,1.));
#1836=DIRECTION('refdir',(1.,0.,0.));
#1837=DIRECTION('center_axis',(-2.8422164185031E-16,1.,0.));
#1838=DIRECTION('ref_axis',(1.,2.8422164185031E-16,0.));
#1839=DIRECTION('',(1.,2.8422164185031E-16,0.));
#1840=DIRECTION('',(0.,0.,-1.));
#1841=DIRECTION('',(1.,2.8422164185031E-16,0.));
#1842=DIRECTION('',(0.,0.,-1.));
#1843=DIRECTION('center_axis',(0.,1.,0.));
#1844=DIRECTION('ref_axis',(1.,0.,0.));
#1845=DIRECTION('center_axis',(0.,1.,0.));
#1846=DIRECTION('ref_axis',(1.,0.,0.));
#1847=DIRECTION('',(0.,1.,0.));
#1848=DIRECTION('center_axis',(0.,-1.,0.));
#1849=DIRECTION('ref_axis',(1.,0.,0.));
#1850=DIRECTION('center_axis',(0.,1.,0.));
#1851=DIRECTION('ref_axis',(1.,0.,0.));
#1852=DIRECTION('center_axis',(0.,1.,0.));
#1853=DIRECTION('ref_axis',(1.,0.,0.));
#1854=DIRECTION('',(0.,1.,0.));
#1855=DIRECTION('center_axis',(0.,-1.,0.));
#1856=DIRECTION('ref_axis',(1.,0.,0.));
#1857=DIRECTION('center_axis',(1.,0.,0.));
#1858=DIRECTION('ref_axis',(0.,0.,-1.));
#1859=DIRECTION('',(1.25898591064637E-16,-0.496138938356834,0.868243142124459));
#1860=DIRECTION('',(0.,0.,1.));
#1861=DIRECTION('',(9.42428809203747E-17,-0.371390676354104,0.928476690885259));
#1862=DIRECTION('',(0.,-1.,0.));
#1863=DIRECTION('',(0.,0.,-1.));
#1864=DIRECTION('',(2.53756722827685E-16,-1.,0.));
#1865=DIRECTION('center_axis',(0.,0.,-1.));
#1866=DIRECTION('ref_axis',(-2.53756722827685E-16,1.,0.));
#1867=DIRECTION('center_axis',(0.,0.,1.));
#1868=DIRECTION('ref_axis',(-0.707106781186548,-0.707106781186547,0.));
#1869=DIRECTION('',(1.,2.8422164185031E-16,0.));
#1870=DIRECTION('center_axis',(0.,0.,1.));
#1871=DIRECTION('ref_axis',(0.707106781186547,-0.707106781186548,0.));
#1872=DIRECTION('',(-1.,0.,0.));
#1873=DIRECTION('center_axis',(0.,0.,-1.));
#1874=DIRECTION('ref_axis',(1.,0.,0.));
#1875=DIRECTION('',(-1.,0.,0.));
#1876=DIRECTION('center_axis',(0.,0.,1.));
#1877=DIRECTION('ref_axis',(-0.707106781186548,-0.707106781186547,0.));
#1878=DIRECTION('',(0.,1.,0.));
#1879=DIRECTION('center_axis',(0.,0.,1.));
#1880=DIRECTION('ref_axis',(-0.707106781186547,0.707106781186548,0.));
#1881=DIRECTION('',(1.,0.,0.));
#1882=DIRECTION('center_axis',(0.,0.,1.));
#1883=DIRECTION('ref_axis',(0.707106781186548,0.707106781186547,0.));
#1884=DIRECTION('',(0.,-1.,0.));
#1885=DIRECTION('center_axis',(0.,0.,1.));
#1886=DIRECTION('ref_axis',(0.707106781186547,-0.707106781186548,0.));
#1887=DIRECTION('',(1.,2.8422164185031E-16,0.));
#1888=DIRECTION('',(0.,1.,0.));
#1889=DIRECTION('center_axis',(0.,0.,1.));
#1890=DIRECTION('ref_axis',(1.,0.,0.));
#1891=DIRECTION('',(-1.,0.,0.));
#1892=DIRECTION('center_axis',(0.,0.,-1.));
#1893=DIRECTION('ref_axis',(1.,0.,0.));
#1894=DIRECTION('center_axis',(5.41233730353811E-16,-1.44213631697709E-30,
-1.));
#1895=DIRECTION('ref_axis',(1.,-1.18956883303113E-54,5.41233730353811E-16));
#1896=DIRECTION('',(-0.707106781186548,-0.707106781186548,-3.8271004094007E-16));
#1897=DIRECTION('center_axis',(0.,0.,1.));
#1898=DIRECTION('ref_axis',(1.,0.,0.));
#1899=DIRECTION('',(0.965925826289068,0.258819045102521,5.22791638207519E-16));
#1900=DIRECTION('center_axis',(5.41233730353811E-16,-1.44213631697709E-30,
-1.));
#1901=DIRECTION('ref_axis',(1.,-1.18956883303113E-54,5.41233730353811E-16));
#1902=DIRECTION('',(-0.965925826289068,0.258819045102521,-5.2279163820752E-16));
#1903=DIRECTION('center_axis',(0.,0.,1.));
#1904=DIRECTION('ref_axis',(1.,0.,0.));
#1905=DIRECTION('',(0.258819045102521,-0.965925826289068,1.4008159726745E-16));
#1906=DIRECTION('center_axis',(5.41233730353811E-16,-1.44213631697709E-30,
-1.));
#1907=DIRECTION('ref_axis',(1.,-1.18956883303113E-54,5.41233730353811E-16));
#1908=DIRECTION('',(0.25881904510252,0.965925826289068,1.40081597267447E-16));
#1909=DIRECTION('center_axis',(0.,0.,1.));
#1910=DIRECTION('ref_axis',(1.,0.,0.));
#1911=DIRECTION('center_axis',(0.,0.,1.));
#1912=DIRECTION('ref_axis',(1.,0.,0.));
#1913=DIRECTION('',(0.258819045102521,0.965925826289068,1.40081597267447E-16));
#1914=DIRECTION('center_axis',(0.,0.,-1.));
#1915=DIRECTION('ref_axis',(1.,0.,0.));
#1916=DIRECTION('',(0.707106781186548,-0.707106781186547,3.82710040940072E-16));
#1917=DIRECTION('center_axis',(-5.41233730353811E-16,1.44213631697709E-30,
1.));
#1918=DIRECTION('ref_axis',(1.,-1.18956883303113E-54,5.41233730353811E-16));
#1919=DIRECTION('',(-0.965925826289068,0.25881904510252,-5.2279163820752E-16));
#1920=DIRECTION('center_axis',(0.,0.,-1.));
#1921=DIRECTION('ref_axis',(1.,0.,0.));
#1922=DIRECTION('',(0.,-1.,0.));
#1923=DIRECTION('center_axis',(0.,0.,-1.));
#1924=DIRECTION('ref_axis',(1.,-1.18956883303113E-54,5.44009282066327E-16));
#1925=DIRECTION('center_axis',(0.,0.,-1.));
#1926=DIRECTION('ref_axis',(1.,-1.18956883303113E-54,5.32907051820075E-16));
#1927=DIRECTION('center_axis',(0.,0.,-1.));
#1928=DIRECTION('ref_axis',(1.,-1.18956853136746E-54,5.32907051820075E-16));
#1929=DIRECTION('center_axis',(0.,0.,-1.));
#1930=DIRECTION('ref_axis',(1.,-1.18956883303113E-54,5.32907051820075E-16));
#1931=DIRECTION('center_axis',(0.,0.,-1.));
#1932=DIRECTION('ref_axis',(1.,-1.18956883303113E-54,5.32907051820075E-16));
#1933=DIRECTION('center_axis',(0.,0.,-1.));
#1934=DIRECTION('ref_axis',(1.,-1.18956883303113E-54,5.32907051820075E-16));
#1935=DIRECTION('center_axis',(0.,0.,-1.));
#1936=DIRECTION('ref_axis',(1.,-1.18956848109018E-54,5.32907051820075E-16));
#1937=DIRECTION('',(-0.707106781186547,-0.707106781186548,-3.8271004094007E-16));
#1938=DIRECTION('center_axis',(5.41233730353811E-16,-1.44213631697709E-30,
-1.));
#1939=DIRECTION('ref_axis',(1.,-1.18956883303113E-54,5.41233730353811E-16));
#1940=DIRECTION('',(0.965925826289068,0.258819045102521,5.22791638207519E-16));
#1941=DIRECTION('center_axis',(-5.41233730353811E-16,1.44213631697709E-30,
1.));
#1942=DIRECTION('ref_axis',(1.,-1.18956883303113E-54,5.41233730353811E-16));
#1943=DIRECTION('center_axis',(0.,0.,-1.));
#1944=DIRECTION('ref_axis',(1.,0.,0.));
#1945=DIRECTION('center_axis',(0.,0.,-1.));
#1946=DIRECTION('ref_axis',(1.,0.,0.));
#1947=DIRECTION('center_axis',(0.,0.,-1.));
#1948=DIRECTION('ref_axis',(1.,0.,0.));
#1949=DIRECTION('center_axis',(0.,0.,1.));
#1950=DIRECTION('ref_axis',(-0.707106781186548,-0.707106781186547,0.));
#1951=DIRECTION('center_axis',(0.,0.,-1.));
#1952=DIRECTION('ref_axis',(-0.707106781186548,-0.707106781186547,0.));
#1953=DIRECTION('',(0.,0.,1.));
#1954=DIRECTION('',(0.,0.,-1.));
#1955=DIRECTION('center_axis',(1.,0.,0.));
#1956=DIRECTION('ref_axis',(0.,1.,0.));
#1957=DIRECTION('',(0.,-1.,0.));
#1958=DIRECTION('',(0.,0.,-1.));
#1959=DIRECTION('center_axis',(0.,0.,1.));
#1960=DIRECTION('ref_axis',(-0.707106781186547,0.707106781186548,0.));
#1961=DIRECTION('center_axis',(0.,0.,-1.));
#1962=DIRECTION('ref_axis',(-0.707106781186547,0.707106781186548,0.));
#1963=DIRECTION('',(0.,0.,1.));
#1964=DIRECTION('center_axis',(0.,-1.,0.));
#1965=DIRECTION('ref_axis',(1.,0.,0.));
#1966=DIRECTION('',(-1.,0.,0.));
#1967=DIRECTION('',(0.,0.,-1.));
#1968=DIRECTION('center_axis',(0.,0.,1.));
#1969=DIRECTION('ref_axis',(0.707106781186547,-0.707106781186548,0.));
#1970=DIRECTION('center_axis',(0.,0.,-1.));
#1971=DIRECTION('ref_axis',(0.707106781186547,-0.707106781186548,0.));
#1972=DIRECTION('',(0.,0.,1.));
#1973=DIRECTION('',(0.,0.,-1.));
#1974=DIRECTION('center_axis',(0.,1.,0.));
#1975=DIRECTION('ref_axis',(-1.,0.,0.));
#1976=DIRECTION('',(1.,0.,0.));
#1977=DIRECTION('center_axis',(0.,0.,1.));
#1978=DIRECTION('ref_axis',(0.707106781186548,0.707106781186547,0.));
#1979=DIRECTION('center_axis',(0.,0.,-1.));
#1980=DIRECTION('ref_axis',(0.707106781186548,0.707106781186547,0.));
#1981=DIRECTION('',(0.,0.,1.));
#1982=DIRECTION('center_axis',(-1.,0.,0.));
#1983=DIRECTION('ref_axis',(0.,-1.,0.));
#1984=DIRECTION('',(0.,1.,0.));
#1985=DIRECTION('center_axis',(0.,0.,1.));
#1986=DIRECTION('ref_axis',(1.,0.,0.));
#1987=DIRECTION('',(0.,0.,-1.));
#1988=DIRECTION('center_axis',(0.,0.,1.));
#1989=DIRECTION('ref_axis',(1.,0.,0.));
#1990=DIRECTION('center_axis',(0.,0.,1.));
#1991=DIRECTION('ref_axis',(1.,0.,0.));
#1992=DIRECTION('',(0.,0.,-1.));
#1993=DIRECTION('center_axis',(0.,0.,1.));
#1994=DIRECTION('ref_axis',(1.,0.,0.));
#1995=DIRECTION('center_axis',(0.,0.,1.));
#1996=DIRECTION('ref_axis',(1.,0.,0.));
#1997=DIRECTION('',(0.,0.,-1.));
#1998=DIRECTION('center_axis',(0.,0.,1.));
#1999=DIRECTION('ref_axis',(1.,0.,0.));
#2000=DIRECTION('center_axis',(0.,0.,-1.));
#2001=DIRECTION('ref_axis',(1.,0.,0.));
#2002=DIRECTION('',(0.,0.,-1.));
#2003=DIRECTION('center_axis',(0.,0.,-1.));
#2004=DIRECTION('ref_axis',(1.,0.,0.));
#2005=DIRECTION('',(0.,0.,-1.));
#2006=DIRECTION('center_axis',(-5.41233730353811E-16,1.39794203104351E-30,
1.));
#2007=DIRECTION('ref_axis',(1.,0.,0.));
#2008=DIRECTION('center_axis',(1.,0.,0.));
#2009=DIRECTION('ref_axis',(0.,1.,0.));
#2010=DIRECTION('',(0.,1.,0.));
#2011=DIRECTION('',(0.,0.,1.));
#2012=DIRECTION('center_axis',(0.,1.,0.));
#2013=DIRECTION('ref_axis',(-1.,0.,0.));
#2014=DIRECTION('',(-1.,0.,0.));
#2015=DIRECTION('',(0.,0.,1.));
#2016=DIRECTION('center_axis',(0.,0.,1.));
#2017=DIRECTION('ref_axis',(1.,0.,0.));
#2018=DIRECTION('center_axis',(0.,0.,-1.));
#2019=DIRECTION('ref_axis',(1.,0.,0.));
#2020=DIRECTION('center_axis',(0.,1.,0.));
#2021=DIRECTION('ref_axis',(-1.,0.,0.));
#2022=DIRECTION('center_axis',(0.,-1.,0.));
#2023=DIRECTION('ref_axis',(-1.,0.,0.));
#2024=DIRECTION('center_axis',(0.,1.,0.));
#2025=DIRECTION('ref_axis',(-1.,0.,0.));
#2026=DIRECTION('center_axis',(0.,1.,0.));
#2027=DIRECTION('ref_axis',(-1.,0.,0.));
#2028=DIRECTION('',(0.,1.,0.));
#2029=DIRECTION('center_axis',(0.,-1.,0.));
#2030=DIRECTION('ref_axis',(-1.,0.,0.));
#2031=DIRECTION('center_axis',(0.,-0.868243142124459,-0.496138938356834));
#2032=DIRECTION('ref_axis',(0.,-0.496138938356834,0.868243142124459));
#2033=DIRECTION('center_axis',(0.,-1.,0.));
#2034=DIRECTION('ref_axis',(-1.,0.,0.));
#2035=DIRECTION('center_axis',(0.,-0.928476690885259,-0.371390676354104));
#2036=DIRECTION('ref_axis',(0.,-0.371390676354104,0.928476690885259));
#2037=DIRECTION('center_axis',(0.,-1.,0.));
#2038=DIRECTION('ref_axis',(-1.,0.,0.));
#2039=DIRECTION('center_axis',(0.,1.,0.));
#2040=DIRECTION('ref_axis',(-1.,0.,0.));
#2041=DIRECTION('center_axis',(0.,-1.,0.));
#2042=DIRECTION('ref_axis',(-1.,0.,0.));
#2043=DIRECTION('center_axis',(0.,1.,0.));
#2044=DIRECTION('ref_axis',(-1.,0.,0.));
#2045=DIRECTION('center_axis',(0.,1.,0.));
#2046=DIRECTION('ref_axis',(-1.,0.,0.));
#2047=DIRECTION('',(0.,1.,0.));
#2048=DIRECTION('center_axis',(0.,-1.,0.));
#2049=DIRECTION('ref_axis',(-1.,0.,0.));
#2050=DIRECTION('center_axis',(0.,-0.868243142124459,-0.496138938356834));
#2051=DIRECTION('ref_axis',(0.,-0.496138938356834,0.868243142124459));
#2052=DIRECTION('center_axis',(0.,-1.,0.));
#2053=DIRECTION('ref_axis',(-1.,0.,0.));
#2054=DIRECTION('center_axis',(0.,-0.928476690885259,-0.371390676354104));
#2055=DIRECTION('ref_axis',(0.,-0.371390676354104,0.928476690885259));
#2056=DIRECTION('center_axis',(0.,-1.,0.));
#2057=DIRECTION('ref_axis',(-1.,0.,0.));
#2058=DIRECTION('center_axis',(0.,1.,0.));
#2059=DIRECTION('ref_axis',(-1.,0.,0.));
#2060=DIRECTION('center_axis',(0.,-1.,0.));
#2061=DIRECTION('ref_axis',(-1.,0.,0.));
#2062=DIRECTION('center_axis',(0.,1.,0.));
#2063=DIRECTION('ref_axis',(-1.,0.,0.));
#2064=DIRECTION('center_axis',(0.,1.,0.));
#2065=DIRECTION('ref_axis',(-1.,0.,0.));
#2066=DIRECTION('',(0.,1.,0.));
#2067=DIRECTION('center_axis',(0.,-1.,0.));
#2068=DIRECTION('ref_axis',(-1.,0.,0.));
#2069=DIRECTION('center_axis',(0.,-0.868243142124459,-0.496138938356834));
#2070=DIRECTION('ref_axis',(0.,-0.496138938356834,0.868243142124459));
#2071=DIRECTION('center_axis',(0.,-1.,0.));
#2072=DIRECTION('ref_axis',(-1.,0.,0.));
#2073=DIRECTION('center_axis',(0.,-0.928476690885259,-0.371390676354104));
#2074=DIRECTION('ref_axis',(0.,-0.371390676354104,0.928476690885259));
#2075=DIRECTION('center_axis',(0.,-1.,0.));
#2076=DIRECTION('ref_axis',(-1.,0.,0.));
#2077=DIRECTION('center_axis',(0.,0.928476690885259,0.371390676354104));
#2078=DIRECTION('ref_axis',(0.,-0.371390676354104,0.928476690885259));
#2079=DIRECTION('',(-1.,0.,0.));
#2080=DIRECTION('',(0.,-0.371390676354104,0.928476690885259));
#2081=DIRECTION('',(1.,0.,0.));
#2082=DIRECTION('',(-1.,0.,0.));
#2083=DIRECTION('',(-1.,0.,0.));
#2084=DIRECTION('',(-1.,0.,0.));
#2085=DIRECTION('center_axis',(0.,1.,0.));
#2086=DIRECTION('ref_axis',(-1.,0.,0.));
#2087=DIRECTION('',(1.,0.,0.));
#2088=DIRECTION('',(0.,0.,1.));
#2089=DIRECTION('center_axis',(0.,1.,0.));
#2090=DIRECTION('ref_axis',(-1.,0.,0.));
#2091=DIRECTION('',(1.,0.,0.));
#2092=DIRECTION('center_axis',(0.,1.,0.));
#2093=DIRECTION('ref_axis',(-1.,0.,0.));
#2094=DIRECTION('',(1.,0.,0.));
#2095=DIRECTION('center_axis',(0.,1.,0.));
#2096=DIRECTION('ref_axis',(-1.,0.,0.));
#2097=DIRECTION('',(1.,0.,0.));
#2098=DIRECTION('center_axis',(0.,-1.,0.));
#2099=DIRECTION('ref_axis',(-1.,0.,0.));
#2100=DIRECTION('',(0.,-1.,0.));
#2101=DIRECTION('center_axis',(0.,1.,0.));
#2102=DIRECTION('ref_axis',(-1.,0.,0.));
#2103=DIRECTION('center_axis',(0.,-1.,0.));
#2104=DIRECTION('ref_axis',(-1.,0.,0.));
#2105=DIRECTION('',(0.,-1.,0.));
#2106=DIRECTION('center_axis',(0.,1.,0.));
#2107=DIRECTION('ref_axis',(-1.,0.,0.));
#2108=DIRECTION('center_axis',(0.,-1.,0.));
#2109=DIRECTION('ref_axis',(-1.,0.,0.));
#2110=DIRECTION('',(0.,-1.,0.));
#2111=DIRECTION('center_axis',(0.,1.,0.));
#2112=DIRECTION('ref_axis',(-1.,0.,0.));
#2113=DIRECTION('center_axis',(0.,0.,1.));
#2114=DIRECTION('ref_axis',(1.,0.,0.));
#2115=DIRECTION('',(0.,-1.,0.));
#2116=DIRECTION('',(1.,0.,0.));
#2117=DIRECTION('center_axis',(0.,0.868243142124459,0.496138938356834));
#2118=DIRECTION('ref_axis',(0.,-0.496138938356834,0.868243142124459));
#2119=DIRECTION('',(0.,-0.496138938356834,0.868243142124459));
#2120=DIRECTION('center_axis',(5.44009282066327E-16,0.,-1.));
#2121=DIRECTION('ref_axis',(1.,-1.18956883303113E-54,5.44009282066327E-16));
#2122=DIRECTION('',(5.44009282066327E-16,0.,-1.));
#2123=DIRECTION('center_axis',(0.,0.,1.));
#2124=DIRECTION('ref_axis',(1.,-1.18956883303113E-54,5.44009282066327E-16));
#2125=DIRECTION('center_axis',(5.32907051820075E-16,0.,-1.));
#2126=DIRECTION('ref_axis',(1.,-1.18956883303113E-54,5.32907051820075E-16));
#2127=DIRECTION('',(5.32907051820075E-16,0.,-1.));
#2128=DIRECTION('center_axis',(0.,0.,1.));
#2129=DIRECTION('ref_axis',(1.,-1.18956883303113E-54,5.32907051820075E-16));
#2130=DIRECTION('center_axis',(5.32907051820075E-16,0.,-1.));
#2131=DIRECTION('ref_axis',(1.,-1.18956853136746E-54,5.32907051820075E-16));
#2132=DIRECTION('',(5.32907051820075E-16,0.,-1.));
#2133=DIRECTION('center_axis',(0.,0.,1.));
#2134=DIRECTION('ref_axis',(1.,-1.18956853136746E-54,5.32907051820075E-16));
#2135=DIRECTION('center_axis',(5.32907051820075E-16,0.,-1.));
#2136=DIRECTION('ref_axis',(1.,-1.18956853136746E-54,5.32907051820075E-16));
#2137=DIRECTION('center_axis',(0.,0.,-1.));
#2138=DIRECTION('ref_axis',(1.,-1.18956853136746E-54,5.32907051820075E-16));
#2139=DIRECTION('',(5.32907051820075E-16,0.,-1.));
#2140=DIRECTION('center_axis',(0.,0.,1.));
#2141=DIRECTION('ref_axis',(1.,-1.18956853136746E-54,5.32907051820075E-16));
#2142=DIRECTION('center_axis',(5.32907051820075E-16,0.,-1.));
#2143=DIRECTION('ref_axis',(1.,-1.18956883303113E-54,5.32907051820075E-16));
#2144=DIRECTION('',(5.32907051820075E-16,0.,-1.));
#2145=DIRECTION('center_axis',(0.,0.,1.));
#2146=DIRECTION('ref_axis',(1.,-1.18956883303113E-54,5.32907051820075E-16));
#2147=DIRECTION('center_axis',(5.32907051820075E-16,0.,-1.));
#2148=DIRECTION('ref_axis',(1.,-1.18956883303113E-54,5.32907051820075E-16));
#2149=DIRECTION('',(5.32907051820075E-16,0.,-1.));
#2150=DIRECTION('center_axis',(0.,0.,1.));
#2151=DIRECTION('ref_axis',(1.,-1.18956883303113E-54,5.32907051820075E-16));
#2152=DIRECTION('center_axis',(5.32907051820075E-16,0.,-1.));
#2153=DIRECTION('ref_axis',(1.,-1.18956883303113E-54,5.32907051820075E-16));
#2154=DIRECTION('',(5.32907051820075E-16,0.,-1.));
#2155=DIRECTION('center_axis',(0.,0.,1.));
#2156=DIRECTION('ref_axis',(1.,-1.18956883303113E-54,5.32907051820075E-16));
#2157=DIRECTION('center_axis',(5.32907051820075E-16,0.,-1.));
#2158=DIRECTION('ref_axis',(1.,-1.18956848109018E-54,5.32907051820075E-16));
#2159=DIRECTION('',(5.32907051820075E-16,0.,-1.));
#2160=DIRECTION('center_axis',(0.,0.,1.));
#2161=DIRECTION('ref_axis',(1.,-1.18956848109018E-54,5.32907051820075E-16));
#2162=DIRECTION('center_axis',(-1.,0.,0.));
#2163=DIRECTION('ref_axis',(0.,-1.,0.));
#2164=DIRECTION('',(0.,-1.,0.));
#2165=DIRECTION('',(0.,0.,1.));
#2166=DIRECTION('center_axis',(0.,-1.,0.));
#2167=DIRECTION('ref_axis',(0.,0.,-1.));
#2168=DIRECTION('',(1.,0.,0.));
#2169=DIRECTION('center_axis',(0.,0.,-1.));
#2170=DIRECTION('ref_axis',(1.,0.,0.));
#2171=DIRECTION('center_axis',(-5.41233730353811E-16,1.44213631697709E-30,
1.));
#2172=DIRECTION('ref_axis',(1.,-1.18956883303113E-54,5.41233730353811E-16));
#2173=DIRECTION('center_axis',(0.,0.,-1.));
#2174=DIRECTION('ref_axis',(1.,0.,0.));
#2175=DIRECTION('center_axis',(0.,0.,1.));
#2176=DIRECTION('ref_axis',(1.,0.,0.));
#2177=DIRECTION('',(0.,0.,1.));
#2178=DIRECTION('center_axis',(5.41233730353811E-16,-1.39794203104351E-30,
-1.));
#2179=DIRECTION('ref_axis',(1.,0.,0.));
#2180=DIRECTION('center_axis',(5.41233730353811E-16,-1.41010431202584E-30,
-1.));
#2181=DIRECTION('ref_axis',(1.,0.,0.));
#2182=DIRECTION('center_axis',(5.41233730353811E-16,-1.41010431202584E-30,
-1.));
#2183=DIRECTION('ref_axis',(1.,0.,0.));
#2184=DIRECTION('center_axis',(0.,0.,-1.));
#2185=DIRECTION('ref_axis',(1.,0.,0.));
#2186=DIRECTION('center_axis',(0.,0.,1.));
#2187=DIRECTION('ref_axis',(1.,0.,0.));
#2188=DIRECTION('center_axis',(0.,0.,1.));
#2189=DIRECTION('ref_axis',(1.,-1.18956883303113E-54,5.32907051820075E-16));
#2190=DIRECTION('center_axis',(0.,0.,1.));
#2191=DIRECTION('ref_axis',(1.,-1.18956883303113E-54,5.44009282066327E-16));
#2192=DIRECTION('center_axis',(0.,0.,1.));
#2193=DIRECTION('ref_axis',(1.,-1.18956883303113E-54,5.32907051820075E-16));
#2194=DIRECTION('center_axis',(5.41233730353811E-16,-1.39794203104351E-30,
-1.));
#2195=DIRECTION('ref_axis',(1.,-1.18956855528362E-54,5.41233730353811E-16));
#2196=DIRECTION('',(0.25881904510252,0.965925826289068,1.40081597267447E-16));
#2197=DIRECTION('center_axis',(-5.41233730353811E-16,1.44213631697709E-30,
1.));
#2198=DIRECTION('ref_axis',(1.,-1.18956883303113E-54,5.41233730353811E-16));
#2199=DIRECTION('',(0.258819045102521,-0.965925826289068,1.4008159726745E-16));
#2200=DIRECTION('center_axis',(5.55111512312578E-16,0.,-1.));
#2201=DIRECTION('ref_axis',(1.,-1.18956883303113E-54,5.55111512312578E-16));
#2202=DIRECTION('',(-5.55111512312578E-16,0.,1.));
#2203=DIRECTION('center_axis',(-5.41233730353811E-16,1.44213631697709E-30,
1.));
#2204=DIRECTION('ref_axis',(1.,-1.18956883303113E-54,5.41233730353811E-16));
#2205=DIRECTION('center_axis',(5.55111512312578E-16,0.,-1.));
#2206=DIRECTION('ref_axis',(1.,-1.18956883303113E-54,5.55111512312578E-16));
#2207=DIRECTION('center_axis',(5.41233730353811E-16,-1.44213631697709E-30,
-1.));
#2208=DIRECTION('ref_axis',(1.,-1.18956883303113E-54,5.41233730353811E-16));
#2209=DIRECTION('',(5.55111512312578E-16,0.,-1.));
#2210=DIRECTION('',(5.55111512312578E-16,0.,-1.));
#2211=DIRECTION('center_axis',(-0.965925826289068,0.25881904510252,-5.36196546213102E-16));
#2212=DIRECTION('ref_axis',(0.25881904510252,0.965925826289068,1.40081597267447E-16));
#2213=DIRECTION('',(-0.25881904510252,-0.965925826289068,-1.40081597267447E-16));
#2214=DIRECTION('',(5.55111512312578E-16,0.,-1.));
#2215=DIRECTION('center_axis',(5.55111512312578E-16,0.,-1.));
#2216=DIRECTION('ref_axis',(1.,-1.18956883303113E-54,5.55111512312578E-16));
#2217=DIRECTION('center_axis',(5.41233730353811E-16,-1.44213631697709E-30,
-1.));
#2218=DIRECTION('ref_axis',(1.,-1.18956883303113E-54,5.41233730353811E-16));
#2219=DIRECTION('',(5.55111512312578E-16,0.,-1.));
#2220=DIRECTION('center_axis',(0.965925826289068,0.258819045102521,5.36196546213101E-16));
#2221=DIRECTION('ref_axis',(0.258819045102521,-0.965925826289068,1.4008159726745E-16));
#2222=DIRECTION('',(0.258819045102521,-0.965925826289068,1.4008159726745E-16));
#2223=DIRECTION('center_axis',(5.41233730353811E-16,-1.39794203104351E-30,
-1.));
#2224=DIRECTION('ref_axis',(1.,-1.18956855528362E-54,5.41233730353811E-16));
#2225=DIRECTION('center_axis',(8.88178419700125E-16,0.,-1.));
#2226=DIRECTION('ref_axis',(1.,-1.18956883303113E-54,8.88178419700125E-16));
#2227=DIRECTION('',(-8.88178419700125E-16,0.,1.));
#2228=DIRECTION('center_axis',(-5.41233730353811E-16,1.44213631697709E-30,
1.));
#2229=DIRECTION('ref_axis',(1.,-1.18956883303113E-54,5.41233730353811E-16));
#2230=DIRECTION('center_axis',(0.707106781186548,-0.707106781186547,6.2803698347351E-16));
#2231=DIRECTION('ref_axis',(-0.707106781186547,-0.707106781186548,-3.8271004094007E-16));
#2232=DIRECTION('',(-0.707106781186547,-0.707106781186548,-3.8271004094007E-16));
#2233=DIRECTION('',(8.88178419700125E-16,0.,-1.));
#2234=DIRECTION('',(8.88178419700125E-16,0.,-1.));
#2235=DIRECTION('center_axis',(8.88178419700125E-16,0.,-1.));
#2236=DIRECTION('ref_axis',(1.,-1.18956883303113E-54,8.88178419700125E-16));
#2237=DIRECTION('center_axis',(5.41233730353811E-16,-1.44213631697709E-30,
-1.));
#2238=DIRECTION('ref_axis',(1.,-1.18956883303113E-54,5.41233730353811E-16));
#2239=DIRECTION('',(8.88178419700125E-16,0.,-1.));
#2240=DIRECTION('center_axis',(-0.258819045102521,0.965925826289068,-2.29877490467453E-16));
#2241=DIRECTION('ref_axis',(0.965925826289068,0.258819045102521,5.22791638207519E-16));
#2242=DIRECTION('',(-0.965925826289068,-0.258819045102521,-5.22791638207519E-16));
#2243=DIRECTION('',(8.88178419700125E-16,0.,-1.));
#2244=DIRECTION('center_axis',(8.88178419700125E-16,0.,-1.));
#2245=DIRECTION('ref_axis',(1.,-1.18956883303113E-54,8.88178419700125E-16));
#2246=DIRECTION('center_axis',(5.41233730353811E-16,-1.44213631697709E-30,
-1.));
#2247=DIRECTION('ref_axis',(1.,-1.18956883303113E-54,5.41233730353811E-16));
#2248=DIRECTION('center_axis',(5.41233730353811E-16,-1.47247826443127E-30,
-1.));
#2249=DIRECTION('ref_axis',(1.,-1.18956856720317E-54,5.41233730353811E-16));
#2250=DIRECTION('center_axis',(5.41233730353811E-16,-1.39794203104351E-30,
-1.));
#2251=DIRECTION('ref_axis',(1.,-1.18956855528362E-54,5.41233730353811E-16));
#2252=DIRECTION('',(-0.965925826289068,0.25881904510252,-5.2279163820752E-16));
#2253=DIRECTION('center_axis',(5.41233730353811E-16,-1.44213631697709E-30,
-1.));
#2254=DIRECTION('ref_axis',(1.,-1.18956883303113E-54,5.41233730353811E-16));
#2255=DIRECTION('',(0.707106781186548,-0.707106781186547,3.82710040940072E-16));
#2256=DIRECTION('center_axis',(8.88178419700125E-16,0.,-1.));
#2257=DIRECTION('ref_axis',(1.,-1.18956883303113E-54,8.88178419700125E-16));
#2258=DIRECTION('',(-8.88178419700125E-16,0.,1.));
#2259=DIRECTION('center_axis',(-5.41233730353811E-16,1.44213631697709E-30,
1.));
#2260=DIRECTION('ref_axis',(1.,-1.18956883303113E-54,5.41233730353811E-16));
#2261=DIRECTION('center_axis',(-0.25881904510252,-0.965925826289069,-2.29877490467452E-16));
#2262=DIRECTION('ref_axis',(-0.965925826289068,0.25881904510252,-5.2279163820752E-16));
#2263=DIRECTION('',(-0.965925826289068,0.25881904510252,-5.2279163820752E-16));
#2264=DIRECTION('',(8.88178419700125E-16,0.,-1.));
#2265=DIRECTION('',(8.88178419700125E-16,0.,-1.));
#2266=DIRECTION('center_axis',(8.88178419700125E-16,0.,-1.));
#2267=DIRECTION('ref_axis',(1.,-1.18956883303113E-54,8.88178419700125E-16));
#2268=DIRECTION('center_axis',(5.41233730353811E-16,-1.44213631697709E-30,
-1.));
#2269=DIRECTION('ref_axis',(1.,-1.18956883303113E-54,5.41233730353811E-16));
#2270=DIRECTION('',(8.88178419700125E-16,0.,-1.));
#2271=DIRECTION('center_axis',(0.707106781186547,0.707106781186548,6.2803698347351E-16));
#2272=DIRECTION('ref_axis',(0.707106781186548,-0.707106781186547,3.82710040940072E-16));
#2273=DIRECTION('',(-0.707106781186548,0.707106781186547,-3.82710040940072E-16));
#2274=DIRECTION('',(8.88178419700125E-16,0.,-1.));
#2275=DIRECTION('center_axis',(8.88178419700125E-16,0.,-1.));
#2276=DIRECTION('ref_axis',(1.,-1.18956883303113E-54,8.88178419700125E-16));
#2277=DIRECTION('center_axis',(5.41233730353811E-16,-1.44213631697709E-30,
-1.));
#2278=DIRECTION('ref_axis',(1.,-1.18956883303113E-54,5.41233730353811E-16));
#2279=DIRECTION('center_axis',(5.41233730353811E-16,-1.39794203104351E-30,
-1.));
#2280=DIRECTION('ref_axis',(1.,-1.18956855528362E-54,5.41233730353811E-16));
#2281=DIRECTION('center_axis',(5.41233730353811E-16,-1.41010431202584E-30,
-1.));
#2282=DIRECTION('ref_axis',(1.,-1.18956855239646E-54,5.41233730353811E-16));
#2283=DIRECTION('',(-0.965925826289068,0.258819045102521,-5.2279163820752E-16));
#2284=DIRECTION('center_axis',(-5.41233730353811E-16,1.44213631697709E-30,
1.));
#2285=DIRECTION('ref_axis',(1.,-1.18956883303113E-54,5.41233730353811E-16));
#2286=DIRECTION('',(0.965925826289068,0.258819045102521,5.22791638207519E-16));
#2287=DIRECTION('center_axis',(8.88178419700125E-16,0.,-1.));
#2288=DIRECTION('ref_axis',(1.,-1.18956883303113E-54,8.88178419700125E-16));
#2289=DIRECTION('',(-8.88178419700125E-16,0.,1.));
#2290=DIRECTION('center_axis',(-5.41233730353811E-16,1.44213631697709E-30,
1.));
#2291=DIRECTION('ref_axis',(1.,-1.18956883303113E-54,5.41233730353811E-16));
#2292=DIRECTION('center_axis',(8.88178419700125E-16,0.,-1.));
#2293=DIRECTION('ref_axis',(1.,-1.18956883303113E-54,8.88178419700125E-16));
#2294=DIRECTION('center_axis',(5.41233730353811E-16,-1.44213631697709E-30,
-1.));
#2295=DIRECTION('ref_axis',(1.,-1.18956883303113E-54,5.41233730353811E-16));
#2296=DIRECTION('',(8.88178419700125E-16,0.,-1.));
#2297=DIRECTION('',(8.88178419700125E-16,0.,-1.));
#2298=DIRECTION('center_axis',(-0.258819045102521,-0.965925826289068,-2.29877490467452E-16));
#2299=DIRECTION('ref_axis',(-0.965925826289068,0.258819045102521,-5.2279163820752E-16));
#2300=DIRECTION('',(0.965925826289068,-0.258819045102521,5.2279163820752E-16));
#2301=DIRECTION('',(8.88178419700125E-16,0.,-1.));
#2302=DIRECTION('center_axis',(8.88178419700125E-16,0.,-1.));
#2303=DIRECTION('ref_axis',(1.,-1.18956883303113E-54,8.88178419700125E-16));
#2304=DIRECTION('center_axis',(5.41233730353811E-16,-1.44213631697709E-30,
-1.));
#2305=DIRECTION('ref_axis',(1.,-1.18956883303113E-54,5.41233730353811E-16));
#2306=DIRECTION('',(8.88178419700125E-16,0.,-1.));
#2307=DIRECTION('center_axis',(-0.258819045102521,0.965925826289068,-2.29877490467453E-16));
#2308=DIRECTION('ref_axis',(0.965925826289068,0.258819045102521,5.22791638207519E-16));
#2309=DIRECTION('',(0.965925826289068,0.258819045102521,5.22791638207519E-16));
#2310=DIRECTION('center_axis',(5.41233730353811E-16,-1.41010431202584E-30,
-1.));
#2311=DIRECTION('ref_axis',(1.,-1.18956855239646E-54,5.41233730353811E-16));
#2312=DIRECTION('center_axis',(5.41233730353811E-16,-1.41010431202584E-30,
-1.));
#2313=DIRECTION('ref_axis',(1.,-1.18956855239646E-54,5.41233730353811E-16));
#2314=DIRECTION('',(-0.707106781186548,-0.707106781186548,-3.8271004094007E-16));
#2315=DIRECTION('center_axis',(-5.41233730353811E-16,1.44213631697709E-30,
1.));
#2316=DIRECTION('ref_axis',(1.,-1.18956883303113E-54,5.41233730353811E-16));
#2317=DIRECTION('center_axis',(4.44089209850063E-16,0.,-1.));
#2318=DIRECTION('ref_axis',(1.,-1.18956883303113E-54,4.44089209850063E-16));
#2319=DIRECTION('',(-4.44089209850063E-16,0.,1.));
#2320=DIRECTION('center_axis',(-5.41233730353811E-16,1.44213631697709E-30,
1.));
#2321=DIRECTION('ref_axis',(1.,-1.18956883303113E-54,5.41233730353811E-16));
#2322=DIRECTION('center_axis',(-0.965925826289068,0.258819045102521,-4.28957236970481E-16));
#2323=DIRECTION('ref_axis',(0.258819045102521,0.965925826289068,1.40081597267447E-16));
#2324=DIRECTION('',(0.258819045102521,0.965925826289068,1.40081597267447E-16));
#2325=DIRECTION('',(4.44089209850063E-16,0.,-1.));
#2326=DIRECTION('',(4.44089209850063E-16,0.,-1.));
#2327=DIRECTION('center_axis',(4.44089209850063E-16,0.,-1.));
#2328=DIRECTION('ref_axis',(1.,-1.18956883303113E-54,4.44089209850063E-16));
#2329=DIRECTION('center_axis',(5.41233730353811E-16,-1.44213631697709E-30,
-1.));
#2330=DIRECTION('ref_axis',(1.,-1.18956883303113E-54,5.41233730353811E-16));
#2331=DIRECTION('',(4.44089209850063E-16,0.,-1.));
#2332=DIRECTION('center_axis',(0.707106781186548,-0.707106781186548,3.14018491736755E-16));
#2333=DIRECTION('ref_axis',(-0.707106781186548,-0.707106781186548,-3.8271004094007E-16));
#2334=DIRECTION('',(0.707106781186548,0.707106781186548,3.8271004094007E-16));
#2335=DIRECTION('',(4.44089209850063E-16,0.,-1.));
#2336=DIRECTION('center_axis',(4.44089209850063E-16,0.,-1.));
#2337=DIRECTION('ref_axis',(1.,-1.18956883303113E-54,4.44089209850063E-16));
#2338=DIRECTION('center_axis',(5.41233730353811E-16,-1.44213631697709E-30,
-1.));
#2339=DIRECTION('ref_axis',(1.,-1.18956883303113E-54,5.41233730353811E-16));
#2340=DIRECTION('center_axis',(5.41233730353811E-16,-1.41010431202584E-30,
-1.));
#2341=DIRECTION('ref_axis',(1.,-1.18956855239646E-54,5.41233730353811E-16));
#2342=CARTESIAN_POINT('',(0.,0.,0.));
#2343=CARTESIAN_POINT('Origin',(97.5,-36.001177892073,-51.8513603771687));
#2344=CARTESIAN_POINT('',(97.5,-36.001177892073,-51.8513603771687));
#2345=CARTESIAN_POINT('',(100.500177892073,-36.001177892073,-51.8513603771687));
#2346=CARTESIAN_POINT('',(35.001177892073,-36.001177892073,-51.8513603771687));
#2347=CARTESIAN_POINT('',(100.500177892073,-36.001177892073,-54.8513603771686));
#2348=CARTESIAN_POINT('',(100.500177892073,-36.001177892073,-51.8513603771687));
#2349=CARTESIAN_POINT('',(97.5,-36.001177892073,-54.8513603771686));
#2350=CARTESIAN_POINT('',(35.001177892073,-36.001177892073,-54.8513603771686));
#2351=CARTESIAN_POINT('',(97.5,-36.001177892073,-53.3513603771686));
#2352=CARTESIAN_POINT('Origin',(81.,-45.001177892073,-42.3513603771686));
#2353=CARTESIAN_POINT('',(79.4,-45.001177892073,-42.3513603771686));
#2354=CARTESIAN_POINT('Origin',(81.,-45.001177892073,-42.3513603771686));
#2355=CARTESIAN_POINT('',(79.4,-40.001177892073,-42.3513603771686));
#2356=CARTESIAN_POINT('',(79.4,-45.001177892073,-42.3513603771686));
#2357=CARTESIAN_POINT('Origin',(81.,-40.001177892073,-42.3513603771686));
#2358=CARTESIAN_POINT('Origin',(97.,-45.001177892073,-42.3513603771686));
#2359=CARTESIAN_POINT('',(95.4,-45.001177892073,-42.3513603771686));
#2360=CARTESIAN_POINT('Origin',(97.,-45.001177892073,-42.3513603771686));
#2361=CARTESIAN_POINT('',(95.4,-40.001177892073,-42.3513603771686));
#2362=CARTESIAN_POINT('',(95.4,-45.001177892073,-42.3513603771686));
#2363=CARTESIAN_POINT('Origin',(97.,-40.001177892073,-42.3513603771686));
#2364=CARTESIAN_POINT('Origin',(100.500177892073,-35.001177892073,-54.8513603771686));
#2365=CARTESIAN_POINT('',(100.500177892073,-40.001177892073,-44.8513603771686));
#2366=CARTESIAN_POINT('',(100.500177892073,-36.2319471228422,-51.4475142233225));
#2367=CARTESIAN_POINT('',(100.500177892073,-40.001177892073,-39.8513603771686));
#2368=CARTESIAN_POINT('',(100.500177892073,-40.001177892073,-54.8513603771686));
#2369=CARTESIAN_POINT('',(100.500177892073,-42.001177892073,-34.8513603771686));
#2370=CARTESIAN_POINT('',(100.500177892073,-37.5701434093144,-45.9289465840652));
#2371=CARTESIAN_POINT('',(100.500177892073,-45.001177892073,-34.8513603771686));
#2372=CARTESIAN_POINT('',(100.500177892073,-40.001177892073,-34.8513603771686));
#2373=CARTESIAN_POINT('',(100.500177892073,-45.001177892073,-54.8513603771686));
#2374=CARTESIAN_POINT('',(100.500177892073,-45.001177892073,-54.8513603771686));
#2375=CARTESIAN_POINT('',(100.500177892073,-25.6258834190547,-54.8513603771686));
#2376=CARTESIAN_POINT('Origin',(35.001177892073,-45.001177892073,-51.8513603771686));
#2377=CARTESIAN_POINT('',(40.0290419370734,-36.001177892073,-51.8513603771687));
#2378=CARTESIAN_POINT('',(44.501177892073,-40.001177892073,-51.8513603771687));
#2379=CARTESIAN_POINT('Origin',(44.501177892073,-35.501177892073,-51.8513603771687));
#2380=CARTESIAN_POINT('',(72.4721359549996,-36.001177892073,-51.8513603771687));
#2381=CARTESIAN_POINT('',(35.001177892073,-36.001177892073,-51.8513603771687));
#2382=CARTESIAN_POINT('',(68.,-40.001177892073,-51.8513603771687));
#2383=CARTESIAN_POINT('Origin',(68.,-35.501177892073,-51.8513603771687));
#2384=CARTESIAN_POINT('',(40.001177892073,-40.001177892073,-51.8513603771687));
#2385=CARTESIAN_POINT('Origin',(0.,0.,-51.8513603771687));
#2386=CARTESIAN_POINT('',(-35.001177892073,-36.001177892073,-51.8513603771687));
#2387=CARTESIAN_POINT('',(17.5005889460365,-36.001177892073,-51.8513603771687));
#2388=CARTESIAN_POINT('',(40.001177892073,-35.501177892073,-51.8513603771687));
#2389=CARTESIAN_POINT('Origin',(44.501177892073,-35.501177892073,-51.8513603771687));
#2390=CARTESIAN_POINT('',(40.001177892073,-4.5,-51.8513603771687));
#2391=CARTESIAN_POINT('',(40.001177892073,7.5,-51.8513603771687));
#2392=CARTESIAN_POINT('',(44.501177892073,0.,-51.8513603771687));
#2393=CARTESIAN_POINT('Origin',(44.501177892073,-4.5,-51.8513603771687));
#2394=CARTESIAN_POINT('',(68.,0.,-51.8513603771687));
#2395=CARTESIAN_POINT('',(85.,0.,-51.8513603771687));
#2396=CARTESIAN_POINT('',(72.5,-4.5,-51.8513603771687));
#2397=CARTESIAN_POINT('Origin',(68.,-4.5,-51.8513603771687));
#2398=CARTESIAN_POINT('',(72.5,-35.501177892073,-51.8513603771687));
#2399=CARTESIAN_POINT('',(72.5,0.,-51.8513603771687));
#2400=CARTESIAN_POINT('Origin',(68.,-35.501177892073,-51.8513603771687));
#2401=CARTESIAN_POINT('',(17.5005889460365,-36.001177892073,-51.8513603771687));
#2402=CARTESIAN_POINT('',(97.5,0.,-51.8513603771687));
#2403=CARTESIAN_POINT('',(97.5,-45.001177892073,-51.8513603771687));
#2404=CARTESIAN_POINT('',(84.9999998334691,12.5,-51.8513603771687));
#2405=CARTESIAN_POINT('Origin',(85.,0.,-51.8513603771687));
#2406=CARTESIAN_POINT('',(32.6930031326665,12.5,-51.8513603771687));
#2407=CARTESIAN_POINT('',(97.5,12.5,-51.8513603771687));
#2408=CARTESIAN_POINT('',(9.05033740005599,33.8108539788289,-51.8513603771687));
#2409=CARTESIAN_POINT('Origin',(0.,0.,-51.8513603771687));
#2410=CARTESIAN_POINT('',(24.7404081629969,24.7521874002407,-51.8513603771687));
#2411=CARTESIAN_POINT('Origin',(-0.00832917853222239,0.00345005871152112,
-51.8513603771687));
#2412=CARTESIAN_POINT('',(20.5010392524694,20.5128184897132,-51.8513603771687));
#2413=CARTESIAN_POINT('',(-0.00832917853222239,0.00345005871152112,-51.8513603771687));
#2414=CARTESIAN_POINT('',(28.0115659813787,7.51135833881439,-51.8513603771686));
#2415=CARTESIAN_POINT('Origin',(0.,0.,-51.8513603771687));
#2416=CARTESIAN_POINT('',(33.7990747415851,9.06211663729975,-51.8513603771686));
#2417=CARTESIAN_POINT('',(-0.00832917853222017,0.00345005871152112,-51.8513603771687));
#2418=CARTESIAN_POINT('',(33.7990747415851,-9.05521651987669,-51.8513603771686));
#2419=CARTESIAN_POINT('Origin',(-0.00832917853222017,0.00345005871152112,
-51.8513603771687));
#2420=CARTESIAN_POINT('',(28.0132914892839,-7.50492056984107,-51.8513603771686));
#2421=CARTESIAN_POINT('',(-0.00832917853222018,0.00345005871152112,-51.8513603771687));
#2422=CARTESIAN_POINT('',(7.49914828702357,-28.0148372794211,-51.8513603771687));
#2423=CARTESIAN_POINT('Origin',(0.,0.,-51.8513603771687));
#2424=CARTESIAN_POINT('',(9.050337400056,-33.8039538614058,-51.8513603771687));
#2425=CARTESIAN_POINT('',(-0.00832917853222073,0.00345005871152112,-51.8513603771687));
#2426=CARTESIAN_POINT('',(-9.06699575712042,-33.8039538614058,-51.8513603771687));
#2427=CARTESIAN_POINT('Origin',(-0.00832917853222073,0.00345005871152112,
-51.8513603771687));
#2428=CARTESIAN_POINT('',(-7.51469061753039,-28.0106722116055,-51.8513603771687));
#2429=CARTESIAN_POINT('',(-0.00832917853222073,0.00345005871152112,-51.8513603771687));
#2430=CARTESIAN_POINT('',(-29.0011781281935,3.55161999661944E-15,-51.8513603771686));
#2431=CARTESIAN_POINT('Origin',(0.,0.,-51.8513603771687));
#2432=CARTESIAN_POINT('',(7.49742312944086,28.0152990210944,-51.8513603771687));
#2433=CARTESIAN_POINT('Origin',(0.,0.,-51.8513603771687));
#2434=CARTESIAN_POINT('',(-0.00832917853222239,0.00345005871152112,-51.8513603771687));
#2435=CARTESIAN_POINT('',(-24.7520096766784,24.7471305568577,-51.8513603771687));
#2436=CARTESIAN_POINT('Origin',(0.,0.,-51.8513603771687));
#2437=CARTESIAN_POINT('',(-20.5144258329421,20.5095467131214,-51.8513603771687));
#2438=CARTESIAN_POINT('',(-0.00832917853222017,0.00345005871152112,-51.8513603771687));
#2439=CARTESIAN_POINT('',(-28.0201781409152,7.5092023666846,-51.8513603771687));
#2440=CARTESIAN_POINT('Origin',(-0.00832917853222017,0.00345005871152112,
-51.8513603771687));
#2441=CARTESIAN_POINT('',(-33.8082370918714,9.06010808833705,-51.8513603771687));
#2442=CARTESIAN_POINT('',(-0.00832917853222017,0.00345005871152112,-51.8513603771687));
#2443=CARTESIAN_POINT('',(-35.001177892073,0.,-51.8513603771687));
#2444=CARTESIAN_POINT('Origin',(0.,0.,-51.8513603771687));
#2445=CARTESIAN_POINT('',(-35.001177892073,0.,-51.8513603771687));
#2446=CARTESIAN_POINT('',(-1.60832917853223,32.0034500587115,-51.8513603771687));
#2447=CARTESIAN_POINT('Origin',(-0.00832917853222728,32.0034500587115,-51.8513603771687));
#2448=CARTESIAN_POINT('',(-33.6083291785322,0.00345005871150772,-51.8513603771687));
#2449=CARTESIAN_POINT('Origin',(-32.0083291785322,0.00345005871150753,-51.8513603771687));
#2450=CARTESIAN_POINT('',(26.3044837425698,-15.9965499412885,-51.8513603771686));
#2451=CARTESIAN_POINT('Origin',(27.7044837425698,-15.9965499412885,-51.8513603771686));
#2452=CARTESIAN_POINT('',(26.1044837425697,16.0034500587115,-51.8513603771686));
#2453=CARTESIAN_POINT('Origin',(27.7044837425697,16.0034500587115,-51.8513603771686));
#2454=CARTESIAN_POINT('',(14.3916708214678,-27.7093628623904,-51.8513603771686));
#2455=CARTESIAN_POINT('Origin',(15.9916708214678,-27.7093628623904,-51.8513603771686));
#2456=CARTESIAN_POINT('',(-17.6083291785322,27.7162629798135,-51.8513603771687));
#2457=CARTESIAN_POINT('Origin',(-16.0083291785322,27.7162629798135,-51.8513603771687));
#2458=CARTESIAN_POINT('',(-17.4083291785322,-27.7093628623905,-51.8513603771687));
#2459=CARTESIAN_POINT('Origin',(-16.0083291785322,-27.7093628623905,-51.8513603771687));
#2460=CARTESIAN_POINT('',(-20.5144258329421,-20.5026465956984,-51.8513603771687));
#2461=CARTESIAN_POINT('',(-24.7570665200613,-24.7452872828176,-51.8513603771687));
#2462=CARTESIAN_POINT('',(-0.00832917853222017,0.00345005871152112,-51.8513603771687));
#2463=CARTESIAN_POINT('',(-33.8157330986496,-9.05521651987672,-51.8513603771687));
#2464=CARTESIAN_POINT('Origin',(-0.00832917853222017,0.00345005871152112,
-51.8513603771687));
#2465=CARTESIAN_POINT('',(-28.0201781409152,-7.5023022492616,-51.8513603771687));
#2466=CARTESIAN_POINT('',(-0.00832917853222017,0.00345005871152112,-51.8513603771687));
#2467=CARTESIAN_POINT('Origin',(-0.00832917853222017,0.00345005871152112,
-51.8513603771687));
#2468=CARTESIAN_POINT('',(79.0698722832545,-2.49999894034625,-51.8513603771687));
#2469=CARTESIAN_POINT('Origin',(80.6698722832545,-2.49999894034625,-51.8513603771687));
#2470=CARTESIAN_POINT('',(83.4000012665987,5.00000007450581,-51.8513603771687));
#2471=CARTESIAN_POINT('Origin',(85.0000012665987,5.00000007450581,-51.8513603771687));
#2472=CARTESIAN_POINT('',(87.7301264501468,-2.50000113415955,-51.8513603771687));
#2473=CARTESIAN_POINT('Origin',(89.3301264501468,-2.50000113415955,-51.8513603771687));
#2474=CARTESIAN_POINT('Origin',(44.501177892073,-35.501177892073,-54.8513603771686));
#2475=CARTESIAN_POINT('',(44.501177892073,-40.001177892073,-54.8513603771686));
#2476=CARTESIAN_POINT('',(40.001177892073,-35.501177892073,-54.8513603771686));
#2477=CARTESIAN_POINT('Origin',(44.501177892073,-35.501177892073,-54.8513603771686));
#2478=CARTESIAN_POINT('',(40.001177892073,-35.501177892073,-54.8513603771686));
#2479=CARTESIAN_POINT('',(44.501177892073,-40.001177892073,-54.8513603771686));
#2480=CARTESIAN_POINT('Origin',(40.001177892073,-40.001177892073,-54.8513603771686));
#2481=CARTESIAN_POINT('',(40.001177892073,-4.5,-54.8513603771686));
#2482=CARTESIAN_POINT('',(40.001177892073,7.5,-54.8513603771686));
#2483=CARTESIAN_POINT('',(40.001177892073,-4.5,-54.8513603771686));
#2484=CARTESIAN_POINT('Origin',(44.501177892073,-4.5,-54.8513603771686));
#2485=CARTESIAN_POINT('',(44.501177892073,0.,-54.8513603771686));
#2486=CARTESIAN_POINT('Origin',(44.501177892073,-4.5,-54.8513603771686));
#2487=CARTESIAN_POINT('',(44.501177892073,0.,-54.8513603771686));
#2488=CARTESIAN_POINT('Origin',(40.001177892073,0.,-54.8513603771686));
#2489=CARTESIAN_POINT('',(68.,0.,-54.8513603771686));
#2490=CARTESIAN_POINT('',(85.,0.,-54.8513603771686));
#2491=CARTESIAN_POINT('',(68.,0.,-54.8513603771686));
#2492=CARTESIAN_POINT('Origin',(68.,-35.501177892073,-54.8513603771686));
#2493=CARTESIAN_POINT('',(72.5,-35.501177892073,-54.8513603771686));
#2494=CARTESIAN_POINT('',(68.,-40.001177892073,-54.8513603771686));
#2495=CARTESIAN_POINT('Origin',(68.,-35.501177892073,-54.8513603771686));
#2496=CARTESIAN_POINT('',(68.,-40.001177892073,-54.8513603771686));
#2497=CARTESIAN_POINT('',(72.5,-35.501177892073,-54.8513603771686));
#2498=CARTESIAN_POINT('Origin',(72.5,-40.001177892073,-54.8513603771686));
#2499=CARTESIAN_POINT('',(40.001177892073,-40.001177892073,-54.8513603771686));
#2500=CARTESIAN_POINT('Origin',(68.,-4.5,-54.8513603771686));
#2501=CARTESIAN_POINT('',(72.5,-4.5,-54.8513603771686));
#2502=CARTESIAN_POINT('Origin',(68.,-4.5,-54.8513603771686));
#2503=CARTESIAN_POINT('',(72.5,-4.5,-54.8513603771686));
#2504=CARTESIAN_POINT('Origin',(72.5,0.,-54.8513603771686));
#2505=CARTESIAN_POINT('',(72.5,0.,-54.8513603771686));
#2506=CARTESIAN_POINT('Origin',(89.3301264501468,-2.50000113415955,-54.8513603771686));
#2507=CARTESIAN_POINT('',(87.7301264501468,-2.50000113415955,-54.8513603771686));
#2508=CARTESIAN_POINT('',(87.7301264501468,-2.50000113415955,-54.8513603771686));
#2509=CARTESIAN_POINT('Origin',(89.3301264501468,-2.50000113415955,-54.8513603771686));
#2510=CARTESIAN_POINT('Origin',(85.0000012665987,5.00000007450581,-54.8513603771686));
#2511=CARTESIAN_POINT('',(83.4000012665987,5.00000007450581,-54.8513603771686));
#2512=CARTESIAN_POINT('',(83.4000012665987,5.00000007450581,-54.8513603771686));
#2513=CARTESIAN_POINT('Origin',(85.0000012665987,5.00000007450581,-54.8513603771686));
#2514=CARTESIAN_POINT('Origin',(80.6698722832545,-2.49999894034625,-54.8513603771686));
#2515=CARTESIAN_POINT('',(79.0698722832545,-2.49999894034625,-54.8513603771686));
#2516=CARTESIAN_POINT('',(79.0698722832545,-2.49999894034625,-54.8513603771686));
#2517=CARTESIAN_POINT('Origin',(80.6698722832545,-2.49999894034625,-54.8513603771686));
#2518=CARTESIAN_POINT('Origin',(0.,0.,-51.8513603771687));
#2519=CARTESIAN_POINT('',(32.6930031326665,12.5,-54.8513603771686));
#2520=CARTESIAN_POINT('',(32.6930031326665,12.5,-51.8513603771686));
#2521=CARTESIAN_POINT('',(-35.001177892073,4.44089209850063E-15,-54.8513603771686));
#2522=CARTESIAN_POINT('Origin',(0.,0.,-54.8513603771686));
#2523=CARTESIAN_POINT('',(-35.001177892073,0.,-51.8513603771686));
#2524=CARTESIAN_POINT('Origin',(0.,0.,-51.8513603771687));
#2525=CARTESIAN_POINT('Origin',(97.5,-45.001177892073,-54.8513603771686));
#2526=CARTESIAN_POINT('',(97.5,0.,-54.8513603771686));
#2527=CARTESIAN_POINT('',(97.5,-45.001177892073,-54.8513603771686));
#2528=CARTESIAN_POINT('',(97.5,0.,-54.8513603771686));
#2529=CARTESIAN_POINT('Origin',(84.9999998334691,12.5,-54.8513603771686));
#2530=CARTESIAN_POINT('',(84.9999998334691,12.5,-54.8513603771686));
#2531=CARTESIAN_POINT('',(97.5,12.5,-54.8513603771686));
#2532=CARTESIAN_POINT('',(84.9999998334691,12.5,-54.8513603771686));
#2533=CARTESIAN_POINT('Origin',(85.,0.,-54.8513603771686));
#2534=CARTESIAN_POINT('Origin',(85.,0.,-54.8513603771686));
#2535=CARTESIAN_POINT('Origin',(-27.,-42.001177892073,-42.3513603771686));
#2536=CARTESIAN_POINT('',(-24.,-42.001177892073,-42.3513603771686));
#2537=CARTESIAN_POINT('Origin',(-27.,-42.001177892073,-42.3513603771686));
#2538=CARTESIAN_POINT('',(-25.4,-42.001177892073,-42.3513603771686));
#2539=CARTESIAN_POINT('Origin',(-27.,-42.001177892073,-42.3513603771686));
#2540=CARTESIAN_POINT('Origin',(-27.,-40.001177892073,-42.3513603771686));
#2541=CARTESIAN_POINT('',(-24.,-40.001177892073,-42.3513603771686));
#2542=CARTESIAN_POINT('',(-24.,-40.001177892073,-42.3513603771686));
#2543=CARTESIAN_POINT('',(-25.3416876048223,-40.001177892073,-44.8513603771686));
#2544=CARTESIAN_POINT('Origin',(-27.,-40.001177892073,-42.3513603771686));
#2545=CARTESIAN_POINT('',(-28.6583123951777,-40.001177892073,-44.8513603771686));
#2546=CARTESIAN_POINT('Origin',(-27.,-41.4297493206444,-42.3513603771686));
#2547=CARTESIAN_POINT('',(-28.6583123951777,-40.001177892073,-39.8513603771686));
#2548=CARTESIAN_POINT('Origin',(-27.,-40.001177892073,-42.3513603771686));
#2549=CARTESIAN_POINT('',(-25.3416876048223,-40.001177892073,-39.8513603771686));
#2550=CARTESIAN_POINT('Origin',(-27.,-39.001177892073,-42.3513603771686));
#2551=CARTESIAN_POINT('Origin',(-27.,-40.001177892073,-42.3513603771686));
#2552=CARTESIAN_POINT('Origin',(4.44089209850063E-15,-42.001177892073,-42.3513603771686));
#2553=CARTESIAN_POINT('',(3.,-42.001177892073,-42.3513603771686));
#2554=CARTESIAN_POINT('Origin',(4.44089209850063E-15,-42.001177892073,-42.3513603771686));
#2555=CARTESIAN_POINT('',(1.6,-42.001177892073,-42.3513603771686));
#2556=CARTESIAN_POINT('Origin',(4.44089209850063E-15,-42.001177892073,-42.3513603771686));
#2557=CARTESIAN_POINT('Origin',(4.44089209850063E-15,-40.001177892073,-42.3513603771686));
#2558=CARTESIAN_POINT('',(3.,-40.001177892073,-42.3513603771686));
#2559=CARTESIAN_POINT('',(3.,-40.001177892073,-42.3513603771686));
#2560=CARTESIAN_POINT('',(1.65831239517771,-40.001177892073,-44.8513603771686));
#2561=CARTESIAN_POINT('Origin',(4.44089209850063E-15,-40.001177892073,-42.3513603771686));
#2562=CARTESIAN_POINT('',(-1.6583123951777,-40.001177892073,-44.8513603771686));
#2563=CARTESIAN_POINT('Origin',(4.44089209850063E-15,-41.4297493206444,
-42.3513603771686));
#2564=CARTESIAN_POINT('',(-1.6583123951777,-40.001177892073,-39.8513603771686));
#2565=CARTESIAN_POINT('Origin',(4.44089209850063E-15,-40.001177892073,-42.3513603771686));
#2566=CARTESIAN_POINT('',(1.65831239517771,-40.001177892073,-39.8513603771686));
#2567=CARTESIAN_POINT('Origin',(4.44089209850063E-15,-39.001177892073,-42.3513603771686));
#2568=CARTESIAN_POINT('Origin',(4.44089209850063E-15,-40.001177892073,-42.3513603771686));
#2569=CARTESIAN_POINT('Origin',(27.,-42.001177892073,-42.3513603771686));
#2570=CARTESIAN_POINT('',(30.,-42.001177892073,-42.3513603771686));
#2571=CARTESIAN_POINT('Origin',(27.,-42.001177892073,-42.3513603771686));
#2572=CARTESIAN_POINT('',(28.6,-42.001177892073,-42.3513603771686));
#2573=CARTESIAN_POINT('Origin',(27.,-42.001177892073,-42.3513603771686));
#2574=CARTESIAN_POINT('Origin',(27.,-40.001177892073,-42.3513603771686));
#2575=CARTESIAN_POINT('',(30.,-40.001177892073,-42.3513603771686));
#2576=CARTESIAN_POINT('',(30.,-40.001177892073,-42.3513603771686));
#2577=CARTESIAN_POINT('',(28.6583123951777,-40.001177892073,-44.8513603771686));
#2578=CARTESIAN_POINT('Origin',(27.,-40.001177892073,-42.3513603771686));
#2579=CARTESIAN_POINT('',(25.3416876048223,-40.001177892073,-44.8513603771686));
#2580=CARTESIAN_POINT('Origin',(27.,-41.4297493206444,-42.3513603771686));
#2581=CARTESIAN_POINT('',(25.3416876048223,-40.001177892073,-39.8513603771686));
#2582=CARTESIAN_POINT('Origin',(27.,-40.001177892073,-42.3513603771686));
#2583=CARTESIAN_POINT('',(28.6583123951777,-40.001177892073,-39.8513603771686));
#2584=CARTESIAN_POINT('Origin',(27.,-39.001177892073,-42.3513603771686));
#2585=CARTESIAN_POINT('Origin',(27.,-40.001177892073,-42.3513603771686));
#2586=CARTESIAN_POINT('Origin',(17.5005889460365,-41.001177892073,-37.3513603771686));
#2587=CARTESIAN_POINT('',(-35.001177892073,-40.001177892073,-39.8513603771686));
#2588=CARTESIAN_POINT('',(17.5005889460365,-40.001177892073,-39.8513603771686));
#2589=CARTESIAN_POINT('',(-35.001177892073,-42.001177892073,-34.8513603771686));
#2590=CARTESIAN_POINT('',(-35.001177892073,-35.15626907193,-51.9636324275261));
#2591=CARTESIAN_POINT('',(17.5005889460365,-42.001177892073,-34.8513603771686));
#2592=CARTESIAN_POINT('',(17.5005889460365,-40.001177892073,-39.8513603771686));
#2593=CARTESIAN_POINT('',(17.5005889460365,-40.001177892073,-39.8513603771686));
#2594=CARTESIAN_POINT('',(17.5005889460365,-40.001177892073,-39.8513603771686));
#2595=CARTESIAN_POINT('Origin',(35.001177892073,-40.001177892073,-54.8513603771686));
#2596=CARTESIAN_POINT('',(-35.001177892073,-40.001177892073,-44.8513603771686));
#2597=CARTESIAN_POINT('',(17.5005889460365,-40.001177892073,-44.8513603771686));
#2598=CARTESIAN_POINT('',(-35.001177892073,-40.001177892073,-54.8513603771686));
#2599=CARTESIAN_POINT('Origin',(35.001177892073,-40.001177892073,-54.8513603771686));
#2600=CARTESIAN_POINT('',(17.5005889460365,-40.001177892073,-44.8513603771686));
#2601=CARTESIAN_POINT('Origin',(35.001177892073,-40.001177892073,-54.8513603771686));
#2602=CARTESIAN_POINT('',(17.5005889460365,-40.001177892073,-44.8513603771686));
#2603=CARTESIAN_POINT('Origin',(35.001177892073,-40.001177892073,-54.8513603771686));
#2604=CARTESIAN_POINT('',(17.5005889460365,-40.001177892073,-44.8513603771686));
#2605=CARTESIAN_POINT('Origin',(-27.,-40.001177892073,-42.3513603771686));
#2606=CARTESIAN_POINT('',(-25.4,-45.001177892073,-42.3513603771686));
#2607=CARTESIAN_POINT('',(-25.4,-40.001177892073,-42.3513603771686));
#2608=CARTESIAN_POINT('Origin',(-27.,-45.001177892073,-42.3513603771686));
#2609=CARTESIAN_POINT('Origin',(4.44089209850063E-15,-40.001177892073,-42.3513603771686));
#2610=CARTESIAN_POINT('',(1.6,-45.001177892073,-42.3513603771686));
#2611=CARTESIAN_POINT('',(1.6,-40.001177892073,-42.3513603771686));
#2612=CARTESIAN_POINT('Origin',(4.44089209850063E-15,-45.001177892073,-42.3513603771686));
#2613=CARTESIAN_POINT('Origin',(27.,-40.001177892073,-42.3513603771686));
#2614=CARTESIAN_POINT('',(28.6,-45.001177892073,-42.3513603771686));
#2615=CARTESIAN_POINT('',(28.6,-40.001177892073,-42.3513603771686));
#2616=CARTESIAN_POINT('Origin',(27.,-45.001177892073,-42.3513603771686));
#2617=CARTESIAN_POINT('Origin',(4.44089209850063E-15,-42.501177892073,-34.8513603771686));
#2618=CARTESIAN_POINT('',(-35.001177892073,-45.001177892073,-34.8513603771686));
#2619=CARTESIAN_POINT('',(-35.001177892073,-45.001177892073,-34.8513603771686));
#2620=CARTESIAN_POINT('',(35.001177892073,-45.001177892073,-34.8513603771686));
#2621=CARTESIAN_POINT('Origin',(17.5005889460365,-38.001177892073,-48.3513603771686));
#2622=CARTESIAN_POINT('',(-35.001177892073,-31.9241098438179,-58.9862294616151));
#2623=CARTESIAN_POINT('Origin',(-0.00832917853223381,32.0034500587115,-39.8513603771687));
#2624=CARTESIAN_POINT('',(-1.60832917853223,32.0034500587115,-54.8513603771686));
#2625=CARTESIAN_POINT('',(-1.60832917853223,32.0034500587115,-39.8513603771687));
#2626=CARTESIAN_POINT('Origin',(-0.00832917853222565,32.0034500587115,-54.8513603771686));
#2627=CARTESIAN_POINT('Origin',(-32.0083291785322,0.00345005871150753,-39.8513603771687));
#2628=CARTESIAN_POINT('',(-33.6083291785322,0.00345005871150733,-54.8513603771687));
#2629=CARTESIAN_POINT('',(-33.6083291785322,0.00345005871150772,-39.8513603771687));
#2630=CARTESIAN_POINT('Origin',(-32.0083291785322,0.00345005871150753,-54.8513603771687));
#2631=CARTESIAN_POINT('Origin',(27.7044837425698,-15.9965499412885,-39.8513603771686));
#2632=CARTESIAN_POINT('',(26.3044837425698,-15.9965499412885,-54.8513603771686));
#2633=CARTESIAN_POINT('',(26.3044837425698,-15.9965499412885,-39.8513603771686));
#2634=CARTESIAN_POINT('Origin',(27.7044837425698,-15.9965499412885,-54.8513603771686));
#2635=CARTESIAN_POINT('Origin',(-27.7211420996342,16.0034500587115,-39.8513603771687));
#2636=CARTESIAN_POINT('',(-29.1211420996342,16.0034500587115,-51.8513603771687));
#2637=CARTESIAN_POINT('Origin',(-27.7211420996342,16.0034500587115,-51.8513603771687));
#2638=CARTESIAN_POINT('',(-29.1211420996342,16.0034500587115,-54.8513603771687));
#2639=CARTESIAN_POINT('',(-29.1211420996342,16.0034500587115,-39.8513603771687));
#2640=CARTESIAN_POINT('Origin',(-27.7211420996342,16.0034500587115,-54.8513603771687));
#2641=CARTESIAN_POINT('Origin',(27.7044837425697,16.0034500587115,-39.8513603771686));
#2642=CARTESIAN_POINT('',(26.1044837425698,16.0034500587115,-54.8513603771686));
#2643=CARTESIAN_POINT('',(26.1044837425697,16.0034500587115,-39.8513603771686));
#2644=CARTESIAN_POINT('Origin',(27.7044837425698,16.0034500587115,-54.8513603771686));
#2645=CARTESIAN_POINT('Origin',(15.9916708214678,-27.7093628623904,-39.8513603771686));
#2646=CARTESIAN_POINT('',(14.3916708214678,-27.7093628623904,-54.8513603771686));
#2647=CARTESIAN_POINT('',(14.3916708214678,-27.7093628623904,-39.8513603771686));
#2648=CARTESIAN_POINT('Origin',(15.9916708214678,-27.7093628623904,-54.8513603771686));
#2649=CARTESIAN_POINT('Origin',(-16.0083291785322,27.7162629798135,-39.8513603771687));
#2650=CARTESIAN_POINT('',(-17.6083291785322,27.7162629798135,-54.8513603771687));
#2651=CARTESIAN_POINT('',(-17.6083291785322,27.7162629798135,-39.8513603771687));
#2652=CARTESIAN_POINT('Origin',(-16.0083291785322,27.7162629798135,-54.8513603771687));
#2653=CARTESIAN_POINT('Origin',(-16.0083291785322,-27.7093628623905,-39.8513603771687));
#2654=CARTESIAN_POINT('',(-17.4083291785322,-27.7093628623905,-54.8513603771687));
#2655=CARTESIAN_POINT('',(-17.4083291785322,-27.7093628623905,-39.8513603771687));
#2656=CARTESIAN_POINT('Origin',(-16.0083291785322,-27.7093628623905,-54.8513603771687));
#2657=CARTESIAN_POINT('Origin',(-35.001177892073,0.,-54.8513603771686));
#2658=CARTESIAN_POINT('',(-35.001177892073,-45.001177892073,-54.8513603771686));
#2659=CARTESIAN_POINT('',(-35.001177892073,0.,-54.8513603771686));
#2660=CARTESIAN_POINT('',(-35.001177892073,-45.001177892073,-54.8513603771686));
#2661=CARTESIAN_POINT('Origin',(-35.001177892073,-45.001177892073,-54.8513603771686));
#2662=CARTESIAN_POINT('',(35.001177892073,-45.001177892073,-54.8513603771686));
#2663=CARTESIAN_POINT('Origin',(0.,0.,-51.8513603771687));
#2664=CARTESIAN_POINT('',(-29.3211420996342,16.0034500587115,-51.8513603771687));
#2665=CARTESIAN_POINT('Origin',(-27.7211420996342,16.0034500587115,-51.8513603771687));
#2666=CARTESIAN_POINT('Origin',(0.,0.,-51.8513603771687));
#2667=CARTESIAN_POINT('',(-29.0011781281935,4.44089209850063E-15,-54.8513603771686));
#2668=CARTESIAN_POINT('Origin',(0.,0.,-54.8513603771686));
#2669=CARTESIAN_POINT('',(-29.0011781281935,3.55161999661944E-15,-51.8513603771687));
#2670=CARTESIAN_POINT('Origin',(0.,0.,-51.8513603771687));
#2671=CARTESIAN_POINT('Origin',(0.,0.,-51.8513603771686));
#2672=CARTESIAN_POINT('Origin',(0.,0.,-51.8513603771687));
#2673=CARTESIAN_POINT('Origin',(0.,0.,-54.8513603771686));
#2674=CARTESIAN_POINT('',(14.3916708214677,27.7162629798135,-54.8513603771686));
#2675=CARTESIAN_POINT('Origin',(15.9916708214677,27.7162629798135,-54.8513603771686));
#2676=CARTESIAN_POINT('',(-29.3211420996342,-15.9965499412885,-54.8513603771687));
#2677=CARTESIAN_POINT('Origin',(-27.7211420996342,-15.9965499412885,-54.8513603771687));
#2678=CARTESIAN_POINT('',(-1.60832917853221,-31.9965499412884,-54.8513603771686));
#2679=CARTESIAN_POINT('Origin',(-0.00832917853220875,-31.9965499412884,
-54.8513603771686));
#2680=CARTESIAN_POINT('',(30.3916708214677,0.00345005871152031,-54.8513603771686));
#2681=CARTESIAN_POINT('Origin',(31.9916708214677,0.0034500587115205,-54.8513603771686));
#2682=CARTESIAN_POINT('Origin',(-0.00832917853220963,-31.5024744224799,
-51.8513603771687));
#2683=CARTESIAN_POINT('',(-7.51408148650531,-28.0083989036715,-51.8513603771687));
#2684=CARTESIAN_POINT('',(-0.00832917853222073,0.00345005871152112,-51.8513603771687));
#2685=CARTESIAN_POINT('',(7.49742312944088,-28.0083989036714,-51.8513603771687));
#2686=CARTESIAN_POINT('Origin',(-0.00832917853222073,0.00345005871152112,
-51.8513603771687));
#2687=CARTESIAN_POINT('',(-0.00832917853222073,0.00345005871152112,-51.8513603771687));
#2688=CARTESIAN_POINT('Origin',(-0.00832917853221421,-31.9965499412884,
-44.8513603771687));
#2689=CARTESIAN_POINT('',(-1.60832917853221,-31.9965499412884,-44.8513603771687));
#2690=CARTESIAN_POINT('',(-1.60832917853221,-31.9965499412884,-44.8513603771687));
#2691=CARTESIAN_POINT('Origin',(-0.00832917853221421,-31.9965499412884,
-44.8513603771687));
#2692=CARTESIAN_POINT('Origin',(-0.00832917853222461,0.00345005871152112,
-44.8513603771687));
#2693=CARTESIAN_POINT('',(7.49742312944087,-28.0083989036714,-44.8513603771686));
#2694=CARTESIAN_POINT('',(-7.51408148650531,-28.0083989036715,-44.8513603771687));
#2695=CARTESIAN_POINT('Origin',(-0.00832917853222461,0.00345005871152112,
-44.8513603771687));
#2696=CARTESIAN_POINT('',(7.49742312944087,-28.0083989036714,-44.8513603771686));
#2697=CARTESIAN_POINT('',(-7.51408148650531,-28.0083989036715,-44.8513603771687));
#2698=CARTESIAN_POINT('Origin',(-9.06699575712043,-33.8039538614058,-44.8513603771687));
#2699=CARTESIAN_POINT('',(-9.06699575712043,-33.8039538614058,-44.8513603771687));
#2700=CARTESIAN_POINT('',(-0.00832917853222461,0.00345005871152112,-44.8513603771687));
#2701=CARTESIAN_POINT('',(-9.06699575712043,-33.8039538614058,-44.8513603771687));
#2702=CARTESIAN_POINT('Origin',(-0.00832917853222461,0.00345005871152112,
-44.8513603771687));
#2703=CARTESIAN_POINT('',(9.050337400056,-33.8039538614058,-44.8513603771686));
#2704=CARTESIAN_POINT('Origin',(-0.00832917853222461,0.00345005871152112,
-44.8513603771687));
#2705=CARTESIAN_POINT('',(9.050337400056,-33.8039538614058,-44.8513603771686));
#2706=CARTESIAN_POINT('Origin',(7.49742312944087,-28.0083989036714,-44.8513603771687));
#2707=CARTESIAN_POINT('',(-0.00832917853222462,0.00345005871152112,-44.8513603771687));
#2708=CARTESIAN_POINT('Origin',(-0.00832917853221351,-31.5024744224799,
-44.8513603771687));
#2709=CARTESIAN_POINT('Origin',(-27.7211420996342,-15.9965499412885,-44.8513603771687));
#2710=CARTESIAN_POINT('',(-29.3211420996342,-15.9965499412885,-44.8513603771687));
#2711=CARTESIAN_POINT('',(-29.3211420996342,-15.9965499412885,-44.8513603771687));
#2712=CARTESIAN_POINT('Origin',(-27.7211420996342,-15.9965499412885,-44.8513603771687));
#2713=CARTESIAN_POINT('Origin',(-20.5144258329421,-20.5026465956984,-44.8513603771687));
#2714=CARTESIAN_POINT('',(-20.5144258329421,-20.5026465956984,-44.8513603771687));
#2715=CARTESIAN_POINT('',(-24.7570665200613,-24.7452872828176,-44.8513603771687));
#2716=CARTESIAN_POINT('',(-0.00832917853222461,0.00345005871152112,-44.8513603771687));
#2717=CARTESIAN_POINT('',(-24.7570665200613,-24.7452872828176,-44.8513603771687));
#2718=CARTESIAN_POINT('',(-20.5144258329421,-20.5026465956984,-44.8513603771687));
#2719=CARTESIAN_POINT('Origin',(-0.00832917853222461,0.00345005871152112,
-44.8513603771687));
#2720=CARTESIAN_POINT('',(-28.0201781409152,-7.5023022492616,-44.8513603771687));
#2721=CARTESIAN_POINT('Origin',(-0.00832917853222461,0.00345005871152112,
-44.8513603771687));
#2722=CARTESIAN_POINT('',(-28.0201781409152,-7.5023022492616,-44.8513603771687));
#2723=CARTESIAN_POINT('Origin',(-33.8157330986496,-9.05521651987672,-44.8513603771687));
#2724=CARTESIAN_POINT('',(-33.8157330986496,-9.05521651987672,-44.8513603771687));
#2725=CARTESIAN_POINT('',(-0.00832917853222461,0.00345005871152112,-44.8513603771687));
#2726=CARTESIAN_POINT('',(-33.8157330986496,-9.05521651987672,-44.8513603771687));
#2727=CARTESIAN_POINT('Origin',(-0.00832917853222461,0.00345005871152112,
-44.8513603771687));
#2728=CARTESIAN_POINT('Origin',(-0.00832917853222461,0.00345005871152112,
-44.8513603771687));
#2729=CARTESIAN_POINT('Origin',(-27.1650794657958,-16.1237947660396,-44.8513603771687));
#2730=CARTESIAN_POINT('Origin',(-27.1650794657958,16.1306948834626,-51.8513603771687));
#2731=CARTESIAN_POINT('',(-33.8157330986496,9.06211663729971,-51.8513603771687));
#2732=CARTESIAN_POINT('',(-0.00832917853222017,0.00345005871152112,-51.8513603771687));
#2733=CARTESIAN_POINT('',(-24.7570665200614,24.7521874002407,-51.8513603771687));
#2734=CARTESIAN_POINT('Origin',(-0.00832917853222017,0.00345005871152112,
-51.8513603771687));
#2735=CARTESIAN_POINT('',(-0.00832917853222017,0.00345005871152112,-51.8513603771687));
#2736=CARTESIAN_POINT('Origin',(-27.7211420996342,16.0034500587115,-44.8513603771687));
#2737=CARTESIAN_POINT('',(-29.3211420996342,16.0034500587115,-44.8513603771687));
#2738=CARTESIAN_POINT('',(-29.3211420996342,16.0034500587115,-44.8513603771687));
#2739=CARTESIAN_POINT('Origin',(-27.7211420996342,16.0034500587115,-44.8513603771687));
#2740=CARTESIAN_POINT('Origin',(-28.0201781409152,7.5092023666846,-44.8513603771687));
#2741=CARTESIAN_POINT('',(-28.0201781409152,7.5092023666846,-44.8513603771687));
#2742=CARTESIAN_POINT('',(-33.8157330986496,9.06211663729971,-44.8513603771687));
#2743=CARTESIAN_POINT('',(-0.00832917853222461,0.00345005871152112,-44.8513603771687));
#2744=CARTESIAN_POINT('',(-33.8157330986496,9.06211663729971,-44.8513603771687));
#2745=CARTESIAN_POINT('',(-28.0201781409152,7.5092023666846,-44.8513603771687));
#2746=CARTESIAN_POINT('Origin',(-0.00832917853222461,0.00345005871152112,
-44.8513603771687));
#2747=CARTESIAN_POINT('',(-20.5144258329421,20.5095467131214,-44.8513603771687));
#2748=CARTESIAN_POINT('Origin',(-0.00832917853222461,0.00345005871152112,
-44.8513603771687));
#2749=CARTESIAN_POINT('',(-20.5144258329421,20.5095467131214,-44.8513603771687));
#2750=CARTESIAN_POINT('Origin',(-24.7570665200614,24.7521874002407,-44.8513603771687));
#2751=CARTESIAN_POINT('',(-24.7570665200614,24.7521874002407,-44.8513603771687));
#2752=CARTESIAN_POINT('',(-0.00832917853222461,0.00345005871152112,-44.8513603771687));
#2753=CARTESIAN_POINT('',(-24.7570665200614,24.7521874002407,-44.8513603771687));
#2754=CARTESIAN_POINT('Origin',(-0.00832917853222461,0.00345005871152112,
-44.8513603771687));
#2755=CARTESIAN_POINT('Origin',(-0.00832917853222461,0.00345005871152112,
-44.8513603771687));
#2756=CARTESIAN_POINT('Origin',(-27.1650794657958,16.1306948834626,-44.8513603771687));
#2757=CARTESIAN_POINT('Origin',(31.4975953026592,0.00345005871152556,-51.8513603771686));
#2758=CARTESIAN_POINT('',(28.0035197838507,-7.50230224926157,-51.8513603771687));
#2759=CARTESIAN_POINT('',(-0.00832917853222018,0.00345005871152112,-51.8513603771687));
#2760=CARTESIAN_POINT('',(28.0035197838507,7.50920236668462,-51.8513603771687));
#2761=CARTESIAN_POINT('Origin',(-0.00832917853222017,0.00345005871152112,
-51.8513603771687));
#2762=CARTESIAN_POINT('',(-0.00832917853222017,0.00345005871152112,-51.8513603771687));
#2763=CARTESIAN_POINT('Origin',(31.9916708214677,0.0034500587115205,-44.8513603771686));
#2764=CARTESIAN_POINT('',(30.3916708214677,0.0034500587115207,-44.8513603771686));
#2765=CARTESIAN_POINT('',(30.3916708214677,0.0034500587115207,-44.8513603771686));
#2766=CARTESIAN_POINT('Origin',(31.9916708214677,0.0034500587115205,-44.8513603771686));
#2767=CARTESIAN_POINT('Origin',(-0.00832917853222461,0.00345005871152112,
-44.8513603771687));
#2768=CARTESIAN_POINT('',(28.0035197838507,7.50920236668462,-44.8513603771686));
#2769=CARTESIAN_POINT('',(28.0035197838507,-7.50230224926157,-44.8513603771686));
#2770=CARTESIAN_POINT('Origin',(-0.00832917853222461,0.00345005871152112,
-44.8513603771687));
#2771=CARTESIAN_POINT('',(28.0035197838507,7.50920236668462,-44.8513603771686));
#2772=CARTESIAN_POINT('',(28.0035197838507,-7.50230224926157,-44.8513603771686));
#2773=CARTESIAN_POINT('Origin',(33.7990747415851,-9.05521651987669,-44.8513603771686));
#2774=CARTESIAN_POINT('',(33.7990747415851,-9.05521651987669,-44.8513603771686));
#2775=CARTESIAN_POINT('',(-0.00832917853222462,0.00345005871152112,-44.8513603771687));
#2776=CARTESIAN_POINT('',(33.7990747415851,-9.05521651987669,-44.8513603771686));
#2777=CARTESIAN_POINT('Origin',(-0.00832917853222461,0.00345005871152112,
-44.8513603771687));
#2778=CARTESIAN_POINT('',(33.7990747415851,9.06211663729975,-44.8513603771686));
#2779=CARTESIAN_POINT('Origin',(-0.00832917853222461,0.00345005871152112,
-44.8513603771687));
#2780=CARTESIAN_POINT('',(33.7990747415851,9.06211663729975,-44.8513603771686));
#2781=CARTESIAN_POINT('Origin',(28.0035197838507,7.50920236668462,-44.8513603771686));
#2782=CARTESIAN_POINT('',(-0.00832917853222461,0.00345005871152112,-44.8513603771687));
#2783=CARTESIAN_POINT('Origin',(31.4975953026592,0.00345005871152556,-44.8513603771686));
#2784=CARTESIAN_POINT('Origin',(16.1189156462189,27.1602003459751,-51.8513603771687));
#2785=CARTESIAN_POINT('',(20.4977674758776,20.5095467131214,-51.8513603771687));
#2786=CARTESIAN_POINT('',(-0.00832917853222239,0.00345005871152112,-51.8513603771687));
#2787=CARTESIAN_POINT('Origin',(-0.00832917853222239,0.00345005871152112,
-51.8513603771687));
#2788=CARTESIAN_POINT('Origin',(15.9916708214677,27.7162629798135,-44.8513603771686));
#2789=CARTESIAN_POINT('',(14.3916708214677,27.7162629798135,-44.8513603771686));
#2790=CARTESIAN_POINT('',(14.3916708214677,27.7162629798135,-44.8513603771686));
#2791=CARTESIAN_POINT('Origin',(15.9916708214677,27.7162629798135,-44.8513603771686));
#2792=CARTESIAN_POINT('Origin',(7.49742312944086,28.0152990210944,-44.8513603771687));
#2793=CARTESIAN_POINT('',(7.49742312944086,28.0152990210944,-44.8513603771686));
#2794=CARTESIAN_POINT('',(9.05033740005599,33.8108539788289,-44.8513603771686));
#2795=CARTESIAN_POINT('',(-0.00832917853222461,0.00345005871152112,-44.8513603771687));
#2796=CARTESIAN_POINT('',(9.05033740005599,33.8108539788289,-44.8513603771686));
#2797=CARTESIAN_POINT('',(7.49742312944086,28.0152990210944,-44.8513603771686));
#2798=CARTESIAN_POINT('Origin',(-0.00832917853222461,0.00345005871152112,
-44.8513603771687));
#2799=CARTESIAN_POINT('',(20.4977674758776,20.5095467131214,-44.8513603771686));
#2800=CARTESIAN_POINT('Origin',(-0.00832917853222461,0.00345005871152112,
-44.8513603771687));
#2801=CARTESIAN_POINT('',(20.4977674758776,20.5095467131214,-44.8513603771686));
#2802=CARTESIAN_POINT('Origin',(24.7404081629969,24.7521874002407,-44.8513603771686));
#2803=CARTESIAN_POINT('',(24.7404081629969,24.7521874002407,-44.8513603771686));
#2804=CARTESIAN_POINT('',(-0.00832917853222461,0.00345005871152112,-44.8513603771687));
#2805=CARTESIAN_POINT('',(24.7404081629969,24.7521874002407,-44.8513603771686));
#2806=CARTESIAN_POINT('Origin',(-0.00832917853222461,0.00345005871152112,
-44.8513603771687));
#2807=CARTESIAN_POINT('Origin',(-0.00832917853222461,0.00345005871152112,
-44.8513603771687));
#2808=CARTESIAN_POINT('Origin',(16.1189156462189,27.1602003459751,-44.8513603771686));
#2809=UNCERTAINTY_MEASURE_WITH_UNIT(LENGTH_MEASURE(0.01),#2813,
'DISTANCE_ACCURACY_VALUE',
'Maximum model space distance between geometric entities at asserted c
onnectivities');
#2810=UNCERTAINTY_MEASURE_WITH_UNIT(LENGTH_MEASURE(0.01),#2813,
'DISTANCE_ACCURACY_VALUE',
'Maximum model space distance between geometric entities at asserted c
onnectivities');
#2811=(
GEOMETRIC_REPRESENTATION_CONTEXT(3)
GLOBAL_UNCERTAINTY_ASSIGNED_CONTEXT((#2809))
GLOBAL_UNIT_ASSIGNED_CONTEXT((#2813,#2814,#2815))
REPRESENTATION_CONTEXT('','3D')
);
#2812=(
GEOMETRIC_REPRESENTATION_CONTEXT(3)
GLOBAL_UNCERTAINTY_ASSIGNED_CONTEXT((#2810))
GLOBAL_UNIT_ASSIGNED_CONTEXT((#2813,#2814,#2815))
REPRESENTATION_CONTEXT('','3D')
);
#2813=(
LENGTH_UNIT()
NAMED_UNIT(*)
SI_UNIT(.MILLI.,.METRE.)
);
#2814=(
NAMED_UNIT(*)
PLANE_ANGLE_UNIT()
SI_UNIT($,.RADIAN.)
);
#2815=(
NAMED_UNIT(*)
SI_UNIT($,.STERADIAN.)
SOLID_ANGLE_UNIT()
);
#2816=SHAPE_DEFINITION_REPRESENTATION(#2817,#2818);
#2817=PRODUCT_DEFINITION_SHAPE('',$,#2820);
#2818=SHAPE_REPRESENTATION('',(#1645),#2811);
#2819=PRODUCT_DEFINITION_CONTEXT('part definition',#2824,'design');
#2820=PRODUCT_DEFINITION('POC','POC v17',#2821,#2819);
#2821=PRODUCT_DEFINITION_FORMATION('',$,#2826);
#2822=PRODUCT_RELATED_PRODUCT_CATEGORY('POC v17','POC v17',(#2826));
#2823=APPLICATION_PROTOCOL_DEFINITION('international standard',
'automotive_design',2009,#2824);
#2824=APPLICATION_CONTEXT(
'Core Data for Automotive Mechanical Design Process');
#2825=PRODUCT_CONTEXT('part definition',#2824,'mechanical');
#2826=PRODUCT('POC','POC v17',$,(#2825));
#2827=PRESENTATION_STYLE_ASSIGNMENT((#2828));
#2828=SURFACE_STYLE_USAGE(.BOTH.,#2829);
#2829=SURFACE_SIDE_STYLE('',(#2830));
#2830=SURFACE_STYLE_FILL_AREA(#2831);
#2831=FILL_AREA_STYLE('Steel - Satin',(#2832));
#2832=FILL_AREA_STYLE_COLOUR('Steel - Satin',#2833);
#2833=COLOUR_RGB('Steel - Satin',0.627450980392157,0.627450980392157,0.627450980392157);
ENDSEC;
END-ISO-10303-21;
